cand,job,rel,S_skills,S_experience,S_education,S_keyword,S_semantic,full,abl_S_skills,abl_S_experience,abl_S_education,abl_S_keyword,abl_S_semantic
0,AI Engineer,1,37.5,100.0,100.0,14.36996450845359,58.48708724975586,59.05355776373142,70.65931963650988,48.81694720466428,51.82771501615461,66.93889774995692,59.15352314855064
0,Cloud Engineer,0,33.33333333333333,100.0,100.0,2.114514006908555,57.00629806518555,55.53478847748078,67.48941817048325,44.41848559685098,47.68798644409504,64.96189573699353,55.27511031494465
0,Data Scientist,0,50.0,100.0,70.0,6.6671888595334545,49.46245574951172,56.419446691356775,59.876071832856574,45.524308364195974,54.02287846041974,65.19925689697266,57.64715097521179
0,Software Engineer,0,42.857142857142854,100.0,100.0,1.9791846017151244,48.99750900268555,57.6465040406601,65.61000621640015,47.05813005082513,50.17235769489423,67.47014864753274,59.17279728265561
0,Web Developer,0,0.0,100.0,100.0,2.0797094545800356,50.817195892333984,42.9345358020371,66.053132003134,28.668169752546383,32.86415976710248,50.144211039823645,41.543478139043536
1,AI Engineer,1,37.5,8.333333333333332,100.0,13.141216327862256,61.91351318359375,41.049876093385066,42.96134783597702,49.22901178339801,30.646913051041256,45.974933699065566,37.36805778334824
1,Cloud Engineer,0,50.0,8.333333333333332,100.0,3.069352720989759,57.09184265136719,43.190845972520215,39.52437841926186,51.90522413231693,33.16570114414142,50.271109487496176,40.73772891154722
1,Data Scientist,0,25.0,8.333333333333332,70.0,5.540572497068278,45.608272552490234,28.58899342410044,30.521528344769912,33.652908446792225,21.281168734235816,32.65636182298847,25.58559122497283
1,Software Engineer,0,28.57142857142857,12.5,100.0,1.1678584223284338,46.02750778198242,34.57930493064663,37.81431527791789,40.099131163308286,23.034476388996033,40.4754425497616,32.55903383923443
1,Web Developer,0,14.285714285714285,12.5,100.0,2.5625424632749487,45.412593841552734,29.69627044572415,37.994262224191,33.99533805715519,17.28972993614606,34.484575383803424,26.922801611166165
2,AI Engineer,1,37.5,100.0,100.0,6.131710019462703,55.13912582397461,57.3156253765156,67.9855775023317,46.6445317206445,49.78308867825365,66.34808102776023,57.69971353284636
2,Cloud Engineer,0,33.33333333333333,100.0,100.0,1.9374865667865362,48.312015533447266,54.20409198170174,65.44219279236165,42.75511497712718,46.122461154943224,63.42761058433383,55.243870178452525
2,Data Scientist,0,50.0,100.0,100.0,1.363225605078968,37.11859130859375,58.27227253705091,62.726573133924475,47.84034067131364,50.908555925942245,68.31504552504596,62.00527510677864
2,Software Engineer,0,57.14285714285714,100.0,100.0,2.8395081873880224,42.39124298095703,61.78461267525176,64.28401950038732,52.2307658440647,55.040720794413836,72.18668993781594,65.20697203306848
2,Web Developer,0,0.0,100.0,100.0,2.2185276204751267,41.950069427490234,41.625289557194805,64.03890701106893,27.03161194649351,31.323870067288006,48.579424016615924,41.56797546243679
3,AI Engineer,1,37.5,100.0,100.0,15.739064263071972,57.56944274902344,59.12127605181431,70.76350161817587,48.901595064767896,51.90738359036978,66.77696048512178,59.39512898760094
3,Cloud Engineer,0,33.33333333333333,100.0,100.0,3.773825864506269,54.6417236328125,55.42899909126448,67.32666526861202,44.286248864080605,47.56352834266409,64.54461789598652,55.567930054520716
3,Data Scientist,0,50.0,100.0,100.0,9.789223383788714,54.45949935913086,62.137308411437935,68.67278217144298,52.67163551429742,55.455656954632865,71.37520576925839,63.49221589125683
3,Software Engineer,0,57.14285714285714,100.0,100.0,3.0086752594069686,43.178096771240234,61.92801580459708,64.50463969938012,52.410019755746355,55.20943035834951,72.3255464890424,65.2368250457777
3,Web Developer,0,0.0,100.0,100.0,0.08452995682709419,35.62236404418945,40.35603410015248,62.086206307926886,25.445042625190602,29.830628353120566,47.462770125445196,41.19138763944007
4,AI Engineer,1,37.5,8.333333333333332,100.0,7.925146711236651,57.181190490722656,39.55761724696056,40.66556499532394,47.363688225367376,28.891314408188897,45.13981792973537,36.44757490982607
4,Cloud Engineer,0,33.33333333333333,8.333333333333332,100.0,3.9205137734703244,49.66146469116211,36.37063010302819,38.006097594402355,43.379954295451924,25.141917768268467,42.097121220008994,34.02518870512221
4,Data Scientist,0,50.0,8.333333333333332,70.0,2.1235907074299636,50.031639099121094,37.48995113764933,30.753770980998958,44.77910558872833,31.752883691352146,43.73107356651157,35.276712085624894
4,Software Engineer,0,42.857142857142854,12.5,100.0,3.737889688692392,45.1413688659668,39.83188878319888,38.202905820305965,46.664860978998604,29.213986803763387,46.20141803517061,38.89492170976925
4,Web Developer,0,14.285714285714285,12.5,100.0,0.7806761447473073,43.1444091796875,29.088762798665222,37.05963507486957,33.23595349833153,16.5750150572532,34.0843075022978,26.60835461377894
5,AI Engineer,1,37.5,100.0,100.0,13.164081299412283,59.349609375,59.00205360116184,70.58008246332591,48.752567001452306,51.76712188371982,67.09110753676471,58.94072022930805
5,Cloud Engineer,0,33.33333333333333,100.0,100.0,3.1698015981042578,55.61194610595703,55.48392882227586,67.41117254709107,44.35491102784483,47.62815155561866,64.71583362654144,55.46133753692036
5,Data Scientist,0,50.0,100.0,100.0,6.722869739429329,57.47908401489258,62.13029306314829,68.66198932792044,52.662866328935365,55.44740360370387,71.90807364968693,62.95109465989929
5,Software Engineer,0,42.857142857142854,100.0,100.0,2.3029673902502603,47.92266082763672,57.533844232683045,65.43668343489699,46.91730529085381,50.039816744332995,67.28046955781824,59.229935421808875
5,Web Developer,0,0.0,100.0,100.0,1.87555014426634,45.22693634033203,42.06537297268976,64.7159584195227,27.5817162158622,31.841615261987947,49.15769464829389,41.50745002545877
6,AI Engineer,1,12.5,100.0,100.0,15.208905104428167,57.569358825683594,50.291739589516766,70.6411378300258,37.86467448689596,41.519693634725606,56.48282802806182,49.00745384195791
6,Cloud Engineer,0,16.666666666666664,100.0,100.0,2.4084461300641404,50.57600021362305,48.78100028488641,66.07333377162013,35.97625035610802,39.74235327633696,56.96439219456093,48.46423559157994
6,Data Scientist,0,25.0,100.0,100.0,5.370890950521878,41.51047897338867,50.78220548858658,64.66493152090243,38.47775686073323,42.09671233951363,58.795966877656824,52.41839252068033
6,Software Engineer,0,28.57142857142857,100.0,100.0,1.1159712888620974,37.805824279785156,50.838269335297085,62.82810666968782,38.54783666912137,42.16266980623187,59.612792519962085,53.13811258038743
6,Web Developer,0,14.285714285714285,100.0,100.0,0.686468147751223,43.18284225463867,46.58039656035848,63.96984086208997,33.22549570044811,37.153407718068806,54.679325103759766,47.179964967250214
7,AI Engineer,1,37.5,100.0,100.0,7.147526616291902,60.39276123046875,58.2560431770141,69.43237411848322,47.820053971267626,50.889462561193056,67.27519315831802,57.87897528522799
7,Cloud Engineer,0,50.0,100.0,100.0,4.016366252744755,54.8959846496582,61.336852635360444,67.44131174670838,51.67106579420056,54.51394427689464,71.4522325852338,62.473476397543195
7,Data Scientist,0,25.0,100.0,70.0,1.535603732847264,37.817169189453125,45.15291593834506,56.0044860589924,31.441144922931322,40.76813639805302,52.85008868049173,46.44745948226717
7,Software Engineer,0,28.57142857142857,100.0,100.0,2.1155382553569213,42.595130920410156,51.70660037636506,64.16400057902317,39.63325047045633,43.18423573690007,60.45796428007238,53.31450675094534
7,Web Developer,0,14.285714285714285,100.0,100.0,0.8708690550193866,42.720741271972656,46.53874154904881,63.90575622930586,33.17342693631101,37.10440182241037,54.59777787152459,47.21250630382695
8,AI Engineer,1,25.0,60.0,100.0,5.698414788074532,58.26747512817383,45.34488348743725,56.29982074990346,41.68110435929657,35.69986292639677,52.341319140265966,43.064426139071976
8,Cloud Engineer,0,16.666666666666664,60.0,100.0,1.4888584388237665,52.021087646484375,40.85982524612955,53.886910635071104,36.07478155766194,30.423323818975945,47.80764291800704,38.890190704890465
8,Data Scientist,0,50.0,60.0,70.0,1.3604732160345316,48.72862243652344,47.513364347883694,46.174406689051835,44.39170543485462,43.54513452692199,55.65799219468061,47.29890703812374
8,Software Engineer,0,42.857142857142854,100.0,100.0,2.0880470145294554,53.22346115112305,58.29672622484787,66.6103480382275,47.87090778105985,50.937324970409264,68.21590490902172,59.192008296681664
8,Web Developer,0,14.285714285714285,100.0,100.0,2.9250508646885893,61.205589294433594,49.619596023868326,68.6455323444128,37.02449502983541,40.72893649866862,57.85980987548828,47.57500897612152
9,AI Engineer,1,37.5,8.333333333333332,100.0,8.318310528305748,62.670536041259766,40.43999365210149,42.023067157079225,48.46665873179354,29.929404296589993,46.10852596806545,36.51695675989709
9,Cloud Engineer,0,50.0,8.333333333333332,100.0,4.882823576911592,66.12548065185547,44.817912300981725,42.02755738612573,53.93905704289382,35.07989682468438,51.86528089934705,41.0577531802393
9,Data Scientist,0,25.0,8.333333333333332,100.0,4.580526239106461,53.92599868774414,34.19264540569425,39.142531393375776,40.657473423784495,22.57958283022854,39.418313493915626,30.71028894415604
9,Software Engineer,0,42.857142857142854,12.5,100.0,2.5884378499786442,51.424171447753906,40.60189139465988,39.38752522255366,47.627364243324855,30.11987222901163,47.310147902544806,38.69207726764329
9,Web Developer,0,0.0,12.5,100.0,0.09364409536155074,45.149105072021484,24.286412375107453,37.36371134631916,27.23301546888432,10.925191029538185,28.55572442447438,20.60476072271086
10,AI Engineer,1,37.5,60.0,100.0,14.571990524483672,61.02200698852539,51.46409962695136,58.98323019530978,49.3301245336892,42.89894073758983,57.97447182150448,49.77741009255595
10,Cloud Engineer,0,33.33333333333333,60.0,100.0,2.9969396866302773,54.944557189941406,47.357891198152416,54.90957620228577,44.19736399769052,38.06810729194402,55.18629440606809,46.01906778783671
10,Data Scientist,0,50.0,60.0,70.0,7.314494285536101,51.91373825073242,48.88423488044028,48.283438277600425,46.10529360055035,45.15792338875327,56.2200714560116,48.34961663862402
10,Software Engineer,0,57.14285714285714,100.0,100.0,3.192941130231961,47.29557800292969,62.57327786997425,65.49735056919116,53.21659733746782,55.9685621999697,73.05216082404642,65.26934255239388
10,Web Developer,0,14.285714285714285,100.0,100.0,0.7450102306429529,50.24192428588867,47.64804017747974,65.61236950381499,34.56005022184968,38.40945903232911,55.92504546221565,47.19029592305464
11,AI Engineer,1,25.0,100.0,100.0,9.803336929616853,58.2415885925293,53.95673882832192,69.5488289666491,42.44592353540241,45.83145744508462,61.74851563397576,53.20058886993238
11,Cloud Engineer,0,16.666666666666664,100.0,100.0,2.587766447333418,59.171546936035156,50.097230340838614,68.09830308846966,37.621537926048276,41.290859224516026,58.48125338086895,48.495880353450985
11,Data Scientist,0,25.0,100.0,100.0,4.741153424806707,50.62704086303711,52.055229143176575,66.62342945104088,40.06903642897072,43.59438722726656,60.40477191700655,52.30726236908354
11,Software Engineer,0,42.857142857142854,100.0,100.0,2.7974866643958487,48.38718795776367,57.67770119332393,65.65800183588296,47.09712649165491,50.20906022743991,67.362444933723,59.31720352901103
11,Web Developer,0,0.0,100.0,100.0,0.09137566831990679,44.61055374145508,41.70528941146625,64.16198370994807,27.13161176433281,31.417987542901468,49.04892124849207,41.1925957061741
12,AI Engineer,1,50.0,100.0,100.0,8.436357431190924,60.49327850341797,62.83944539019134,69.75299290798667,53.54930673773917,56.281700459048636,72.43999032413258,63.253474840798404
12,Cloud Engineer,0,50.0,100.0,100.0,4.4046768773815925,58.623661041259766,61.954250687796204,68.39115490430186,52.44281335974526,55.24029492681907,72.11005783081055,62.54200180189087
12,Data Scientist,0,50.0,100.0,70.0,2.150276286143892,45.36664962768555,55.127538887074415,57.88852136472987,43.90942360884302,52.5029869259699,64.47646758135627,56.850048756378335
12,Software Engineer,0,42.857142857142854,100.0,100.0,2.6771426158352596,46.82289505004883,57.425005649882614,65.26923946135787,46.78125706235327,49.91177135280308,67.08639324412627,59.29596634397093
12,Web Developer,0,14.285714285714285,100.0,100.0,0.7904863189196899,44.20698165893555,46.749620196678286,64.2301849179666,33.43702524584786,37.35249434903328,54.86005558687098,47.198321115103475
13,AI Engineer,1,50.0,60.0,100.0,19.99307651888634,62.06320571899414,56.808442335682074,60.47452667028011,56.010552919602596,49.186402747861266,63.305271597469556,55.88113115039171
13,Cloud Engineer,0,50.0,60.0,100.0,3.1932698850032053,55.39614486694336,53.28841221279198,55.059095711987666,51.61051526598998,45.045190838578804,62.128731447107654,52.91645939147116
13,Data Scientist,0,50.0,60.0,100.0,12.44504587181618,57.65019226074219,55.01428571988376,57.71428572289809,53.767857149854706,47.07563025868678,62.52650451660157,54.54912574208521
13,Software Engineer,0,42.857142857142854,100.0,100.0,2.5160020767196167,47.80144500732422,57.54761706260658,65.45787240401012,46.93452132825823,50.0560200736548,67.25907853070427,59.267529778244636
13,Web Developer,0,14.285714285714285,100.0,100.0,0.7429059655829598,45.80044937133789,46.98150330053812,64.58692815467403,33.72687912567267,37.625298000633094,55.14125577141257,47.189924582161694
14,AI Engineer,1,25.0,100.0,100.0,6.755496750695192,62.272705078125,54.10423027432303,69.7757388835739,42.63028784290379,46.00497679332121,62.459889131433826,52.662734720710915
14,Cloud Engineer,0,16.666666666666664,100.0,100.0,2.3065201411352323,56.85532760620117,49.707610495433784,67.498887941693,37.134513119292244,40.832482935804464,58.07250879325118,48.44624865235719
14,Data Scientist,0,25.0,100.0,100.0,1.7838310774823631,51.39982223510742,51.72754799688847,66.11930461059764,39.65943499611059,43.20887999633938,60.541145100313074,51.78538195484983
14,Software Engineer,0,28.57142857142857,100.0,100.0,2.3242828850747164,54.62077713012695,53.54175900228025,66.98732154196962,41.927198752850316,45.34324588503559,62.58013714061064,53.3513440385426
14,Web Developer,0,0.0,100.0,100.0,2.3034126281784735,49.642208099365234,42.79184310913156,65.83360478327933,28.489803886414446,32.69628601074301,49.93686025282916,41.58295516967856
15,AI Engineer,1,25.0,8.333333333333332,100.0,5.2109879723435055,58.02137756347656,34.901521497039674,40.23310999544566,41.543568537966266,23.41355470239962,40.14102741316253,30.82154689708022
15,Cloud Engineer,0,33.33333333333333,8.333333333333332,100.0,1.6835043200678572,50.7817497253418,36.20312144014478,37.74839195919709,43.17056846684765,24.944848753111504,42.29481857898188,33.63042233099236
15,Data Scientist,0,25.0,8.333333333333332,70.0,0.5997666540576805,36.7105827331543,26.51321907474846,27.328029345766865,31.058190510102246,18.839081264409955,31.08618126663507,24.713684311500373
15,Software Engineer,0,14.285714285714285,12.5,100.0,0.6001320093056377,43.274410247802734,29.081181338566257,37.047971290101934,33.22647667320783,16.56609569243089,34.10724886725931,26.576493883995116
15,Web Developer,0,14.285714285714285,12.5,100.0,2.988754022344997,50.588661193847656,30.536612282428898,39.28709581912138,35.045765353036124,18.27836739109282,35.39799903420841,26.998015415707943
16,AI Engineer,1,37.5,60.0,100.0,14.01957542093075,54.70063018798828,50.43303084133785,57.39697052513516,48.041288551672324,41.68591863686807,56.858934739056764,49.679925074281904
16,Cloud Engineer,0,33.33333333333333,60.0,100.0,3.0901269764206716,52.879024505615234,47.062039388972046,54.45441957277752,43.82754923621507,37.72004633996712,54.82178863824582,46.03551260368207
16,Data Scientist,0,50.0,60.0,70.0,6.621769344147641,49.23561096191406,48.378607045909256,47.50554930139885,45.47325880738657,44.56306711283442,55.74746075798483,48.22737106073194
16,Software Engineer,0,28.57142857142857,100.0,100.0,1.269993001333421,39.70634460449219,51.146450640873844,63.302231755190526,38.933063301092304,42.52523604808687,59.94817845961627,53.165292882588254
16,Web Developer,0,14.285714285714285,100.0,100.0,0.7541155672361682,43.44453048706055,46.629796908144506,64.0458413971454,33.28724613518064,37.21152577428766,54.72550538006951,47.191902747159325
17,AI Engineer,1,12.5,100.0,100.0,13.870123669399634,56.557899475097656,49.939203471674595,70.09877457180707,37.424004339593246,41.10494526079364,56.304335201487824,48.77119829459994
17,Cloud Engineer,0,16.666666666666664,100.0,100.0,3.900297122976911,57.52881622314453,50.04770033525154,68.02210307987417,37.55962541906444,41.232588629707706,58.19135972565295,48.72750341385866
17,Data Scientist,0,0.0,100.0,100.0,6.347651226465293,40.799705505371094,42.07210350977545,64.72631309196223,27.590129387219328,31.849533540912304,48.3764186185949,42.29664433408211
17,Software Engineer,0,28.57142857142857,100.0,100.0,2.0965924921122125,39.700721740722656,51.269597134925235,63.49168789988497,39.08699641865654,42.67011427638262,59.947186189539295,53.311163380960984
17,Web Developer,0,0.0,100.0,100.0,0.09250986457941009,38.96113204956055,40.858046287121,62.858532749416916,26.072557858901245,30.4212309260247,48.05196447933422,41.19279585845519
18,AI Engineer,1,25.0,100.0,100.0,13.916081686801599,57.99494552612305,54.53665408193869,70.44100627990568,43.17081760242337,46.51371068463376,61.7049903869629,53.9263673564944
18,Cloud Engineer,0,33.33333333333333,100.0,100.0,3.004322082007606,55.53544616699219,55.44763190401663,67.35533113438456,44.30953988002079,47.585449298843095,64.70233363731235,55.43213526937389
18,Data Scientist,0,25.0,100.0,70.0,6.617860402987512,45.32240676879883,47.04104007576795,58.90929242425839,33.80130009470994,42.989458912668184,54.1745423709645,47.34432830640956
18,Software Engineer,0,42.857142857142854,100.0,100.0,3.549822111236002,47.6156005859375,57.67481340457602,65.6535590839631,47.09351675572004,50.20566282891297,67.2262824563419,59.44996860786517
18,Web Developer,0,14.285714285714285,100.0,100.0,2.7025460099937773,54.93634796142578,48.645834095712935,67.14743707032758,35.807292619641174,39.583334230250514,56.75347316966337,47.535743413528316
19,AI Engineer,1,12.5,60.0,100.0,16.12519219324615,60.04252624511719,42.8001577657545,59.11562733192999,38.500197207193125,32.70606795971118,47.507504631491265,39.75738685763167
19,Cloud Engineer,0,16.666666666666664,60.0,100.0,1.8984370387396834,58.432090759277344,41.88291250303588,55.46089103031162,37.353640628794864,31.626955885924573,48.938996408499925,38.96246928134621
19,Data Scientist,0,0.0,60.0,70.0,10.5182189250322,58.039730072021484,32.78369234955805,50.43644976855085,25.97961543694757,26.216108646538885,36.712893542121435,28.326744516182153
19,Software Engineer,0,14.285714285714285,100.0,100.0,1.2503175909168927,55.29060363769531,48.48113818429183,66.89405874506436,35.60142273036479,39.389574334460974,56.81598887724035,47.279467810161805
19,Web Developer,0,0.0,100.0,100.0,1.8958793252429478,51.852996826171875,43.06233142271222,66.24974065032649,28.82791427839028,33.01450755613203,50.32699943991269,41.51103752798405
20,AI Engineer,1,25.0,8.333333333333332,100.0,18.5795208602623,61.29716491699219,37.39816953325484,44.07410697423822,44.66437858323522,26.350787686182162,40.71910753437117,33.18069975965413
20,Cloud Engineer,0,33.33333333333333,8.333333333333332,100.0,1.6755341169284645,43.4718132019043,35.10543543115824,36.05964425306397,41.79846095561447,23.653453448421466,41.00482978072821,33.629015824556
20,Data Scientist,0,25.0,8.333333333333332,100.0,6.307116270568574,36.357120513916016,31.81630218433935,35.48661874513747,37.68704439709086,19.783884922752186,36.31792322794596,31.014981302649353
20,Software Engineer,0,42.857142857142854,12.5,100.0,2.0541956611793117,38.5711555480957,38.59380268139125,36.298157971371154,45.11725335173907,27.75741491928383,45.04196862613454,38.59779923432576
20,Web Developer,0,14.285714285714285,12.5,100.0,0.8061296466069768,38.02217102050781,28.324245100067216,35.883454000103406,32.280306375084024,15.675582470667313,33.18038312126608,26.61284640822476
21,AI Engineer,1,25.0,100.0,100.0,6.454245293904104,58.04465866088867,53.424835593218916,68.73051629725987,41.781044491523645,45.20568893319872,61.713763293098,52.609572698924254
21,Cloud Engineer,0,16.666666666666664,100.0,100.0,2.2036642626887697,53.80634689331055,49.23483500673323,66.77154103599985,36.54354375841654,40.27627647850968,57.53445337332931,48.42809761498429
21,Data Scientist,0,25.0,100.0,100.0,1.7042837502328192,52.75607681274414,51.91905408444654,66.41392936068699,39.89881760555818,43.43418127581946,60.78048414342544,51.77134419121756
21,Software Engineer,0,28.57142857142857,100.0,100.0,2.2206349031478063,48.88025665283203,52.66513373339698,65.6386672821492,40.83141716674623,44.311922039290565,61.56710411520566,53.33305321820256
21,Web Developer,0,0.0,100.0,100.0,2.2006953247087697,45.28987503051758,42.12358555328395,64.80551623582146,27.654481941604942,31.9101006509223,49.16880147597369,41.56482858671332
22,AI Engineer,1,25.0,100.0,100.0,15.020901798607078,49.520748138427734,53.43124749055522,68.74038075470034,41.78905936319403,45.21323234182967,60.20954378913431,54.121335611518894
22,Cloud Engineer,0,33.33333333333333,100.0,100.0,2.0209149541708555,48.57729721069336,54.2563984913963,65.52266434573788,42.820498114245375,46.18399822517212,63.474424997965485,55.258592835049754
22,Data Scientist,0,0.0,100.0,100.0,6.164337189733466,33.26424026489258,40.914286618193906,62.94505633568293,26.142858272742384,30.487396021404596,47.04663063498105,42.26429479818826
22,Software Engineer,0,14.285714285714285,100.0,100.0,0.8956741728175458,30.419349670410156,44.69725357648416,61.07269780997562,30.871566970605194,34.93794538409901,52.42694405948415,47.21688367755604
22,Web Developer,0,14.285714285714285,100.0,100.0,0.8532030042396819,36.7847900390625,45.64569895649533,62.53184454845435,32.05712369561916,36.0537634782298,53.55025706571691,47.209388765454065
23,AI Engineer,1,25.0,100.0,100.0,14.619179606787934,53.469703674316406,53.96333249216565,69.55897306487023,42.45416561520706,45.83921469666547,60.9064182954676,54.050443460021405
23,Cloud Engineer,0,33.33333333333333,100.0,100.0,1.4273995184048789,40.59086227416992,52.969405935552885,63.54267579828649,41.211757419441106,44.669889335944575,62.0650541268143,55.15385481697341
23,Data Scientist,0,25.0,100.0,100.0,6.4751349011639325,44.22024917602539,51.3543076115784,65.54508863319754,39.192884514473,42.76977366068047,59.274161619298596,52.613259100205404
23,Software Engineer,0,28.57142857142857,100.0,100.0,1.3454126527193258,34.90096664428711,50.43695689455097,62.21070291469379,38.04619611818871,41.69053752300114,59.10017058428596,53.17860223283283
23,Web Developer,0,0.0,100.0,100.0,0.09965219838714327,29.485347747802734,39.437749991928484,60.67346152604382,24.297187489910602,28.750294108151156,46.37976724961225,41.19405627030361
24,AI Engineer,1,37.5,8.333333333333332,100.0,8.25394514709901,61.64625930786133,40.276697334910715,41.771842053708795,48.26253833530507,29.7372909822479,45.92777125040689,36.50559816321355
24,Cloud Engineer,0,50.0,8.333333333333332,100.0,2.5393781038748293,62.15412521362305,43.870692164291356,40.5702956373713,52.75503187203086,33.96552019328394,51.16445346907074,40.644203979115176
24,Data Scientist,0,25.0,8.333333333333332,100.0,4.133368190795376,46.75431823730469,33.04981963088167,37.38433789366412,39.22894120526876,21.235081918684326,38.15272282619102,30.631378700336438
24,Software Engineer,0,28.57142857142857,12.5,100.0,1.4047121283104904,49.937469482421875,35.20132724160985,38.77127267939978,40.87665905201232,23.766267343070417,41.165435791015625,32.60083155205479
24,Web Developer,0,0.0,12.5,100.0,2.33303838702789,48.20411682128906,25.080573281247542,38.58549735576545,28.225716601559434,11.859497977938284,29.094844144933365,20.99994795065198
25,AI Engineer,1,25.0,8.333333333333332,100.0,6.200889925928767,51.5101318359375,34.0733199309466,38.95895373991785,40.50831658034993,22.43919991876071,38.99198404947916,30.99623547712468
25,Cloud Engineer,0,16.666666666666664,8.333333333333332,100.0,3.0260142850575753,43.397457122802734,29.463520711179047,36.354134427454945,34.74606755564048,17.01590671903417,34.12896302167107,27.00459075618663
25,Data Scientist,0,25.0,8.333333333333332,70.0,1.0099821695101974,35.092979431152344,26.332110906766044,27.049401395024688,30.831805300124227,18.62601283148947,30.80072186039943,24.78607528481552
25,Software Engineer,0,14.285714285714285,12.5,100.0,1.0105974125942825,31.24883270263672,27.33891451728465,34.367560795822534,31.048643146605816,14.516370020334882,31.985088123994714,26.648928955163697
25,Web Developer,0,0.0,12.5,100.0,0.11218378525236355,26.388591766357422,21.475116332741464,33.038640511909946,23.718895415926838,7.6177839208723155,25.245045605827784,20.608032432691594
26,AI Engineer,1,37.5,100.0,100.0,15.44655019333022,61.93210983276367,59.731799003914084,71.70276769832935,49.66474875489261,52.62564588695775,67.54684291166419,59.34350885764651
26,Cloud Engineer,0,50.0,100.0,100.0,2.8085420761336177,59.641109466552734,61.867447731402955,68.25761189446608,52.334309664253695,55.13817380165054,72.28960755292107,62.26033095461182
26,Data Scientist,0,25.0,100.0,70.0,6.512542601881986,44.63933181762695,46.92278116292634,58.727355635271294,33.65347645365793,42.85033077991334,54.0539997325224,47.32574281209683
26,Software Engineer,0,28.57142857142857,100.0,100.0,1.3727331845951083,44.37862777709961,51.86270414425421,64.40416022192954,39.828380180317765,43.367887228534364,60.77269901948817,53.183423503163844
26,Web Developer,0,0.0,100.0,100.0,0.10022790216321321,41.78146743774414,41.282254300986104,63.51116046305554,26.60281787623263,30.92029917763071,48.549670724307795,41.194157865087625
27,AI Engineer,1,37.5,60.0,100.0,19.148717396148225,71.53718566894531,53.72788545976403,62.4659776304062,52.159856824705045,45.56221818795768,59.83009158863741,50.58506777579087
27,Cloud Engineer,0,50.0,60.0,100.0,3.3443315658224266,62.75717544555664,54.41522605170685,56.7926554641644,53.01903256463357,46.37085417847866,63.42773684333353,52.94311733514513
27,Data Scientist,0,25.0,60.0,100.0,6.894367456822548,55.026268005371094,45.038095319329045,55.82783895281391,41.29761914916131,35.33893566979888,51.76934141271255,43.2754766100275
27,Software Engineer,0,28.57142857142857,100.0,100.0,1.8900599202357138,49.91891860961914,52.77134677947823,65.80207196842804,40.96418347434779,44.436878564092034,61.7503974016975,53.27471645651219
27,Web Developer,0,0.0,100.0,100.0,0.09368532237609623,39.986671447753906,41.012053515519504,63.09546694695308,26.26506689439938,30.602415900611174,48.23294202019187,41.193003292184024
28,AI Engineer,1,12.5,100.0,100.0,16.03859029365214,56.95160675048828,50.32352955662107,70.69004547172472,37.90441194577633,41.55709359602478,56.373812955968525,49.15386887535038
28,Cloud Engineer,0,16.666666666666664,100.0,100.0,2.501275197809073,49.37016296386719,48.614049057584765,65.8164857296176,35.76756132198097,39.54594006774679,56.751597385780485,48.48061719177023
28,Data Scientist,0,0.0,100.0,100.0,5.244251541199171,33.823551177978516,40.86017040787665,62.86180062750254,26.075213009845818,30.42372989161959,47.14533256081974,42.10192674256456
28,Software Engineer,0,28.57142857142857,100.0,100.0,1.4145765108872972,34.10197067260742,50.32748207752421,62.042280119268014,37.90935259690526,41.56174362061672,58.95917129516602,53.190807619568346
28,Web Developer,0,14.285714285714285,100.0,100.0,0.7258543834026022,40.02375793457031,46.11244184769593,63.24991053491682,32.64055230961993,36.60287276199522,54.12183963551241,47.18691547942399
29,AI Engineer,1,37.5,100.0,100.0,10.592511133194991,66.31863403320312,59.661671774959714,71.59487965378418,49.577089718699646,52.54314326465849,68.32093541762409,58.486913729387354
29,Cloud Engineer,0,33.33333333333333,100.0,100.0,3.190665167202496,57.31244659423828,55.74213343088278,67.80841040648633,44.67766678860348,47.93192168339151,65.01592194800283,55.465019343231816
29,Data Scientist,0,50.0,100.0,100.0,4.355210887500941,44.32316970825195,59.80175708936293,65.07962629132759,49.75219636170367,52.707949516897564,69.58644171322094,62.53327250955899
29,Software Engineer,0,42.857142857142854,100.0,100.0,4.997526588840749,47.917903900146484,57.93731457334809,66.05740703592014,47.421643216685105,50.5144877333507,67.27963010002586,59.70544586861896
29,Web Developer,0,0.0,100.0,100.0,0.11584838704335519,36.51620864868164,40.49480855535875,62.299705469782694,25.61851069419844,29.993892418069116,47.62050740859088,41.19691442124295
30,AI Engineer,1,25.0,100.0,100.0,19.71776755104761,60.845638275146484,55.83451087392911,72.43770903681401,44.793138592411395,48.0406010281519,62.208053813261145,54.95019427371428
30,Cloud Engineer,0,16.666666666666664,100.0,100.0,2.2620496336826528,55.103458404541016,49.43815953906688,67.08434800882085,36.797699423833606,40.51548181066692,57.76335540472292,48.43840091574791
30,Data Scientist,0,25.0,100.0,100.0,11.800028690274559,56.74109649658203,54.03116877802849,69.66333658158229,42.53896097253561,45.91902209179822,61.483722911161536,53.55294623946022
30,Software Engineer,0,42.857142857142854,100.0,100.0,2.6929966122553384,46.346961975097656,57.35599378810295,65.16306736631223,46.694992235128694,49.830580927179945,67.00240505442899,59.29876410804506
30,Web Developer,0,0.0,100.0,100.0,0.08796265889661324,37.6599006652832,40.662179498626976,62.557199228656884,25.82772437328372,30.19079941014938,47.82233541152057,41.19199341039352
31,AI Engineer,1,37.5,100.0,100.0,16.29947576705141,63.18415451049805,60.04754454163242,72.18853006404987,50.05943067704053,52.997111225449906,67.76779197244083,59.494025135362016
31,Cloud Engineer,0,33.33333333333333,100.0,100.0,1.5820528010724553,53.7158317565918,54.9613493503163,66.60720412869173,43.70168668789538,47.01335217684271,64.38122521194757,55.18114657273827
31,Data Scientist,0,50.0,100.0,100.0,9.82445956938672,57.47214126586914,62.594490125288374,69.3761386542898,53.24311265661047,55.99351779445691,71.90684845868279,63.49843404165648
31,Software Engineer,0,42.857142857142854,100.0,100.0,1.984048484442675,50.646949768066406,57.894649737876364,65.9917688275021,47.36831217234546,50.46429380926631,67.76122642965878,59.173655614901655
31,Web Developer,0,0.0,100.0,100.0,2.0848203789908712,46.031429290771484,42.21743745046435,64.94990376994515,27.771796813080442,32.02051464760512,49.29966399248908,41.54438006688075
32,AI Engineer,1,37.5,100.0,100.0,14.487860907890251,62.26768493652344,59.63833187666205,71.55897211794161,49.54791484582757,52.51568456077889,67.60606204762179,59.174328395510045
32,Cloud Engineer,0,33.33333333333333,100.0,100.0,2.4564213929103875,51.419586181640625,54.74806780284932,66.27907867105024,43.43508475356165,46.762432709234496,63.97600540460325,55.33544691247438
32,Data Scientist,0,50.0,100.0,100.0,7.272264941591431,50.389705657958984,61.149295589932564,67.15276244605009,51.43661948741571,54.29328892933243,70.6570068808163,63.04804675439849
32,Software Engineer,0,42.857142857142854,100.0,100.0,2.5085616217522757,45.6566047668457,57.2247749582897,64.96119224352262,46.53096869786213,49.676205833282005,66.8805773117963,59.26621675677982
32,Web Developer,0,14.285714285714285,100.0,100.0,2.6803406755443655,48.280914306640625,47.64418824732775,65.6064434574273,34.555235309159684,38.40492734979735,55.57898487764247,47.531824825096066
33,AI Engineer,1,12.5,100.0,100.0,18.194565003238885,57.76171112060547,50.76844141857666,71.3745252593487,38.460551773220814,42.08051931597253,56.51677255069509,49.53433500057157
33,Cloud Engineer,0,0.0,100.0,100.0,0.42277883437375824,40.492713928222656,41.13732391438946,63.28819063752225,26.42165489298683,30.74979284045819,48.32224363439224,41.251078617830665
33,Data Scientist,0,25.0,100.0,70.0,6.615704299502682,45.35457229614258,47.04554148934679,58.91621767591813,33.806926861683486,42.994754693349165,54.180218640495745,47.3439478175593
33,Software Engineer,0,28.57142857142857,100.0,100.0,1.6040473355502916,40.12590789794922,51.25949328502493,63.47614351542297,39.07436660628116,42.65822739414697,60.02221904081457,53.22424364745006
33,Web Developer,0,14.285714285714285,100.0,100.0,0.8085849219661668,46.13722610473633,47.04187165400538,64.67980254462366,33.80233956750672,37.6963195929475,55.20068695965936,47.20151498622933
34,AI Engineer,1,25.0,8.333333333333332,100.0,7.188297178547012,54.81781768798828,34.71758389664696,39.95012907176455,41.31364653747537,23.19715752546701,39.575693317488124,31.17048381582202
34,Cloud Engineer,0,33.33333333333333,8.333333333333332,100.0,2.0933996878770973,50.8443717956543,36.27399905586304,37.8574344449175,43.25916548649547,25.02823418336828,42.30586953256644,33.70275680766458
34,Data Scientist,0,0.0,8.333333333333332,100.0,3.2246066852885398,42.267738342285156,23.490518420802722,36.13925910892726,27.27981469267007,9.988845200944377,27.06685578589346,20.176891375835236
34,Software Engineer,0,28.57142857142857,12.5,100.0,1.4773858607142216,38.99626922607422,33.57104826301826,36.263151173874256,38.83881032877284,21.848292074139135,39.2346357457778,32.61365632836133
34,Web Developer,0,14.285714285714285,12.5,100.0,0.7580834226519134,39.37200927734375,28.51951390499935,36.18386754615285,32.52439238124919,15.905310476469822,33.41858987247243,26.604367662820927
35,AI Engineer,1,25.0,8.333333333333332,100.0,14.97620008506288,53.248626708984375,35.65039068577375,41.385216439651934,42.47965502388386,24.29457727738089,39.29877726236979,32.544819622854234
35,Cloud Engineer,0,33.33333333333333,8.333333333333332,100.0,2.3004730317163165,49.22214126586914,36.061725477971144,37.53085970969921,42.993823514130604,24.778500562319,42.019593556722,33.73929916245974
35,Data Scientist,0,0.0,8.333333333333332,70.0,6.018884394183688,35.03231430053711,18.324346470874787,28.191302262884285,20.82209975526015,9.205113495146806,20.49589860205557,15.375881559757905
35,Software Engineer,0,28.57142857142857,12.5,100.0,1.623524809759884,37.88616180419922,33.426452992093864,36.04069691091364,38.658066240117336,21.678179990698663,39.038734436035156,32.63944555466351
35,Web Developer,0,14.285714285714285,12.5,100.0,0.8330709513817008,43.96501922607422,29.219713526618385,37.26109773325905,33.39964190827298,16.729074737198104,34.22912103989545,26.617600756126183
36,AI Engineer,1,25.0,8.333333333333332,100.0,9.365284859454814,62.50847625732422,36.19773083418352,42.22727820643618,43.16383020939607,24.938506863745317,40.93286835913564,31.554658112452806
36,Cloud Engineer,0,16.666666666666664,8.333333333333332,100.0,2.6847387470581583,52.36354064941406,30.757241909470835,38.34447473251923,36.36321905350521,18.53793165820098,35.711213055778956,26.94436566124556
36,Data Scientist,0,25.0,8.333333333333332,100.0,1.8391293544517386,41.01418685913086,31.844664098704055,35.530252459544705,37.72249679004674,19.8172518808283,37.13975846533682,30.22651302333462
36,Software Engineer,0,28.57142857142857,12.5,100.0,2.416696525724211,45.47658157348633,34.68399171488158,37.97537186904859,40.229989643601975,23.157637311625386,40.37822027767405,32.77941703395133
36,Web Developer,0,14.285714285714285,12.5,100.0,0.8670302347167335,44.50628662109375,29.30599752837157,37.39384235134088,33.50749691046447,16.830585327495964,34.324638815487134,26.623593570832366
37,AI Engineer,1,25.0,8.333333333333332,100.0,16.674983087630835,56.609344482421875,36.409315802174575,42.552793541807034,43.42831141938488,25.187430355499497,39.891845104741115,32.84460485860152
37,Cloud Engineer,0,33.33333333333333,8.333333333333332,100.0,2.676851350209566,53.33391571044922,36.734948392432145,38.56658727040844,43.835352157206856,25.57052752050841,42.7452008116479,33.80571886572325
37,Data Scientist,0,0.0,8.333333333333332,100.0,10.18395078483067,47.006832122802734,25.245284102811677,38.83889861971027,29.473271795181265,12.053275415072562,27.90316645304362,21.405010922813258
37,Software Engineer,0,28.57142857142857,12.5,100.0,1.4017374795228168,39.79483413696289,33.679485742472856,36.42997806534285,38.974357178091076,21.975865579379832,39.3755589653464,32.60030661403344
37,Web Developer,0,0.0,12.5,100.0,0.08660715135625115,33.3239631652832,22.51158554749592,34.6332085346091,25.0144819343699,8.837159467642257,26.468934676226446,20.60351890906287
38,AI Engineer,1,37.5,100.0,100.0,6.2317443509281,59.94399642944336,58.05136111705572,69.11747864162419,47.56420139631965,50.64866013771261,67.19599936990177,57.71736665016379
38,Cloud Engineer,0,50.0,100.0,100.0,4.767177774557976,64.14256286621094,62.836461096115336,69.74840168633128,53.545576370144175,56.27818952484157,73.08398168227252,62.60597254845141
38,Data Scientist,0,25.0,100.0,100.0,1.3388533406259124,42.84151840209961,50.37705576140883,64.04162424832128,37.97131970176103,41.620065601657444,59.03085618860582,51.70685647187516
38,Software Engineer,0,42.857142857142854,100.0,100.0,2.527132753186147,50.906700134277344,58.01507493311953,66.17703835864543,47.518843666399405,50.605970509552385,67.80706472957836,59.26949401526815
38,Web Developer,0,0.0,100.0,100.0,2.0797098936192895,48.30659484863281,42.557945711337815,65.4737626328274,28.19743213917227,32.4211126015739,49.70116379681755,41.54347821652105
39,AI Engineer,1,12.5,100.0,100.0,6.583614768994004,59.39545440673828,49.27186037635984,69.07209288670744,36.58982547044981,40.31983573689393,56.80508018942441,47.48534378276365
39,Cloud Engineer,0,16.666666666666664,100.0,100.0,2.1929656725485303,52.882354736328125,49.09463139466483,66.55584317127924,36.36828924333104,40.11133105254686,57.37139593386183,48.426209628488955
39,Data Scientist,0,25.0,100.0,100.0,4.193937500613227,52.79762268066406,52.29873402719159,66.99805234952552,40.373417533989496,43.880863561401874,60.78781576717601,52.2106948530494
39,Software Engineer,0,28.57142857142857,100.0,100.0,1.7130580909065583,46.67931365966797,52.25885576258618,65.01362425013258,40.32356970323273,43.83394795598374,61.178702410529645,53.243480839571745
39,Web Developer,0,14.285714285714285,100.0,100.0,0.7120704612962153,51.166908264160156,47.78184680881845,65.81822585972068,34.727308511023075,38.566878598609954,56.08827792896944,47.18448302258168
40,AI Engineer,1,25.0,60.0,100.0,18.263386276080634,59.75233459472656,47.45235813062108,59.54208943172473,44.31544766327635,38.17924485955421,52.60335316377528,45.28177404872011
40,Cloud Engineer,0,16.666666666666664,60.0,100.0,1.815640292491744,47.63676071166992,40.25119348395758,52.95055407788346,35.31399185494698,29.7072864517148,47.033938164804496,38.94785809083187
40,Data Scientist,0,50.0,60.0,100.0,14.197476226104538,64.27896118164062,56.27146561116177,59.648408632556574,55.33933201395222,48.55466542489621,63.696287267348346,54.85837815754786
40,Software Engineer,0,42.857142857142854,100.0,100.0,3.9557840452082744,45.847206115722656,57.47044852413964,65.33915157559944,46.83806065517456,49.965233557811345,66.91421284395106,59.521608949154405
40,Web Developer,0,0.0,100.0,100.0,0.09211607065003467,42.1551399230957,41.33708839906186,63.595520613941325,26.67136049882733,30.984809881249248,48.61561292760513,41.19272636540883
41,AI Engineer,1,25.0,8.333333333333332,100.0,17.154160160698197,56.46086883544922,36.45892101608877,42.6291092555212,43.49031793677764,25.245789430692678,39.86564351998123,32.92916551855458
41,Cloud Engineer,0,16.666666666666664,8.333333333333332,100.0,1.7932435529753508,49.124786376953125,30.137704489489273,37.391340240239906,35.58879727852826,17.809064105281493,35.1396681841682,26.787042979936828
41,Data Scientist,0,25.0,8.333333333333332,100.0,6.754406364266186,44.40533447265625,33.090627792205034,37.44711968031544,39.27995140692296,21.28309152024121,37.738196279488356,31.093914848595993
41,Software Engineer,0,42.857142857142854,12.5,100.0,2.3992758506414313,39.02236557006836,38.713246213106466,36.48191725093302,45.26655776638309,27.897936721301726,45.12159392412971,38.658695738348484
41,Web Developer,0,0.0,12.5,100.0,0.09940328702721167,38.37826919555664,23.27165087238758,35.8025398036732,25.964563590484474,9.731353967514798,27.360871034509998,20.605777050651863
42,AI Engineer,1,37.5,60.0,100.0,6.087074680289174,59.345054626464844,49.9398193960131,56.63818368617401,47.42477424501639,41.10566987766248,57.67853905172909,48.28007200240397
42,Cloud Engineer,0,50.0,60.0,100.0,4.176503752162965,56.94953155517578,53.66890529610081,55.64446968630894,52.08613162012602,45.4928297601186,62.4028585097369,53.0899712503817
42,Data Scientist,0,25.0,60.0,70.0,0.5836439689131218,37.83782196044922,37.01321988940435,43.48187675292977,31.26652486175544,31.192023399299238,43.44196858125574,36.867701876867024
42,Software Engineer,0,28.57142857142857,100.0,100.0,1.3254855147373514,48.361183166503906,52.45300030218619,65.31230815720951,40.56625037773274,44.062353296689636,61.47550291173599,53.1750856790713
42,Web Developer,0,14.285714285714285,100.0,100.0,2.908411542897702,51.828617095947266,48.210554295826746,66.47777583973345,35.26319286978344,39.071240348031466,56.2050500757554,47.572072625217245
43,AI Engineer,1,12.5,8.333333333333332,100.0,16.87375815162667,49.085052490234375,30.93548826294582,40.862289635301266,36.58602699534895,18.747633250524498,33.41697004729626,27.73262398754196
43,Cloud Engineer,0,16.666666666666664,8.333333333333332,100.0,1.105444303278947,39.987606048583984,28.663957552779436,35.12403726068632,33.74661360764097,16.075244179740515,33.52722459680894,26.665666641755106
43,Data Scientist,0,0.0,8.333333333333332,100.0,5.602222769204281,31.745779037475586,22.268866937668648,34.259795288720994,25.752750338752477,8.551608161963113,25.21003943798589,20.59647068476154
43,Software Engineer,0,14.285714285714285,12.5,100.0,0.795789647454822,29.15920066833496,26.993248547368466,33.83576699595149,30.616560684210587,14.109704173374666,31.61632952970617,26.611021702492028
43,Web Developer,0,14.285714285714285,12.5,100.0,0.7754010123044084,37.62828826904297,28.260553392202105,35.785466757234005,32.20069174025264,15.600651049649535,33.11087440041935,26.60742370805372
44,AI Engineer,1,37.5,8.333333333333332,100.0,14.572250796616965,56.01458740234375,40.37969239651077,41.93029599463196,48.39128216230514,29.85846164295385,44.93394679649203,37.62059327783437
44,Cloud Engineer,0,33.33333333333333,8.333333333333332,100.0,3.4134656912829033,54.85640335083008,37.07381368965028,39.08791849689787,44.258933778729514,25.969192576059154,43.01387510112688,33.93570963179502
44,Data Scientist,0,25.0,8.333333333333332,100.0,6.3072074088397185,46.303321838378906,33.30824605374946,37.7819170057684,39.5519742338535,21.53911300441113,38.073135226380586,31.014997385873677
44,Software Engineer,0,28.57142857142857,12.5,100.0,1.5473524979581161,37.730438232421875,33.391668609556994,35.987182476241536,38.61458576194625,21.637257187714116,39.0112538057215,32.62600338199261
44,Web Developer,0,0.0,12.5,100.0,0.09282194682835974,34.832908630371094,22.73885958657992,34.982860902430645,25.298574483224897,9.104540690094021,26.735219170065488,20.604615637675597
45,AI Engineer,1,12.5,100.0,100.0,14.827749240175756,48.84323501586914,48.92564763840674,68.53945790524114,36.15705954800843,39.91252663341969,54.94292382632985,48.94019104238396
45,Cloud Engineer,0,16.666666666666664,100.0,100.0,1.2839238996357245,38.31533432006836,46.773222066288945,62.9844442045471,33.46652758286118,37.38026125445758,54.800745272168925,48.26579049209258
45,Data Scientist,0,25.0,100.0,100.0,6.932282398780348,34.76588821411133,50.00472559193375,63.468808602974995,37.505906989917186,41.182030108157356,57.60574497896082,52.693932188020064
45,Software Engineer,0,14.285714285714285,100.0,100.0,0.643797510181981,26.59821891784668,44.0863024642043,60.13277302185277,30.10787808025538,34.21917936965212,51.7526268678553,47.172434854738
45,Web Developer,0,14.285714285714285,100.0,100.0,0.8860338260110734,35.91504669189453,45.52016207768584,62.33871088874744,31.900202597107302,35.90607303257158,53.39677294562845,47.21518243988431
46,AI Engineer,1,25.0,8.333333333333332,100.0,7.845076735914539,61.43226623535156,35.80826811235658,41.6281047882409,42.6770018071124,24.480315426301857,40.74294894349341,31.286386090651582
46,Cloud Engineer,0,16.666666666666664,8.333333333333332,100.0,1.8162986912022463,54.434837341308594,30.937670404876627,38.62205703314353,36.58875467276245,18.75020047632544,36.076736001407404,26.791111533741574
46,Data Scientist,0,25.0,8.333333333333332,70.0,4.828969147101391,54.7665901184082,29.8560005564931,32.47077008691247,35.23666736228305,22.771765360580122,34.27253551109164,25.46001416321397
46,Software Engineer,0,14.285714285714285,12.5,100.0,1.44133201025537,50.539039611816406,30.297055743310764,38.918547297401176,34.74631967913846,17.9965361686009,35.38924228443819,26.724940942986244
46,Web Developer,0,14.285714285714285,12.5,100.0,2.796915548979721,49.24191665649414,30.30582483082108,38.9320382012632,34.75728103852635,18.006852742142446,35.16033823349897,26.964161567467013
47,AI Engineer,1,12.5,100.0,100.0,5.392338938364828,56.88890075683594,48.71718595428011,68.2187476219694,35.89648244285015,39.667277593270725,56.36274719238281,47.27511863618203
47,Cloud Engineer,0,16.666666666666664,100.0,100.0,3.0568898864034364,50.19334411621094,48.82086843372549,66.1346693852187,36.02608554215686,39.789256980853516,56.896864647958786,48.578666842698645
47,Data Scientist,0,0.0,100.0,100.0,0.11967350734719316,35.46941375732422,40.338363089700714,62.059020138001095,25.42295386212589,29.80983892905966,47.43577889835133,41.19758944247304
47,Software Engineer,0,14.285714285714285,100.0,100.0,0.9659326034764724,39.08610534667969,46.00780569252342,63.08893183465141,32.50975711565429,36.47977140296874,53.956371531767005,47.229282224142906
47,Web Developer,0,0.0,100.0,100.0,0.11332844007042756,39.57780456542969,40.95366995082502,63.00564607819233,26.192087438531274,30.533729353911784,48.16078904095818,41.19646972471831
48,AI Engineer,1,50.0,8.333333333333332,100.0,15.78832216969187,54.46358871459961,44.70445329931039,41.853005075862136,53.79723329080465,34.946415646247516,49.80729996924307,42.98225293190641
48,Cloud Engineer,0,50.0,8.333333333333332,100.0,3.6098288918675516,55.69322204589844,43.062124307331565,39.32634508820241,51.74432205083112,33.01426389097831,50.0242940865311,40.83310705934918
48,Data Scientist,0,50.0,8.333333333333332,70.0,6.819788455097098,47.458953857421875,37.808478013544516,31.24381232853002,45.17726418359731,32.12762119240531,43.27707028856465,36.10545286462498
48,Software Engineer,0,57.14285714285714,12.5,100.0,2.722758342222779,41.03276824951172,44.063328988760176,37.02050613655411,51.954161235950224,34.192151751482555,51.35872380873736,44.598133825098145
48,Web Developer,0,0.0,12.5,100.0,0.09351876599268943,37.950958251953125,23.206671552691873,35.702571619525955,25.883339440864845,9.654907709049262,27.285463220932908,20.604738605763416
49,AI Engineer,1,25.0,100.0,100.0,17.440382908698854,66.74452209472656,56.377735750513814,73.2734396161751,45.47216968814227,48.679689118251545,63.2490333108341,54.548302866240974
49,Cloud Engineer,0,33.33333333333333,100.0,100.0,2.9480135187842533,66.46796417236328,57.07906332033879,69.86522562103404,46.3488291504235,49.504780376869164,66.63160152061312,55.422198464099175
49,Data Scientist,0,0.0,100.0,100.0,6.090308469083746,48.62871170043945,43.20785302542848,66.47362003912073,29.009816281785604,33.185709441680565,49.75800794713638,42.2512309063089
49,Software Engineer,0,28.57142857142857,100.0,100.0,2.0115936675428845,53.84040069580078,53.377799154501545,66.73507562231006,41.722248943126935,45.150351946472405,62.442423652200134,53.29616358838992
49,Web Developer,0,0.0,100.0,100.0,2.019046510030214,54.0303955078125,43.4074163026764,66.780640465656,29.259270378345516,33.4204897678546,50.71124626608456,41.53277291353474
50,AI Engineer,1,25.0,100.0,100.0,16.70982967995512,62.54841613769531,55.63873687264757,72.13651826561164,44.548421090809455,47.81027867370302,62.50854402429918,54.41938170822738
50,Cloud Engineer,0,33.33333333333333,100.0,100.0,2.7008155345245375,54.402713775634766,55.23219606319056,67.02389137926752,44.0402450789882,47.33199536845948,64.50243968589633,55.37857529040629
50,Data Scientist,0,0.0,100.0,100.0,5.243175877071564,42.06201934814453,42.09577928378241,64.76273735966525,27.619724104728018,31.877387392685193,48.59917988496669,42.101736919483216
50,Software Engineer,0,14.285714285714285,100.0,100.0,0.7618300349394153,39.8785285949707,46.09605379448652,63.22469814536388,32.62006724310815,36.58359269939591,54.09621092852424,47.19326412381284
50,Web Developer,0,14.285714285714285,100.0,100.0,0.7257055012378244,41.09342575073242,46.272869687795534,63.496722596608514,32.84108710974443,36.79161139740651,54.3106045442469,47.186889206100794
51,AI Engineer,1,50.0,100.0,100.0,8.636854705995047,48.95756149291992,61.13916242983725,67.13717296898038,51.42395303729656,54.28136756451441,70.40427555757411,63.28885671282266
51,Cloud Engineer,0,50.0,100.0,100.0,2.4253419297879186,46.50495529174805,59.83954458323039,65.13776089727753,49.799430729037994,52.752405392035755,69.97146269854377,62.192707399374335
51,Data Scientist,0,50.0,100.0,100.0,4.726208492415875,38.454444885253906,58.97709800665047,63.81092001023149,48.721372508313095,51.73776236076526,68.5507843915154,62.598742675132215
51,Software Engineer,0,42.857142857142854,100.0,100.0,2.1205627405519865,34.8553581237793,55.54638812964969,62.379058660999526,44.43298516206212,47.701633093705524,64.97447496301987,59.19774636597977
51,Web Developer,0,14.285714285714285,100.0,100.0,0.8135260001412382,37.199462890625,45.701948333614936,62.61838205171529,32.127435417018674,36.11993921601757,53.623434627757355,47.2023869412014
52,AI Engineer,1,25.0,100.0,100.0,16.38759591149716,58.5421257019043,54.989458242010215,71.1376280646311,43.736822802512776,47.04642146118849,61.801551594453706,54.362516925558324
52,Cloud Engineer,0,16.666666666666664,100.0,100.0,3.015770859770902,46.180320739746094,48.21274707326088,65.199098061427,35.2659338415761,39.07382008618927,56.18868405211205,48.571410543881136
52,Data Scientist,0,50.0,100.0,100.0,6.679590180877742,48.466365814208984,60.77189339926301,66.57214369117385,50.964866749078766,53.849286352074124,70.31759396721336,62.94345709074314
52,Software Engineer,0,42.857142857142854,100.0,100.0,2.288141666136618,38.83843994140625,56.168987241131425,63.3369034478945,45.211234051414294,48.434102636625205,65.67737175436581,59.22731911755352
52,Web Developer,0,14.285714285714285,100.0,100.0,0.6803427314307343,39.6571159362793,46.050618800156506,63.15479815408693,32.563273500195635,36.53013976489001,54.05713810640223,47.178884011428956
53,AI Engineer,1,25.0,60.0,100.0,7.180366451677261,64.911376953125,46.56376151072033,58.175017708800524,43.20470188840043,37.13383707143569,53.513772403492645,43.32594702088422
53,Cloud Engineer,0,33.33333333333333,60.0,100.0,2.8490465094079114,64.91561889648438,48.83136647755051,57.17646124751361,46.03920809693813,39.80160762064765,56.945893530752144,45.9929689918563
53,Data Scientist,0,25.0,60.0,100.0,4.171408833887799,53.82740020751953,44.449821356211096,54.92280208647862,40.56227669526388,34.646848654366,51.55777650720933,42.794954500097845
53,Software Engineer,0,42.857142857142854,100.0,100.0,2.3572471698091944,56.523799896240234,58.832157059907416,67.43408778447295,48.54019632488428,51.56724359989108,68.79831762874828,59.23951420643692
53,Web Developer,0,0.0,100.0,100.0,1.9399021498088844,53.683387756347656,43.34349348592348,66.68229767065151,29.179366857404354,33.34528645402763,50.650009604061346,41.51880626173099
54,AI Engineer,1,25.0,100.0,100.0,6.006763743469584,61.967201232910156,53.946094746456964,69.53245345608764,42.432618433071205,45.818934995831725,62.40597668816062,52.53060536649464
54,Cloud Engineer,0,33.33333333333333,100.0,100.0,5.89699843225647,63.47835159301758,57.07296917045777,69.85585000583247,46.34121146307222,49.49761078877385,66.10402283014035,55.942607566476624
54,Data Scientist,0,0.0,100.0,70.0,0.9168951621850431,41.87785339355469,36.919212283360956,56.79878812824762,21.1490153542012,31.08142621571878,43.272562363568476,36.04415796979736
54,Software Engineer,0,28.57142857142857,100.0,100.0,2.1490622319555084,47.66970443725586,52.47281500038171,65.34279230827954,40.59101875047714,44.08566470633142,61.35347725363339,53.32042274681568
54,Web Developer,0,0.0,100.0,100.0,0.09482503481190964,40.43537902832031,41.079530609469835,63.19927786072282,26.349413261837295,30.681800717023332,48.31212571088006,41.193204417907985
55,AI Engineer,1,25.0,100.0,100.0,16.371022426580712,49.533748626708984,53.63571565799345,69.05494716614376,42.044644572491826,45.45378312705113,60.211837992948645,54.35959219292601
55,Cloud Engineer,0,16.666666666666664,100.0,100.0,1.2169907292113848,41.1916389465332,47.194627784695015,63.63276069440259,33.99328473086878,37.876032687876496,55.30832844154507,48.25397875613533
55,Data Scientist,0,25.0,100.0,100.0,6.984369616410964,38.18023681640625,50.524690964922584,64.26875533065012,38.15586370615323,41.793754076379514,58.20827708524816,52.70312404995488
55,Software Engineer,0,14.285714285714285,100.0,100.0,0.9259528376133385,28.6380558013916,44.43460129585075,60.668617378231914,30.54325161981343,34.628942701000874,52.112598082598524,47.22222697134354
55,Web Developer,0,14.285714285714285,100.0,100.0,0.8536439516640817,39.0028076171875,45.97846773532774,63.04379651588883,32.473084669159675,36.4452561592091,53.941671932444855,47.20946657970543
56,AI Engineer,1,12.5,60.0,100.0,12.788596609433704,56.39305114746094,41.75224716353419,57.503457174667986,37.19030895441775,31.473231957099056,46.86347961425781,39.168575872253
56,Cloud Engineer,0,16.666666666666664,60.0,100.0,2.6228389464967883,59.16966247558594,42.10220854664574,55.798269558942174,37.62776068330718,31.88495123134793,49.06915612314261,39.09030491212688
56,Data Scientist,0,25.0,60.0,100.0,5.848991923286564,51.626014709472656,44.371250994913886,54.80192460755981,40.46406374364235,34.5544129351928,51.16929671343635,43.090998574697636
56,Software Engineer,0,28.57142857142857,100.0,100.0,1.215311782589788,49.11829376220703,52.55004083171952,65.4616012795685,40.68755103964941,44.176518625552376,61.60911066391889,53.15564325575114
56,Web Developer,0,14.285714285714285,100.0,100.0,2.7051879889135813,58.22593688964844,49.139668731784305,67.90718266428354,36.42458591473038,40.16431615504035,57.33398886287914,47.5362096451024
57,AI Engineer,1,37.5,100.0,100.0,7.282643422837426,67.62738037109375,59.36150356908968,71.13308241398411,49.201879461362104,52.19000419892903,68.55189065372244,57.90281942755954
57,Cloud Engineer,0,50.0,100.0,100.0,3.6487742123581737,59.760250091552734,62.01135364558664,68.47900560859483,52.514192056983305,55.30747487716075,72.31063236909755,62.408607213945565
57,Data Scientist,0,25.0,100.0,70.0,1.496826663107325,47.02232360839844,46.527872540725866,58.119803908809025,33.15984067590733,42.38573240085396,54.474527695599726,46.44061646996012
57,Software Engineer,0,42.857142857142854,100.0,100.0,2.825312953555054,52.50183868408203,58.29907274564556,66.61395807022393,47.87384093205696,50.94008558311243,68.08855976777919,59.32211405062736
57,Web Developer,0,0.0,100.0,100.0,0.10221372541400478,40.66425704956055,41.11497061624618,63.253800948071046,26.39371327030773,30.72349484264257,48.352515949922456,41.19450830448482
58,AI Engineer,1,25.0,8.333333333333332,100.0,5.736955881808004,59.11179733276367,35.143979648852415,40.60612253669602,41.84664122773219,23.698799586885194,40.33345443127202,30.914364763456312
58,Cloud Engineer,0,33.33333333333333,8.333333333333332,100.0,2.4767172934907093,54.42203140258789,36.868145637745116,38.77150610935147,44.00184871384807,25.727230162053086,42.93722122790766,33.77040109100816
58,Data Scientist,0,0.0,8.333333333333332,100.0,0.8757106685638404,42.42679977416992,23.16204323307673,35.63391266627189,26.869220708012584,9.602403803619683,27.094925450343712,19.762380314060287
58,Software Engineer,0,28.57142857142857,12.5,100.0,2.0525320686022455,45.88282012939453,34.69030282969952,37.9850812764608,40.2378785371244,23.165062152587662,40.449909434599036,32.71515271798863
58,Web Developer,0,14.285714285714285,12.5,100.0,2.721713051518168,44.35354995727539,29.561289451319034,37.786599155875436,33.8266118141488,17.13092876625769,34.29768528657801,26.95089053850321
59,AI Engineer,1,25.0,60.0,100.0,5.1463326346890685,60.39521789550781,45.581232579529534,56.663434737737745,41.97654072441192,35.97792068179945,52.71680315803079,42.96699987670984
59,Cloud Engineer,0,16.666666666666664,60.0,100.0,2.561246577716398,56.86104202270508,41.74667662339655,55.251297369328036,37.18334577924569,31.466678380466533,48.6617525138107,39.0794356705774
59,Data Scientist,0,50.0,60.0,70.0,1.228665860714688,51.25150680541992,47.87202589992019,46.72619369218491,44.84003237490024,43.96708929402375,56.1032070833094,47.275646916596706
59,Software Engineer,0,28.57142857142857,100.0,100.0,1.2294143176640049,48.592716217041016,52.473319580205754,65.34356858493193,40.59164947525719,44.08625832965383,61.51636168536018,53.1581319384113
59,Web Developer,0,14.285714285714285,100.0,100.0,2.64166180997835,51.675926208496094,48.14763820277116,66.38098185041717,35.18454775346396,38.9972214150249,56.17810462502872,47.524999142937354
60,AI Engineer,1,25.0,100.0,100.0,17.38666313054498,55.95124816894531,54.750686694923544,70.7702872229593,43.438358368654434,46.76551375873358,61.34433791216682,54.5388229053903
60,Cloud Engineer,0,33.33333333333333,100.0,100.0,3.0044222692906533,45.31443405151367,53.914495114787314,64.99665915095484,42.39311889348414,45.78175895857331,62.898625616933785,55.43215294948266
60,Data Scientist,0,25.0,100.0,70.0,6.088857890496822,40.46647644042969,46.23330014963898,57.6666156148292,32.79162518704872,42.0391766466341,53.31761348948759,47.25097492185238
60,Software Engineer,0,28.57142857142857,100.0,100.0,1.2651514712090055,37.171634674072266,50.765517921792195,62.716181418141836,38.45689740224024,42.077079907990814,59.50087670718923,53.16443849491924
60,Web Developer,0,14.285714285714285,100.0,100.0,0.778233450746869,42.655460357666016,46.51505407126193,63.86931395578758,33.14381758907742,37.07653420148463,54.586257710176355,47.196158844249446
61,AI Engineer,1,37.5,8.333333333333332,100.0,18.61289553657885,55.946434020996094,40.9755661003029,42.84702476969678,49.13612429204531,30.559489529768125,44.92191972919538,38.33364823194528
61,Cloud Engineer,0,33.33333333333333,8.333333333333332,100.0,2.7314654341922857,51.349212646484375,36.44543504543483,38.121182121181796,43.47346047346021,25.229923582864508,42.39495909447763,33.815356645249615
61,Data Scientist,0,25.0,8.333333333333332,100.0,11.970835273099443,52.53477096557617,35.092507602468004,40.526934773027705,41.78230116975168,23.638244238197657,39.1728027194154,32.01446112662539
61,Software Engineer,0,42.857142857142854,12.5,100.0,2.731978004671565,45.1167106628418,39.677303300127,37.96508200019539,46.47162912515876,29.03212152956118,46.19706658756032,38.71740788317733
61,Web Developer,0,14.285714285714285,12.5,100.0,0.741098156418903,43.922325134277344,29.199513493604435,37.23002075939144,33.37439186700555,16.705309992475808,34.221586788401886,26.601370262897454
62,AI Engineer,1,25.0,100.0,100.0,16.003492701576473,63.04060745239258,55.60661502309536,72.08710003553132,44.5082687788692,47.77248826246513,62.59540131512811,54.29473400616055
62,Cloud Engineer,0,33.33333333333333,100.0,100.0,2.2639418789358707,52.64041519165039,54.9023202272546,66.51639009321221,43.62790028406826,46.943906149711296,64.19144581813438,55.30147993942005
62,Data Scientist,0,25.0,100.0,100.0,5.97876731913523,50.670494079589844,52.247389209808766,66.91906032278271,40.30923651226095,43.82045789389266,60.41244013169233,52.52566482102387
62,Software Engineer,0,28.57142857142857,100.0,100.0,2.5845483936005174,50.03877258300781,52.89349814649125,65.98999714844807,41.11687268311406,44.58058605469559,61.771548102883735,53.397273245929505
62,Web Developer,0,14.285714285714285,100.0,100.0,2.4415585671338613,54.121925354003906,48.48452258817066,66.89926552026256,35.60565323521333,39.393555986083136,56.60975153305951,47.4896868059648
63,AI Engineer,1,37.5,100.0,100.0,10.044806700002697,53.552913665771484,57.66465805486613,68.5225508536402,47.08082256858266,50.19371535866604,66.06816123513615,58.39026000588284
63,Cloud Engineer,0,33.33333333333333,100.0,100.0,2.13092092519517,49.892356872558594,54.47015833632973,65.85152564563548,43.08769792041217,46.43548039568204,63.70649435005935,55.27800565346581
63,Data Scientist,0,50.0,100.0,70.0,5.175339697544032,44.74455261230469,55.487983846477306,58.443052071503544,44.35997980809664,52.927039819385065,64.3666857551126,57.38388347603718
63,Software Engineer,0,57.14285714285714,100.0,100.0,3.1229983822823546,42.1633186340332,61.79294755244734,64.29684238838051,52.241184440559174,55.05052653229099,72.14646799424116,65.25699971452042
63,Web Developer,0,0.0,100.0,100.0,0.10726583787446331,40.343658447265625,41.06763864277101,63.180982527340014,26.334548303463766,30.6678101679659,48.29593972598805,41.19539985374255
64,AI Engineer,1,50.0,60.0,100.0,6.4902622528657306,52.12236785888672,53.291894516762866,55.0644531027121,51.61486814595359,45.04928766677985,61.55100609274472,53.498281574035126
64,Cloud Engineer,0,50.0,60.0,100.0,5.166446080448431,52.866947174072266,53.2050089881781,54.930783058735535,51.50626123522263,44.94706939785659,61.68240244248334,53.26466695537325
64,Data Scientist,0,50.0,60.0,100.0,1.343935340757952,37.58059310913086,50.33867926748332,50.52104502689742,47.92334908435416,41.574916785274496,58.984810548670154,52.59010623660434
64,Software Engineer,0,42.857142857142854,100.0,100.0,2.0814170944449524,35.48384094238281,55.634788705524166,62.51505954696025,44.54348588190521,47.8056337712049,65.08538369571461,59.19083831078441
64,Web Developer,0,0.0,100.0,100.0,0.09614870411690239,29.292356491088867,39.408275779280864,60.62811658350902,24.26034472410108,28.715618563859845,46.34570996901568,41.193438006608865
65,AI Engineer,1,37.5,8.333333333333332,100.0,14.510107602520092,56.81460952758789,40.49037423618286,42.100575747973636,48.52963446189525,29.988675571979844,45.075127171535115,37.609626831817266
65,Cloud Engineer,0,33.33333333333333,8.333333333333332,100.0,2.8713177053200694,48.274837493896484,36.00525661321581,37.44398453315254,42.92323743318644,24.71206660378331,41.852422302844474,33.840036457801574
65,Data Scientist,0,50.0,8.333333333333332,100.0,6.732210625937335,47.66675567626953,42.3265116119977,38.19463324922722,50.824806181663796,32.148837190585525,48.60785884483188,41.38411560065562
65,Software Engineer,0,57.14285714285714,12.5,100.0,2.687793435831836,39.18732833862305,43.78126826616823,36.586566563335744,51.60158533271029,33.860315607256744,51.03305794210995,44.59196354749974
65,Web Developer,0,14.285714285714285,12.5,100.0,0.76669309531584,39.209449768066406,28.496421429507336,36.14834066078052,32.49552678688417,15.878142858243926,33.389902900247016,26.605887016820443
66,AI Engineer,1,37.5,100.0,100.0,17.14598552467826,58.58651351928711,59.4848748565948,71.32288439476123,49.35609357074351,52.33514689011153,66.95644356222714,59.64340921023734
66,Cloud Engineer,0,33.33333333333333,100.0,100.0,1.7692914342584725,45.68416976928711,53.7846858471985,64.7969525854336,42.23085730899813,45.62904217317471,62.963873096540866,55.21418868447699
66,Data Scientist,0,50.0,100.0,70.0,7.474585874465384,46.323036193847656,56.06964331024696,59.33791278499531,45.08705413780869,53.61134507087878,64.64524168126724,57.78963280137625
66,Software Engineer,0,42.857142857142854,100.0,100.0,2.2188639887987907,36.265342712402344,55.77263100518017,62.72712462335411,44.71578875647522,47.96780118256491,65.2232957727769,59.21509364508214
66,Web Developer,0,0.0,100.0,100.0,0.10249790765341824,27.07923126220703,39.077259375479066,60.1188605776601,23.846574219348835,28.326187500563613,45.955158458036536,41.19455845429178
67,AI Engineer,1,25.0,100.0,100.0,16.395361205818826,59.935115814208984,55.19957155300417,71.4608793123141,43.99946444125521,47.29361359176961,62.04737337897806,54.363887271615084
67,Cloud Engineer,0,33.33333333333333,100.0,100.0,2.9008703641549554,57.280731201171875,55.69390690146569,67.73421574584465,44.617383626832115,47.87518458995964,65.0103251139323,55.41387908387048
67,Data Scientist,0,0.0,100.0,70.0,7.278482898222112,38.57771682739258,37.378429958842204,57.50527685975724,21.72303744855276,31.62168230452024,42.69018532248105,37.16679109968626
67,Software Engineer,0,14.285714285714285,100.0,100.0,1.6120085340089203,41.26922607421875,46.43218519123415,63.741823371129456,33.04023148904269,36.979041401451944,54.34162813074449,47.34329562364863
67,Web Developer,0,14.285714285714285,100.0,100.0,0.8809511924506584,44.0146369934082,46.73433822787883,64.20667419673666,33.41792278484854,37.33451556221039,54.826112410601446,47.21428550455012
68,AI Engineer,1,25.0,60.0,100.0,15.083016859774506,54.79240417480469,46.23131315518688,57.66355870028751,42.78914144398361,36.74272135904339,51.72807132496553,44.720532387019034
68,Cloud Engineer,0,16.666666666666664,60.0,100.0,3.0014967867605518,49.041019439697266,40.639710767302,53.54827297533642,35.79963845912751,30.164365608590593,47.28174852857402,39.15712688393813
68,Data Scientist,0,25.0,60.0,100.0,6.889289590191859,47.73503494262695,43.943648679922816,54.14407489218896,39.92956084990353,34.0513513881445,50.48265322516946,43.274580515916206
68,Software Engineer,0,28.57142857142857,100.0,100.0,2.065406267444637,38.68461990356445,51.11250392565137,63.25000603946364,38.8906299070642,42.48529873606042,59.76787410062902,53.30565992954906
68,Web Developer,0,14.285714285714285,100.0,100.0,0.7472952092992524,40.76109313964844,46.226258252342156,63.42501269591101,32.7828228154277,36.736774414520184,54.25195761287914,47.19069915458223
69,AI Engineer,1,25.0,8.333333333333332,100.0,16.959215784226842,55.85536193847656,36.33885332507217,42.444389730880275,43.34023332300689,25.104533323614326,39.75878936169194,32.894763569765516
69,Cloud Engineer,0,33.33333333333333,8.333333333333332,100.0,1.958389983368946,44.3268928527832,35.27612575875615,36.32224475706075,42.011823865111865,23.85426559853665,41.15572618970683,33.67893156569255
69,Data Scientist,0,25.0,8.333333333333332,100.0,7.371854266308652,32.77738571166992,31.43905266336345,34.90623486671301,37.21548249587099,19.34006195689818,35.68620532166724,31.202876243074076
69,Software Engineer,0,28.57142857142857,12.5,100.0,1.5538614642515456,33.89154815673828,32.816811443148474,35.10278683561304,37.896014303935594,20.960954638998206,38.333802615894996,32.627152023103214
69,Web Developer,0,14.285714285714285,12.5,100.0,0.942216699297,34.33628463745117,27.791775200512227,35.06426953924958,31.614719000640285,15.049147294720266,32.52993258307962,26.636861770464176
70,AI Engineer,1,25.0,8.333333333333332,100.0,17.761891352268584,63.113487243652344,37.547973456054805,44.304574547776625,44.851633486735174,26.527027595358597,41.03963500378178,33.03641219941994
70,Cloud Engineer,0,33.33333333333333,8.333333333333332,100.0,3.7232128602009107,60.38978576660156,37.9502831273537,40.436333016441594,45.3545205758588,27.000333091004354,43.9903543509689,33.9903708968982
70,Data Scientist,0,0.0,8.333333333333332,100.0,6.202581554313888,43.42536163330078,24.11085814480887,37.093627915090565,28.055239347677755,10.718656640951608,27.271142249013867,20.70241635272206
70,Software Engineer,0,28.57142857142857,12.5,100.0,2.0486768183275985,42.70301055908203,34.212753106611444,37.250389394786836,39.640941383264305,22.603238948954637,39.88876656924977,32.71447237970487
70,Web Developer,0,0.0,12.5,100.0,0.09039563756117819,36.954856872558594,23.056787876517966,35.47198134848918,25.69598484564746,9.478573972374077,27.10968062456916,20.604187465451975
71,AI Engineer,1,12.5,8.333333333333332,100.0,14.542921704059713,63.61003112792969,32.764609591465074,43.6763224484078,38.872428655998014,20.899540695841264,35.98020157159543,27.321299908559553
71,Cloud Engineer,0,16.666666666666664,8.333333333333332,100.0,3.7594788262389205,63.33829116821289,32.56466549916777,41.12512640897606,38.62249854062638,20.664312351962078,37.64793373556698,27.134025675218634
71,Data Scientist,0,0.0,8.333333333333332,100.0,6.521256943339565,50.63243103027344,25.23971986270862,38.83033825032095,29.46631649505244,12.046729250245432,28.542978024950216,20.75865318607953
71,Software Engineer,0,28.57142857142857,12.5,100.0,2.1539334564469907,49.58155822753906,35.260323752597905,38.86203654245832,40.95040469074738,23.83567500305636,41.10262792250689,32.73304708054947
71,Web Developer,0,0.0,12.5,100.0,0.09503997229725229,43.540733337402344,24.04536599645494,36.99287076377683,26.931707495568677,10.641607054652871,28.27189411836512,20.605007053934813
72,AI Engineer,1,25.0,8.333333333333332,100.0,5.939714669240191,59.49592590332031,35.232012752550744,40.7415580808473,41.95668260735509,23.802367944177345,40.40124182607613,30.950145725944346
72,Cloud Engineer,0,16.666666666666664,8.333333333333332,100.0,2.3695014155991427,59.58956527709961,31.79386000390481,39.9392718008792,37.65899167154768,19.75748235753507,36.986393872429346,26.88873554392926
72,Data Scientist,0,25.0,8.333333333333332,70.0,1.6445321120187186,50.12648010253906,28.68231849885033,30.665105382846665,33.76956479022958,21.390962939823922,33.453692567114736,24.898054686434673
72,Software Engineer,0,28.57142857142857,12.5,100.0,2.1427801601683196,53.5130729675293,35.84837796915464,39.76673533716098,41.685472461443304,24.527503493123106,41.796424641328706,32.73107885179441
72,Web Developer,0,0.0,12.5,100.0,2.123539656913722,51.00812911987305,25.469750316518017,39.18423125618156,28.712187895647524,12.317353313550607,29.58966984468348,20.96297758651419
73,AI Engineer,1,25.0,8.333333333333332,100.0,16.110486033995475,57.57150650024414,36.46896554680261,42.644562379696325,43.502873600169934,25.25760652565013,40.061638402003865,32.744987731489395
73,Cloud Engineer,0,16.666666666666664,8.333333333333332,100.0,2.0483018197769916,44.96177291870117,29.55151121077172,36.48950442682829,34.85605568013132,17.119424953849084,34.40501875035903,26.832053262313586
73,Data Scientist,0,50.0,8.333333333333332,70.0,10.032514720657346,56.273101806640625,39.612509145761365,34.01924483963286,47.432303098868374,34.25001075971925,44.83250816195619,36.67240455854738
73,Software Engineer,0,28.57142857142857,12.5,100.0,3.6867527438238965,38.87770080566406,33.88466803242319,36.74564312680491,39.230835040528994,22.21725650873317,39.2137119068819,33.003544601851274
73,Web Developer,0,0.0,12.5,100.0,0.10392009690654619,32.5658073425293,22.400459115915375,34.46224479371596,24.87557389489422,8.706422489312208,26.335142472211054,20.606574134748215
74,AI Engineer,1,37.5,100.0,100.0,19.013776629416185,59.63014221191406,59.921587826199534,71.99475050184543,49.90198478274942,52.84892685435239,67.14061333151425,59.97301940519109
74,Cloud Engineer,0,33.33333333333333,100.0,100.0,2.629213902921547,60.066802978515625,56.07106919888224,68.3144654341778,45.08883649860281,48.31890493986146,65.5019848393459,55.3659397083587
74,Data Scientist,0,25.0,100.0,100.0,11.522710899295625,56.1117057800293,53.89516250189874,69.45409615676729,42.36895312737342,45.75901470811616,61.37265396118165,53.50400780575805
74,Software Engineer,0,42.857142857142854,100.0,100.0,2.6297072854895553,53.78446578979492,58.46212596129267,66.86480917121949,48.07765745161584,51.131912895638436,68.31490572761086,59.28759540332169
74,Web Developer,0,0.0,100.0,100.0,1.953898482467717,48.97383117675781,42.63915944888383,65.59870684443666,28.298949311104792,32.516658175157445,49.818911384133735,41.52127620278842
75,AI Engineer,1,25.0,60.0,100.0,14.305698283810534,60.104454040527344,46.91152284865068,58.71003515177027,43.63940356081335,37.542968057236095,52.66549188950483,44.58335852067245
75,Cloud Engineer,0,33.33333333333333,60.0,100.0,2.868380355113914,51.92948532104492,46.886346518090484,54.184122848344344,43.60793314761312,37.51334884481234,54.65422289979224,45.996380846980884
75,Data Scientist,0,25.0,60.0,100.0,6.927628496971779,48.729557037353516,44.0985778301488,54.38242743099814,40.12322228768599,34.23362097664564,50.65815712423886,43.281346205347965
75,Software Engineer,0,28.57142857142857,100.0,100.0,1.8808182569777656,42.6368522644043,51.677650578207306,64.11946242801123,39.59706322275914,43.15017715083213,60.465326870188996,53.27308557476078
75,Web Developer,0,14.285714285714285,100.0,100.0,0.7818036825311337,46.54581069946289,47.099142157299106,64.76791101122939,33.87392769662388,37.763696655646,55.27279012343463,47.19678888515256
76,AI Engineer,1,37.5,100.0,100.0,20.932887967838823,62.61960220336914,60.65787352568119,73.12749773181721,50.8223419071015,53.71514532433081,67.6681650947122,60.311686111971554
76,Cloud Engineer,0,33.33333333333333,100.0,100.0,2.7137803610081646,54.48817443847656,55.24695988658937,67.04660495372724,44.05869985823672,47.349364572458086,64.517520979339,55.380863200962224
76,Data Scientist,0,50.0,100.0,70.0,11.65046326664902,55.49515914916992,58.07184336237284,62.418220557496674,47.58980420296605,55.966874543968046,66.2638516145594,58.52655234117336
76,Software Engineer,0,28.57142857142857,100.0,100.0,3.1596875846955417,45.44260025024414,52.29034317524095,65.06206642344762,40.36292896905119,43.87099197087171,60.96045886769014,53.49876839729921
76,Web Developer,0,14.285714285714285,100.0,100.0,0.7396660195480228,47.73415756225586,47.27107353727058,65.03242082657012,34.088841921588234,37.96596886737716,55.48249839333927,47.18935282697907
77,AI Engineer,1,25.0,60.0,100.0,5.823116731784353,64.72837829589844,46.33272425415242,57.8195757756191,42.91590531769052,36.86202853429696,53.48147852280561,43.08643236443253
77,Cloud Engineer,0,16.666666666666664,60.0,100.0,3.597099102469725,62.032222747802734,42.6777316108742,56.68368965775518,38.34716451359275,32.56203718926377,49.574313818239695,39.262233174945635
77,Data Scientist,0,50.0,60.0,70.0,3.4306968675768803,57.7891845703125,49.1829822156834,48.743049562589846,46.478727769604255,45.509390841980476,57.25691492417279,47.664240623690034
77,Software Engineer,0,28.57142857142857,100.0,100.0,3.2374839000912132,55.103851318359375,53.751200282767584,67.30953889656551,42.18900035345949,45.58964739149128,62.6653855267693,53.51249715883962
77,Web Developer,0,0.0,100.0,100.0,2.075846292961978,51.306724548339844,43.00738562619527,66.16520865568503,28.759232032744094,32.94986544258268,50.23059844970703,41.54279640464035
78,AI Engineer,1,37.5,60.0,100.0,7.663436154626291,56.175994873046875,49.70091465415098,56.27063792946304,47.12614331768873,40.82460547547174,57.119293212890625,48.558253439051704
78,Cloud Engineer,0,33.33333333333333,60.0,100.0,2.316151207737169,47.38951873779297,46.12251715849618,53.009000756660804,42.65314644812024,36.614726068819046,53.85305232627719,45.89892864450263
78,Data Scientist,0,25.0,60.0,70.0,0.9092417670537047,34.68947982788086,36.589808239240185,42.83047421421567,30.737260299050234,30.693892046164923,42.886378793155444,36.92516031183301
78,Software Engineer,0,28.57142857142857,100.0,100.0,1.6835822862092742,38.17671585083008,50.979044720555905,63.04468418547062,38.72380590069488,42.32828790653636,59.678243973675904,53.23827922697811
78,Web Developer,0,14.285714285714285,100.0,100.0,0.8387484937104089,38.755943298339844,45.93920376880754,62.983390413550055,32.424004711009424,36.399063257420636,53.8981076408835,47.206837969478315
79,AI Engineer,1,25.0,100.0,100.0,6.741810376052867,54.47523498535156,52.93255680421066,67.97316431417025,41.16569600526333,44.62653741671843,61.083864997414985,52.66031947812697
79,Cloud Engineer,0,16.666666666666664,100.0,100.0,0.7878817213940076,44.70100402832031,47.65666619579048,64.34358901916484,34.5708327447381,38.41960728916527,55.92762816186044,48.178253637108746
79,Data Scientist,0,25.0,100.0,70.0,3.69150993701075,50.14784240722656,47.3259028516356,59.347542848670145,34.1573785645445,43.32459159015953,55.0260898365694,46.827913518296015
79,Software Engineer,0,28.57142857142857,100.0,100.0,1.4054460084144607,47.59547805786133,52.35013860994137,65.1540593999098,40.43767326242671,43.941339541107496,61.34037848079906,53.18919635442608
79,Web Developer,0,14.285714285714285,100.0,100.0,2.563686978844752,50.872962951660156,48.015497489575736,66.17768844550113,35.019371861969674,38.841761752442046,56.03640522676356,47.51123887861966
80,AI Engineer,1,37.5,100.0,100.0,15.75635592676756,62.80679702758789,59.90947294315332,71.97611222023588,49.88684117894165,52.83467405076861,67.70119947545669,59.398180457664864
80,Cloud Engineer,0,33.33333333333333,100.0,100.0,2.9321964749624536,49.43686294555664,54.52202557974452,65.93132140473517,43.15253197468066,46.49650068205238,63.62611306882371,55.4194072210718
80,Data Scientist,0,50.0,100.0,100.0,7.761460998871986,50.71949768066406,61.27214380193041,67.34175969527756,51.59017975241302,54.437816237565194,70.71520547305838,63.13437547038918
80,Software Engineer,0,42.857142857142854,100.0,100.0,2.6773093866732247,40.875999450683594,56.53299632560352,63.896917424005416,45.6662454070044,48.86234861835708,66.0369410795324,59.29599577411881
80,Web Developer,0,14.285714285714285,100.0,100.0,0.7905355617448669,40.38072967529297,46.175689785555676,63.34721505470104,32.719612231944595,36.677282100653734,54.184834648581116,47.1983298050138
81,AI Engineer,1,25.0,60.0,100.0,7.01125572499938,62.849151611328125,46.22906110044912,57.660094000690954,42.78632637556141,36.740071882881324,53.14985028435202,43.29610395147048
81,Cloud Engineer,0,16.666666666666664,60.0,100.0,2.165697860642409,52.70857238769531,41.06447387058399,54.20175467269332,36.33059233822999,30.6640869065694,47.928963754691324,39.00963295579964
81,Data Scientist,0,50.0,60.0,100.0,2.4822147967481683,54.93882751464844,53.11315634670949,54.78947130262998,51.39144543338686,44.83900746671704,62.04802838493796,52.790979081779085
81,Software Engineer,0,28.57142857142857,100.0,100.0,2.248574789413069,54.277687072753906,53.47893927932505,66.89067581434622,41.84867409915631,45.2693403286177,62.519591836368335,53.33798378636701
81,Web Developer,0,14.285714285714285,100.0,100.0,3.302036164550253,59.916770935058594,49.48282106494132,68.43510933067896,36.85352633117666,40.56802478228391,57.63237134148093,47.64153579374416
82,AI Engineer,1,37.5,60.0,100.0,7.020452410600403,60.35689163208008,50.231601606402066,57.08707939446472,47.78950200800259,41.44894306635538,57.85709852330825,48.44478571951772
82,Cloud Engineer,0,33.33333333333333,60.0,100.0,4.078626233105888,59.780269622802734,48.245501045052954,56.275129812901994,45.306876306316205,39.11235417065054,56.03965542363185,46.209953648979464
82,Data Scientist,0,50.0,60.0,100.0,1.9501057271150604,45.50489044189453,51.618249425351436,52.48961450054067,49.5228117816893,43.08029344158992,60.383215960334326,52.6970774812556
82,Software Engineer,0,57.14285714285714,100.0,100.0,4.093900818887819,46.00953674316406,62.51551563430778,65.40848559124274,53.14439454288473,55.900606628597394,72.82521236644072,65.42833543862727
82,Web Developer,0,0.0,100.0,100.0,0.08632215172211755,38.76584243774414,40.82782468841994,62.81203798218452,26.034780860524926,30.38567610402346,48.01750160666073,41.19170390912743
83,AI Engineer,1,37.5,8.333333333333332,100.0,20.59043915113037,61.577903747558594,42.116918101470006,44.60295092533848,50.56281429350418,31.902256589964715,45.91570850447112,38.682626516866144
83,Cloud Engineer,0,33.33333333333333,8.333333333333332,100.0,2.2758411631908415,49.6446533203125,36.121407505858826,37.6226782141418,43.068426048990204,24.848714712775095,42.09415450750612,33.734952362131715
83,Data Scientist,0,25.0,8.333333333333332,100.0,11.163855242962134,47.145606994628906,34.16308600230532,39.09705538816203,40.620524169548325,22.54480706153567,38.22177378336588,31.872052886012924
83,Software Engineer,0,28.57142857142857,12.5,100.0,1.9264305208038388,38.136653900146484,33.50946266314255,36.168404097142385,38.76182832892819,21.775838427226525,39.08293892355526,32.69289950367127
83,Web Developer,0,14.285714285714285,12.5,100.0,0.6911391185608218,35.83543014526367,27.978985389573676,35.35228521472873,31.848731736967096,15.269394575969027,32.79448767269359,26.59255396209897
84,AI Engineer,1,37.5,8.333333333333332,100.0,17.818988458670677,54.93293380737305,40.70445500657322,42.42993077934342,48.7972354248832,30.240535301850855,44.74306675032073,38.19354698290267
84,Cloud Engineer,0,33.33333333333333,8.333333333333332,100.0,2.0563515118176334,47.21809005737305,35.724499568711934,37.012050618531184,42.57229112755659,24.381764198484625,41.66593746110504,33.69621889424232
84,Data Scientist,0,50.0,8.333333333333332,100.0,12.937727350721135,46.003517150878906,43.00785334190668,39.24285129524104,51.67648334405002,32.95041569636079,48.3143461638806,42.47920678738217
84,Software Engineer,0,42.857142857142854,12.5,100.0,3.2594977492595407,35.52104187011719,38.31708094290651,35.87243221985617,44.77135117863314,27.43185993283119,44.50371327119715,38.81049960281051
84,Web Developer,0,14.285714285714285,12.5,100.0,0.7384029158642137,36.378326416015625,28.067509399781976,35.48847599966458,31.95938674972747,15.373540470331736,32.89029289694393,26.600894632211332
85,AI Engineer,1,37.5,8.333333333333332,100.0,11.229606239375064,59.05632781982422,40.33455677554656,41.86085657776393,48.334862636099864,29.805360912407714,45.47072451722388,37.030714826556384
85,Cloud Engineer,0,33.33333333333333,8.333333333333332,100.0,2.308824550856064,54.57271194458008,36.86556380764875,38.76753406304937,43.99862142622761,25.724192714880886,42.96381191178863,33.74077295995499
85,Data Scientist,0,25.0,8.333333333333332,70.0,0.9063655720855534,37.342872619628906,26.654052395423832,27.544695992959742,31.234232160946462,19.00476752402804,31.19776183483647,24.767790002917057
85,Software Engineer,0,28.57142857142857,12.5,100.0,1.67825662797895,42.90336608886719,34.18724340752692,37.21114370388757,39.60905425940865,22.573227538266966,39.92412342744715,32.64910411081981
85,Web Developer,0,0.0,12.5,100.0,0.10067457007512517,37.54219436645508,23.146430340479533,35.609892831506976,25.808037925599415,9.5840356946818,27.213328417609723,20.60600139471914
86,AI Engineer,1,37.5,100.0,100.0,17.84164961165887,49.28279113769531,58.19366611240312,69.3364094036971,47.74208264050392,50.81607777929779,65.31461020076976,59.76617346088098
86,Cloud Engineer,0,33.33333333333333,100.0,100.0,1.840626473283561,44.272666931152344,53.58366067733205,64.48768309333136,41.979575846665064,45.392541973331824,62.71478436039943,55.22677722077553
86,Data Scientist,0,50.0,100.0,100.0,7.929309552835735,45.85641860961914,60.567859224368235,66.25824496056651,50.7098240304603,53.60924614631557,69.85701504875632,63.16399580344161
86,Software Engineer,0,28.57142857142857,100.0,100.0,1.5207668999234616,31.428932189941406,49.94245486347973,61.449930559199586,37.42806857934967,41.10877042762321,58.48745862175437,53.209547099986494
86,Web Developer,0,0.0,100.0,100.0,0.10873346723841806,30.07339859008789,39.527319808598946,60.81126124399837,24.409149760748686,28.855670363057584,46.483540927662574,41.19565884715972
87,AI Engineer,1,37.5,100.0,100.0,14.723195309117973,53.73350524902344,58.393505083721216,69.64385397495572,47.99188135465152,51.05118245143672,66.10003033806296,59.21585799572671
87,Cloud Engineer,0,33.33333333333333,100.0,100.0,1.365927934773743,40.16324996948242,52.89604335230509,63.42981028559758,41.12005419038136,44.58358041447657,61.98959313186945,55.14300689045027
87,Data Scientist,0,50.0,100.0,100.0,6.954105271994266,52.21592330932617,61.37550428719807,67.50077582645856,51.71938035899759,54.55941680846832,70.97928058399874,62.99190093035193
87,Software Engineer,0,42.857142857142854,100.0,100.0,2.0457583907867365,35.95783233642578,55.700538609081875,62.616213244741346,44.62567326135235,47.88298659891986,65.16902923583984,59.18454559837413
87,Web Developer,0,0.0,100.0,100.0,0.0953606329436945,30.601150512695312,39.604476671845845,60.92996411053207,24.505595839807317,28.946443143348063,46.57667361988741,41.19329893522536
88,AI Engineer,1,25.0,100.0,100.0,14.877148974722227,54.2027702331543,54.11198788118148,69.78767366335612,42.63998485147685,46.01410338962527,61.03578298232135,54.09596746612745
88,Cloud Engineer,0,33.33333333333333,100.0,100.0,3.793301588155338,47.6158332824707,54.37803689726057,65.70980035475985,42.97254612157572,46.32710223207126,63.304754892985024,55.57136694692937
88,Data Scientist,0,0.0,100.0,100.0,5.979076086410708,34.65177917480469,41.09462828918231,63.222505060280476,26.36828536147789,30.69956269315566,47.29149044261259,42.231601662307774
88,Software Engineer,0,14.285714285714285,100.0,100.0,0.8687558553461662,32.62617111206055,45.02423904511101,61.575752377093856,31.28029880638876,35.32263417071883,52.81638313742245,47.21213338623756
88,Web Developer,0,14.285714285714285,100.0,100.0,0.8275611022705635,39.26166534423828,46.01338396697633,63.09751379534819,32.51672995872041,36.48633407879568,53.98735270780676,47.2048637239301
89,AI Engineer,1,50.0,60.0,100.0,18.9803302600264,59.747528076171875,56.309178750429744,59.70642884681499,55.386473438037186,48.599033824035,62.89662260167739,55.702411222357604
89,Cloud Engineer,0,50.0,60.0,100.0,3.1750777020928407,55.07249069213867,53.237135259134725,54.9802080909765,51.54641907391841,44.98486501074674,62.071616004495056,52.91324900625168
89,Data Scientist,0,50.0,60.0,100.0,12.374145960759106,56.21968460083008,54.78907458423838,57.36780705267442,53.486343230297976,46.81067598145692,62.274061988381774,54.53661399307514
89,Software Engineer,0,57.14285714285714,100.0,100.0,3.1657838061739345,44.983123779296875,62.222336137820626,64.95744021203173,52.777920172275785,55.55568957390662,72.64408066693474,65.26455008344246
89,Web Developer,0,0.0,100.0,100.0,0.08894398543781132,35.78199768066406,40.380641249915286,62.12406346140813,25.4758015623941,29.8595779410768,47.49094076717601,41.192166585665504
90,AI Engineer,1,50.0,100.0,100.0,15.227646029371469,58.92863845825195,63.623442673143515,70.95914257406695,54.5293033414294,57.20405020369825,72.16387737498565,64.45193753459498
90,Cloud Engineer,0,50.0,100.0,100.0,2.9562900035833812,55.41427230834961,61.255584346789945,67.31628361044606,51.569480433487435,54.41833452563523,71.54369511323817,62.28640411827942
90,Data Scientist,0,50.0,100.0,70.0,7.43170795662903,52.6286735534668,57.00905722651437,60.78316496386826,46.26132153314297,54.71653791354632,65.75800121531768,57.78206610999336
90,Software Engineer,0,57.14285714285714,100.0,100.0,3.2441075317421997,46.878292083740234,62.51835994232236,65.4128614497267,53.14794992790296,55.90395287332043,72.97852213242474,65.27837191736627
90,Web Developer,0,0.0,100.0,100.0,2.0733022459816484,41.32231903076172,41.509343191511505,63.860527986940774,26.886678989389384,31.18746257824883,48.4686445348403,41.542347455173235
91,AI Engineer,1,50.0,60.0,100.0,16.43955500953669,63.143585205078125,56.43747103219222,59.90380158798803,55.54683879024028,48.749965920226145,63.49592680089614,55.25403911933001
91,Cloud Engineer,0,50.0,60.0,100.0,3.4488360006143104,52.645416259765625,52.91413783905699,54.4832889831646,51.142672298821246,44.6048680459494,61.643308751723346,52.961559294226056
91,Data Scientist,0,50.0,60.0,100.0,7.8775801773283565,50.65917205810547,53.28051283531507,55.04694282356165,51.60064104414384,45.035897453311854,61.292795069077435,53.74310238423442
91,Software Engineer,0,42.857142857142854,100.0,100.0,2.717364598765278,41.40142059326172,56.617817778804046,64.02741196739083,45.77227222350507,48.96213856329888,66.12966245763442,59.30306434095858
91,Web Developer,0,0.0,100.0,100.0,0.0966128226763847,32.716209411621094,39.92192333514462,61.41834359253018,24.90240416893078,29.319909806052497,46.94991930793313,41.19351990988407
92,AI Engineer,1,25.0,8.333333333333332,100.0,17.28140072167206,62.530826568603516,37.388500760208004,44.059231938781544,44.65229261692668,26.33941265906824,40.936812531714345,32.95161973519703
92,Cloud Engineer,0,33.33333333333333,8.333333333333332,100.0,2.462948967287227,55.86031723022461,37.0818232629601,39.10024091737453,44.26894574536681,25.978615603482478,43.191036373961204,33.76797138638402
92,Data Scientist,0,25.0,8.333333333333332,70.0,10.797336963146645,59.124671936035156,31.404968001543935,34.85379692545221,37.172876668596594,24.594080001816394,35.04160877302581,26.513255542516074
92,Software Engineer,0,14.285714285714285,12.5,100.0,1.2525910254071346,45.696414947509766,29.54235089593753,37.75746291682697,33.80293861992192,17.108648112867687,34.53466146132526,26.691633710365963
92,Web Developer,0,0.0,12.5,100.0,0.10010436096396917,36.411659240722656,22.976764540252994,35.348868523466145,25.595955675316244,9.384428870885875,27.01382221895106,20.605900769581876
93,AI Engineer,1,37.5,100.0,100.0,14.685545900070943,59.825199127197266,59.30161175409023,71.04094116013881,49.127014692612796,52.119543240106154,67.17503514009364,59.20921398236546
93,Cloud Engineer,0,50.0,100.0,100.0,2.6701737964215635,60.373199462890625,61.95650598889682,68.3946245983028,52.445632486121035,55.242948222231554,72.41879990521599,62.235913022897925
93,Data Scientist,0,25.0,100.0,100.0,6.191689542911825,42.158573150634766,51.00253940403199,65.00390677543383,38.75317425503999,42.355928710625875,58.910336438347315,52.56323933110209
93,Software Engineer,0,28.57142857142857,100.0,100.0,1.3051028183384776,46.124237060546875,52.11440098183281,64.79138612589662,40.143001227291,43.66400115509742,61.0807477165671,53.17148873264797
93,Web Developer,0,0.0,100.0,100.0,2.1676006868853173,46.56800079345703,42.31034022205135,65.09283111084824,27.887925277564193,32.12981202594277,49.394353081198304,41.55898835650917
94,AI Engineer,1,37.5,100.0,100.0,14.530291762950057,59.661102294921875,59.25370910868079,70.96724478258582,49.067136385851,52.06318718668328,67.14607687557445,59.18181619346177
94,Cloud Engineer,0,33.33333333333333,100.0,100.0,2.2391481555959603,50.36286544799805,54.55696870720576,65.98508006236784,43.19621088400721,46.53761024377149,63.7895252751369,55.297104576477714
94,Data Scientist,0,50.0,100.0,70.0,7.420590664581916,53.64566421508789,57.15993823195047,61.0152895876161,46.44992278993809,54.89404497876526,65.93747015560375,57.78010423492622
94,Software Engineer,0,28.57142857142857,100.0,100.0,1.8624485823476633,46.20195007324219,52.20965979833848,64.93793815128997,40.2620747479231,43.776070350986444,61.094461777630976,53.26984386747312
94,Web Developer,0,14.285714285714285,100.0,100.0,2.73500912777404,49.0677490234375,47.77041372268173,65.80063649643343,34.71301715335217,38.55342790903733,55.717838062959565,47.54147219901895
95,AI Engineer,1,12.5,100.0,100.0,5.729584106601855,66.40975189208984,50.195900399803755,70.49369292277501,37.7448754997547,41.406941646827946,58.042897392721734,47.334632489400335
95,Cloud Engineer,0,16.666666666666664,100.0,100.0,2.384103051886018,60.411598205566406,50.25268852195119,68.33746952095056,37.81586065243899,41.473751202295524,58.70008595784505,48.45993975425439
95,Data Scientist,0,0.0,100.0,100.0,0.8964331591155,47.15713119506836,42.20803465312758,64.93543792788857,27.760043316409476,32.00945253309127,49.498317269717944,41.33466467513803
95,Software Engineer,0,28.57142857142857,100.0,100.0,2.1011024217170964,53.6179313659668,53.35785506815258,66.70439241254243,41.69731883519073,45.12688831547363,62.403164358700025,53.31195925089125
95,Web Developer,0,0.0,100.0,100.0,2.1088868891527746,47.664451599121094,42.46600077324108,65.33230888190934,28.082500966551354,32.312942086165975,49.5878443998449,41.54862709808578
96,AI Engineer,1,25.0,100.0,100.0,16.943378354012072,50.248779296875,53.828823647633065,69.35203638097394,42.286029559541326,45.680968997215366,60.33801987591912,54.46059618011978
96,Cloud Engineer,0,16.666666666666664,100.0,100.0,1.309548133437305,40.93333435058594,47.16976570593681,63.594511342466895,33.96220713242103,37.84678318345508,55.26274527755437,48.270312415704616
96,Data Scientist,0,25.0,100.0,100.0,6.0214184412507334,34.085853576660156,49.766090802686634,63.101678157979435,37.207613503358296,40.9012832972784,57.48573886646945,52.53319148963248
96,Software Engineer,0,42.857142857142854,100.0,100.0,2.138906526135465,31.004226684570312,54.97146998160587,61.49456920247057,43.71433747700734,47.02525880188926,64.29486353257124,59.20098350461215
96,Web Developer,0,14.285714285714285,100.0,100.0,0.7359500878554026,37.697906494140625,45.765078487299405,62.715505365076005,32.20634810912426,36.19420998505812,53.711395263671875,47.18869707432743
97,AI Engineer,1,37.5,100.0,100.0,17.776842576751758,62.80280303955078,60.21194684244538,72.44145668068519,50.26493355305673,53.19052569699456,67.70049465403837,59.75473692530914
97,Cloud Engineer,0,33.33333333333333,100.0,100.0,2.5268189084201738,53.12347412109375,55.01421062109375,66.68852916065705,43.7677632763672,47.075541907169125,64.27669151156556,55.347870003446694
97,Data Scientist,0,50.0,100.0,100.0,6.761719624653044,49.333614349365234,60.91430009610274,66.79123091708114,51.14287512012843,54.01682364247382,70.47063782635857,62.957950521997596
97,Software Engineer,0,28.57142857142857,100.0,100.0,1.6970825771693412,44.00865173339844,51.855860146585165,64.3936309947464,39.81982518323146,43.359835466570786,60.707409129423255,53.240661631265176
97,Web Developer,0,14.285714285714285,100.0,100.0,2.4921688486528133,46.86137008666992,47.40303084029841,65.23543206199756,34.25378855037302,38.121212753292255,55.328477074118226,47.4986180321152
98,AI Engineer,1,37.5,60.0,100.0,14.332006184633633,50.40786361694336,49.83598047023655,56.47843149267161,47.29497558779569,40.983506435572416,56.101387697107654,49.73505991493535
98,Cloud Engineer,0,33.33333333333333,60.0,100.0,2.093640789968349,47.29713439941406,46.07528294507403,52.93633273601133,42.59410368134253,36.559156405969446,53.836749207739736,45.8596621001905
98,Data Scientist,0,25.0,60.0,70.0,6.203223980487876,39.99066162109375,38.17908284023725,45.27551206190345,32.72385355029655,32.563626870867346,43.82188146254596,37.85939246714492
98,Software Engineer,0,42.857142857142854,100.0,100.0,2.203486833608853,35.872920989990234,55.71146117353987,62.63301719006133,44.63932646692483,47.895836674752786,65.15404488058651,59.21238002946039
98,Web Developer,0,14.285714285714285,100.0,100.0,0.7581707330205941,40.04951095581055,46.12115225332467,63.263311158961024,32.651440316655844,36.613120298029024,54.12638428631951,47.19261836465069
99,AI Engineer,1,25.0,8.333333333333332,100.0,7.115893513078178,60.63386154174805,35.579129924890594,41.275584499831695,42.390579072779914,24.21074108810659,40.602053997563374,31.15770669838634
99,Cloud Engineer,0,33.33333333333333,8.333333333333332,100.0,3.0849099533622555,52.44706726074219,36.663129915449,38.45609730581897,43.745579060977924,25.486035194645876,42.588698144052536,33.87772920745608
99,Data Scientist,0,25.0,8.333333333333332,70.0,1.640263214939606,39.587921142578125,27.100894320294323,28.23214510814511,31.792784567034577,19.530463906228615,31.5939468682981,24.897301351656008
99,Software Engineer,0,28.57142857142857,12.5,100.0,2.2597233295502868,43.91996765136719,34.42695364713762,37.57992868790404,39.90869205892203,22.85523958486779,40.10352370318245,32.75171588168534
99,Web Developer,0,14.285714285714285,12.5,100.0,0.9302233678013558,43.00652313232422,29.090511975018835,37.06232611541359,33.238139968773545,16.577072911786864,34.059974670410156,26.63474530020024
100,AI Engineer,1,25.0,60.0,100.0,5.591370340078019,52.85544967651367,44.51702300248875,55.026189234598085,40.64627875311095,34.72590941469265,51.38625582526712,43.045535942366705
100,Cloud Engineer,0,33.33333333333333,60.0,100.0,2.2077598046409954,46.89301681518555,46.03178315964064,52.86940998919074,42.53972894955081,36.50798018781253,53.7654343399347,45.8798007498386
100,Data Scientist,0,0.0,60.0,100.0,0.10165758362738037,33.80497741699219,32.085995250092935,49.36306961552759,25.107494062616173,20.101170882462277,37.73029013241039,31.782645455934244
100,Software Engineer,0,28.57142857142857,100.0,100.0,1.5580938213177435,36.269615173339844,50.67415634919864,62.57562515261329,38.342695436498296,41.96959570493958,59.34169679529527,53.21613420376195
100,Web Developer,0,14.285714285714285,100.0,100.0,0.7994966841677611,39.17836380004883,45.99667907263249,63.07181395789613,32.495848840790615,36.46668126192058,53.972652435302734,47.199911179559024
101,AI Engineer,1,25.0,60.0,100.0,6.607204183130911,58.42039489746094,45.50413986208878,56.544830557059655,41.88017482761097,35.887223367163266,52.36830498190488,43.22480073819957
101,Cloud Engineer,0,16.666666666666664,60.0,100.0,1.949445523271978,47.875125885009766,40.30701904457559,53.036439555757326,35.38377380571949,29.77296358185364,47.076002607158586,38.97147077861661
101,Data Scientist,0,25.0,60.0,100.0,0.972873083747036,36.50337600708008,41.37143736362407,50.1868267132678,36.714296704530085,31.025220427793023,48.50059576595531,42.23050701477889
101,Software Engineer,0,28.57142857142857,100.0,100.0,1.8014041478030312,38.382816314697266,51.02763306937504,63.119435491346216,38.78454133671881,42.38545066985299,59.714614643770105,53.25907132020053
101,Web Developer,0,14.285714285714285,100.0,100.0,0.8974464912763186,40.01514434814453,46.13688862591313,63.287520962943276,32.67111078239141,36.631633677544855,54.120319590849036,47.217196439637
102,AI Engineer,1,25.0,100.0,100.0,6.050806582356662,61.41847229003906,53.870391830859354,69.41598743209131,42.337989788574205,45.72987274218749,62.30914216883042,52.538377632180584
102,Cloud Engineer,0,33.33333333333333,100.0,100.0,4.048562300715601,59.855342864990234,56.252252441522536,68.59320888439365,45.31531555190318,48.532061695908865,65.46466834872376,55.61641295502824
102,Data Scientist,0,0.0,100.0,70.0,0.8806899195729112,43.7703742980957,37.19765963265029,57.227168665615835,21.497074540812868,31.409011332529758,43.606536640840424,36.0377688093364
102,Software Engineer,0,28.57142857142857,100.0,100.0,2.064202672536418,45.970035552978516,52.20513573382724,64.93097805204191,40.25641966728406,43.770747922149695,61.05353568581974,53.30544753044761
102,Web Developer,0,0.0,100.0,100.0,0.09108069900050945,35.4212532043457,40.32685008550193,62.041307823849124,25.408562606877418,29.796294218237566,47.427279977237475,41.1925436527648
103,AI Engineer,1,25.0,100.0,100.0,18.105472397262666,63.31129837036133,55.9625156151436,72.63463940791323,44.953144518929506,48.191194841345414,62.643170300652,54.66567159951694
103,Cloud Engineer,0,16.666666666666664,100.0,100.0,0.8907093129575168,47.41798782348633,48.079637903799906,64.99431472379473,35.099547379749886,38.91722106329401,56.40709589041916,48.19639968267877
103,Data Scientist,0,50.0,100.0,100.0,6.8877937437266805,56.5976448059082,62.02281578244523,68.49663966530035,52.52851972805654,55.32095974405321,71.7525255539838,62.980198895951766
103,Software Engineer,0,42.857142857142854,100.0,100.0,2.0262508682438116,49.43913269042969,57.71980753380103,65.72278082123235,47.14975941725128,50.25859709858945,67.5480822394876,59.18110309439597
103,Web Developer,0,0.0,100.0,100.0,2.148523173982502,50.911922454833984,42.95906684432247,66.09087206818842,28.69883355540309,32.893019816849964,50.16092749202953,41.555621736585145
104,AI Engineer,1,37.5,100.0,100.0,18.3123020955054,58.87041091918945,59.70240695220423,71.65754915723727,49.62800869025529,52.59106700259321,67.00654310338638,59.84922978155978
104,Cloud Engineer,0,50.0,100.0,100.0,3.1778901457299917,53.30835723876953,60.97293710767493,66.88144170411528,51.216171384593665,54.08580836197051,71.1720630421358,62.32551002571706
104,Data Scientist,0,25.0,100.0,70.0,11.677648525949781,51.975852966308594,48.798025223838756,61.61234649821347,35.99753152979845,45.056500263339714,55.348679935230926,48.23723209281467
104,Software Engineer,0,42.857142857142854,100.0,100.0,2.460698763792004,47.07371139526367,57.43016152385835,65.27717157516669,46.787701904822946,49.91783708689218,67.13065495210536,59.25777037008094
104,Web Developer,0,14.285714285714285,100.0,100.0,0.7393279090870652,47.124446868896484,47.17956621669753,64.89164033338082,33.974457770871915,37.85831319611474,55.3749023886288,47.18929316042713
105,AI Engineer,1,12.5,100.0,100.0,14.465506601326961,56.02899932861328,49.94917588949104,70.11411675306313,37.4364698618638,41.11667751704828,56.210999881519996,48.87626587082241
105,Cloud Engineer,0,16.666666666666664,100.0,100.0,2.495170438068012,51.66075897216797,48.95672274486872,66.34367601774676,36.19590343108592,39.94908558219851,57.155820210774735,48.47953988122768
105,Data Scientist,0,0.0,100.0,100.0,6.7452272564183735,43.810752868652344,42.58339701876061,65.51291849040093,28.229246273450762,32.45105531618895,48.90777991799747,42.366804809956186
105,Software Engineer,0,0.0,100.0,100.0,0.7407282717083862,35.98505783081055,40.50886791537784,62.321335254427446,25.636084894222304,30.010432841620986,47.526774911319514,41.307187342066186
105,Web Developer,0,14.285714285714285,100.0,100.0,0.8164085947559118,40.688419342041016,46.225724190519536,63.42419106233775,32.78215523814943,36.73614610649358,54.239132825066065,47.20289563436869
106,AI Engineer,1,25.0,100.0,100.0,7.830150993170598,61.55854415893555,54.15830427281592,69.85892965048603,42.6978803410199,46.068593262136375,62.333860733929804,52.85237958703011
106,Cloud Engineer,0,33.33333333333333,100.0,100.0,1.7123602628113719,53.21649169921875,54.90599446097118,66.52204276046848,43.63249307621399,46.94822877761316,64.2931063782935,55.20414200716279
106,Data Scientist,0,25.0,100.0,100.0,3.997836409780517,45.86198806762695,51.22897367161112,65.35226718709403,39.036217089513904,42.62232196660132,59.56388024722829,52.176088778196565
106,Software Engineer,0,28.57142857142857,100.0,100.0,1.3586520804814444,50.14072799682617,52.724907011596144,65.73062617168637,40.90613376449518,44.38224354305429,61.789540234734034,53.180938602437905
106,Web Developer,0,14.285714285714285,100.0,100.0,2.9811864028081927,53.57587432861328,48.48355910971322,66.89778324571265,35.60444888714153,39.392422482015554,56.513389587402344,47.584915247554385
107,AI Engineer,1,37.5,100.0,100.0,12.99172962541062,57.79522705078125,58.74304350142879,70.18160538681352,48.428804376785976,51.462404119327985,66.81680477366729,58.91030522801364
107,Cloud Engineer,0,50.0,100.0,100.0,3.9613644708983404,57.7092399597168,61.75059066459227,68.07783179168042,52.18823833074035,55.000694899520326,71.94868940465591,62.46377020074677
107,Data Scientist,0,25.0,100.0,100.0,5.884731236877273,45.567405700683594,51.467820540634136,65.7197239086679,39.33477567579266,42.903318283098976,59.51189512365005,52.50907021827246
107,Software Engineer,0,42.857142857142854,100.0,100.0,2.21035028980465,48.011695861816406,57.53330692274316,65.43585680422024,46.91663365342895,50.03918461499195,67.29618162267349,59.21359122761259
107,Web Developer,0,14.285714285714285,100.0,100.0,2.403156905051814,48.93994903564453,47.70146589110445,65.69456290939145,34.62683236388057,38.472312813064065,55.69528512393727,47.482910042067964
108,AI Engineer,1,50.0,8.333333333333332,100.0,21.71287768967617,69.67701721191406,47.8751509019052,46.73100138754646,57.76060529404817,38.67664811988847,52.49202264523975,44.0277627295507
108,Cloud Engineer,0,50.0,8.333333333333332,100.0,3.1755230478908465,58.164215087890625,43.36762738703389,39.79634982620598,52.12620090045903,33.3736792788634,50.460351682176785,40.75646485158859
108,Data Scientist,0,50.0,8.333333333333332,70.0,7.982829787626973,51.74019241333008,38.62511999681023,32.50018461047726,46.19806666267945,33.08837646683556,44.03258297490139,36.31069545271849
108,Software Engineer,0,42.857142857142854,12.5,100.0,2.7536703625431467,46.26025390625,39.85208864031897,38.23398252356765,46.69011080039871,29.237751341551732,46.39886833639706,38.72123594633114
108,Web Developer,0,0.0,12.5,100.0,0.09790363301504729,38.076717376708984,23.226193151458606,35.732604848397855,25.90774143932326,9.677874295833652,27.30765600765453,20.605512405826186
109,AI Engineer,1,25.0,100.0,100.0,14.738479410988676,55.55443572998047,54.29393727114537,70.0675958017621,42.86742158893171,46.22816149546514,61.274312187643616,54.071496366645064
109,Cloud Engineer,0,16.666666666666664,100.0,100.0,2.4315792881100395,45.89154052734375,48.0818013056514,64.9976430343355,35.10225163206425,38.91976624194283,56.1377228381587,48.468317913588045
109,Data Scientist,0,50.0,100.0,70.0,9.178122332177594,49.16510009765625,56.75148336447508,60.38689748380781,45.93935420559385,54.413509840558916,65.14678237017463,58.09025688214899
109,Software Engineer,0,42.857142857142854,100.0,100.0,5.207584876057228,40.051883697509766,56.78892028603505,64.29064659390008,45.98615035754382,49.16343563062947,65.89150888779585,59.74251497812775
109,Web Developer,0,14.285714285714285,100.0,100.0,0.7895498808016664,47.6247673034668,47.26214757764027,65.01868858098503,34.07768447205034,37.955467738400316,55.463194230023554,47.19815586131794
110,AI Engineer,1,25.0,100.0,100.0,13.439253886382355,51.166568756103516,53.44087339637288,68.75518984057366,41.8010917454661,45.22455693690927,60.499982721665326,53.84222127406748
110,Cloud Engineer,0,16.666666666666664,100.0,100.0,3.094520107084826,48.23136520385742,48.532216129974664,65.69058891790975,35.66527016246834,39.44966603526432,56.55063307519052,48.58530746987771
110,Data Scientist,0,25.0,100.0,100.0,6.527856452597762,42.382843017578125,51.08660492052638,65.13323833927136,38.85825615065798,42.454829318266334,58.94991347369026,52.62256290339961
110,Software Engineer,0,42.857142857142854,100.0,100.0,2.610296366262165,36.20903015136719,55.8228989776444,62.80445996560677,44.77862372205551,48.02693997369929,65.21335826200598,59.28416994698744
110,Web Developer,0,14.285714285714285,100.0,100.0,0.7080898240893465,40.17819595336914,46.13294286661877,63.28145056402887,32.66617858327347,36.62699160778679,54.14909340353573,47.183780557192236
111,AI Engineer,1,37.5,100.0,100.0,13.898793434691987,59.44684600830078,59.126845916448914,70.77207064069063,48.90855739556115,51.913936372292845,67.10826694264131,59.07037531200447
111,Cloud Engineer,0,33.33333333333333,100.0,100.0,2.3798022660148277,52.880035400390625,54.95564231662748,66.5984240768628,43.694552895784355,47.00663801956175,64.23373173732384,55.32192589008105
111,Data Scientist,0,50.0,100.0,100.0,6.963417626454812,57.89549255371094,62.22883652702486,68.81359465696133,52.78604565878108,55.56333709061749,71.9815575094784,62.993544287021436
111,Software Engineer,0,42.857142857142854,100.0,100.0,2.3853687993336847,49.94083023071289,57.848929854506984,65.92143054539535,47.31116231813373,50.41050571118469,67.63661709953757,59.24447684694124
111,Web Developer,0,0.0,100.0,100.0,1.94265833492004,47.318058013916016,42.389107452325405,65.214011465116,27.986384315406763,32.22247935567695,49.526716120102826,41.51929264733883
112,AI Engineer,1,25.0,100.0,100.0,11.803911355817814,51.04119873046875,53.17676651294298,68.34887155837382,41.470958141178734,44.91384295640351,60.47785859949448,53.55363141573255
112,Cloud Engineer,0,16.666666666666664,100.0,100.0,1.3976353162097956,46.9803581237793,48.09003234933169,65.01030617845902,35.11254043666462,38.929449822743166,56.329867119882614,48.285857212664475
112,Data Scientist,0,25.0,100.0,70.0,5.264313851326801,39.7004508972168,45.99471471228154,57.299561095817744,32.493393390351926,41.75848789680181,53.182432511273554,47.10546715023415
112,Software Engineer,0,42.857142857142854,100.0,100.0,1.8699705662523893,40.12836456298828,56.2997502693861,63.53807733751708,45.37468783673263,48.58794149339541,65.90500551111558,59.15352421757395
112,Web Developer,0,14.285714285714285,100.0,100.0,2.3282719144548913,46.008766174316406,47.2505557133157,65.00085494356262,34.06319464164462,37.94183025095965,55.17801756017349,47.469695043727334
113,AI Engineer,1,37.5,100.0,100.0,7.965606554667053,57.33233642578125,57.919691447067244,68.91490991856499,47.39961430883406,50.493754643608526,66.73511819278492,58.023342333176544
113,Cloud Engineer,0,33.33333333333333,100.0,100.0,3.9143025280912283,54.13492965698242,55.37405149442772,67.24213050424777,44.217564368034644,47.498884111091435,64.45518366495767,55.59272005397688
113,Data Scientist,0,25.0,100.0,100.0,1.6741640865311824,43.194454193115234,50.48029274194697,64.2004503722261,38.10036592743371,41.74152087287878,59.093138975255634,51.76602895644668
113,Software Engineer,0,42.857142857142854,100.0,100.0,2.9095207110313828,41.05767822265625,56.595079840053145,63.99243052315868,45.743849800066435,48.93538804712135,66.06900203929229,59.33697424312319
113,Web Developer,0,0.0,100.0,100.0,0.0950350909066866,32.3307991027832,39.86387512905348,61.329038660082276,24.829843911316857,29.25161779888645,46.88190572402057,41.19324148663059
114,AI Engineer,1,25.0,60.0,100.0,18.185399089186195,70.28056335449219,49.01989436655175,61.95368364084885,46.274867958189695,40.02340513711971,54.46127588608685,45.26801160397403
114,Cloud Engineer,0,33.33333333333333,60.0,100.0,2.804249593753342,54.215423583984375,47.21961764332732,54.696847656401005,44.02452205415915,37.90543252156155,55.05762376972273,45.98506365379961
114,Data Scientist,0,25.0,60.0,100.0,6.699337970235108,47.62919616699219,43.899280120584095,54.07581557012937,39.87410015073012,33.99915308304011,50.46397579417509,43.2410596418062
114,Software Engineer,0,28.57142857142857,100.0,100.0,1.8365934611048926,45.3326530456543,52.075386976013874,64.73136457848288,40.09423372001734,43.61810232472221,60.941056419821344,53.26528119901851
114,Web Developer,0,14.285714285714285,100.0,100.0,0.7560404109342639,43.128662109375,46.58270537804639,63.97339288930214,33.22838172255799,37.156123974172225,54.66976390165441,47.19224242545899
115,AI Engineer,1,25.0,60.0,100.0,19.029437591714796,52.904605865478516,46.540106518578995,58.138625413198454,43.17513314822375,37.10600766891647,51.39493044684915,45.41695957500849
115,Cloud Engineer,0,16.666666666666664,60.0,100.0,1.508222985974573,44.98323440551758,39.80705194205715,52.26725939803665,34.75881492757144,29.184766990655476,46.56566881665996,38.89360797791708
115,Data Scientist,0,50.0,60.0,100.0,14.347221059713494,51.66437530517578,54.401739454733395,56.77190685343598,53.00217431841675,46.35498759380399,61.47018387738397,54.88480371642003
115,Software Engineer,0,28.57142857142857,100.0,100.0,2.8591746713874002,36.07038879394531,50.83943451979991,62.82989926123063,38.549293149749886,42.16404061152931,59.30653919893153,53.44573670671542
115,Web Developer,0,0.0,100.0,100.0,0.09859779561249751,33.035396575927734,39.970099155731035,61.49246023958621,24.962623944663797,29.37658724203651,47.00624645457548,41.193870199225735
116,AI Engineer,1,50.0,8.333333333333332,100.0,6.706760715227508,51.81214141845703,42.944501986719345,39.14538767187592,51.59729415006585,32.87588469025806,49.33939750521792,41.37962443994211
116,Cloud Engineer,0,50.0,8.333333333333332,100.0,2.459979748022567,49.8927116394043,42.0195703747807,37.72241596120107,50.44112963514254,31.787729852683174,49.00067460303214,40.63019250455301
116,Data Scientist,0,50.0,8.333333333333332,100.0,1.3887655684824602,38.958316802978516,40.218729022385816,34.95189080367048,48.190077944648934,29.66909296751272,47.07107551425111,40.44115470816358
116,Software Engineer,0,57.14285714285714,12.5,100.0,2.892706230998423,38.706504821777344,43.739881657916364,36.52289485833287,51.54985207239546,33.81162547990161,50.94820673325482,44.62812462899972
116,Web Developer,0,0.0,12.5,100.0,0.09935597768896734,33.31952667236328,22.512832397507836,34.63512676539667,25.0160404968848,8.83862635000922,26.468151765711166,20.605768701945113
117,AI Engineer,1,25.0,100.0,100.0,6.37525268621623,60.37945556640625,53.76320623789337,69.25108651983595,42.204007797366714,45.60377204458044,62.125786276424634,52.59563282697934
117,Cloud Engineer,0,16.666666666666664,100.0,100.0,3.508240109928255,52.759490966796875,49.273492994842094,66.83101486385964,36.59186624355263,40.32175646452012,57.34971409217984,48.65831688214419
117,Data Scientist,0,50.0,100.0,100.0,2.1528740644506423,50.64973068237305,60.42039071202355,66.03137032619007,50.52548839002944,53.435753778851236,70.70289364983054,62.144624834903055
117,Software Engineer,0,42.857142857142854,100.0,100.0,3.7894334997831653,46.069026947021484,57.47876906702069,65.35195241080106,46.84846133377588,49.97502243178905,66.9533576965332,59.49225297054997
117,Web Developer,0,14.285714285714285,100.0,100.0,0.79144131629575,45.368247985839844,46.92395339532034,64.49838983895437,33.65494174415043,37.55759222978863,55.06498493867762,47.198489644052195
118,AI Engineer,1,25.0,60.0,100.0,6.039561522824734,62.27550506591797,45.997259988311406,57.30347690509447,42.49657498538926,36.46736469213106,53.04861854104435,43.124628504027896
118,Cloud Engineer,0,33.33333333333333,60.0,100.0,3.029282099376899,63.21417236328125,48.60318483606539,56.82541256830573,45.75398104508174,39.53315863066516,56.645638260186885,46.02477527243906
118,Data Scientist,0,25.0,60.0,70.0,1.4558847305714768,51.05634307861328,39.126834171377716,46.73359103288879,33.90854271422214,33.678628436914956,45.774648778578815,37.02162671715968
118,Software Engineer,0,28.57142857142857,100.0,100.0,1.9863227231653993,54.76343536376953,53.51246371304024,66.94225186621576,41.890579641300306,45.308780838870874,62.60531212301816,53.29170400997037
118,Web Developer,0,0.0,100.0,100.0,2.261500782993343,50.602596282958984,42.929614559892855,66.04556086137362,28.66201819986606,32.85837007046217,50.10634052052218,41.575558961704715
119,AI Engineer,1,25.0,60.0,100.0,17.883999386970554,58.652889251708984,47.230533295801926,59.200820455079885,44.03816661975241,37.918274465649326,52.409333397360406,45.2148234212301
119,Cloud Engineer,0,16.666666666666664,60.0,100.0,0.8798138185728608,36.67491912841797,38.46654327538195,50.20493837238249,33.08317909422745,27.607697971037595,45.09949553246591,38.78271224249325
119,Data Scientist,0,50.0,60.0,100.0,6.8035396363925384,45.61994552612305,52.36352277437734,53.63618888365744,50.45440346797167,43.95708561691452,60.4035197987276,53.55356581818692
119,Software Engineer,0,42.857142857142854,100.0,100.0,2.0014649985603,37.67972946166992,55.95217916903454,63.00335256774544,44.94022396129318,48.17903431651122,65.47289343441234,59.176729117393
119,Web Developer,0,14.285714285714285,100.0,100.0,0.7748163497489409,39.377506256103516,46.02284839087787,63.11207444750441,32.528560488597336,36.49746869515043,54.00779522166533,47.19555582642628
120,AI Engineer,0,25.0,100.0,100.0,3.350801919821462,49.25419616699219,51.640749713022046,65.98576878926468,39.55093714127756,43.10676436826123,60.1625052059398,52.061906221144966
120,Cloud Engineer,1,16.666666666666664,100.0,100.0,3.3197970007051754,53.75848388671875,49.39507546644692,67.01806482017476,36.743844333058654,40.46479466640814,57.52600696040134,48.625062215810715
120,Data Scientist,0,25.0,100.0,100.0,1.032647735277381,48.45858383178711,51.173684735059666,65.26720728470718,38.96710591882459,42.557276158893735,60.022103029138904,51.65282018857836
120,Software Engineer,0,14.285714285714285,100.0,100.0,1.0332767853701499,38.109867095947266,45.87147158219761,62.87918704953478,32.33933947774702,36.31937833199719,53.78409419340246,47.24116649153591
120,Web Developer,0,0.0,100.0,100.0,0.11470136332394688,37.07205581665039,40.578013576996156,62.4277131953787,25.72251697124519,30.091780678819,47.71859808529125,41.19671200529247
121,AI Engineer,0,37.5,8.333333333333332,100.0,2.9422796661738597,55.273460388183594,38.52402767482028,39.07542719203121,46.07170126019203,27.675326676259157,44.80315967634613,35.56824543128558
121,Cloud Engineer,1,33.33333333333333,8.333333333333332,100.0,4.145432628692227,55.884944915771484,37.33788996500289,39.49418968974803,44.58902912292028,26.27987054706222,43.19538243611653,34.06488026780843
121,Data Scientist,0,50.0,8.333333333333332,100.0,2.2454205538411975,52.44329071044922,42.36997335631023,38.26149747124651,50.87913336205445,32.199968654482625,49.45077679204007,40.59232911734453
121,Software Engineer,0,42.857142857142854,12.5,100.0,3.9523314476821234,46.53802490234375,40.07355345250388,38.57469761923674,46.96694181562985,29.49829817941633,46.447886747472424,38.93276437312038
121,Web Developer,0,0.0,12.5,100.0,0.09939437181972068,38.047576904296875,23.222045691417488,35.72622414064229,25.90255711427186,9.672994931079398,27.302513571346505,20.60577547737995
122,AI Engineer,0,25.0,100.0,100.0,3.929465025709944,49.69144058227539,51.793135841197795,66.22020898645815,39.74141980149726,43.28604216611506,60.23966598510742,52.16402323983117
122,Cloud Engineer,1,33.33333333333333,100.0,100.0,3.925587292740239,55.62789535522461,55.59968906386139,67.58926522645342,44.49961132982674,47.76434007513105,64.7186481999416,55.59471148303259
122,Data Scientist,0,25.0,100.0,70.0,4.279395448221115,45.673770904541016,46.74297495291432,58.45073069679127,33.428718691142905,42.638794062252146,54.23654780668371,46.93165802027431
122,Software Engineer,0,28.57142857142857,100.0,100.0,1.4543390306577468,42.06842803955078,51.52841506053128,63.889869323894274,39.410518825664106,42.97460595356621,60.36501671286191,53.197824534821955
122,Web Developer,0,14.285714285714285,100.0,100.0,0.8818691708692187,45.8714485168457,47.012997653157235,64.63538100485728,33.76624706644655,37.662350180184994,55.15378503238454,47.21444750074163
123,AI Engineer,0,25.0,100.0,100.0,2.197908206963288,43.91243362426758,50.66655127468463,64.48700196105327,38.33318909335579,41.960648558452505,59.219841227811926,51.85845438946411
123,Cloud Engineer,1,16.666666666666664,100.0,100.0,3.972985573253908,51.17205810546875,49.10508988514172,66.57193315662829,36.38136235642717,40.123635158990275,57.069578881357224,48.74033078743696
123,Data Scientist,0,25.0,100.0,100.0,1.7843935931073278,42.53441619873047,50.397821468775675,64.07357149042411,37.997276835969586,41.64449584561844,58.97666168212891,51.78548122231306
123,Software Engineer,0,28.57142857142857,100.0,100.0,2.3250158274795196,38.490516662597656,51.122329873511575,63.2651228823255,38.902912341889476,42.4968586747195,59.73362058751723,53.35147338131992
123,Web Developer,0,14.285714285714285,100.0,100.0,0.8412258725107966,44.38290786743164,46.78362006099136,64.28249240152516,33.47952507623921,37.39249418940161,54.89110138837029,47.20727515397249
124,AI Engineer,0,37.5,100.0,100.0,2.2074019165972887,55.01309585571289,56.708074665846524,67.05088410130234,45.88509333230816,49.06832313629003,66.3258404451258,57.00718857351717
124,Cloud Engineer,1,33.33333333333333,100.0,100.0,3.5350481235333575,58.480255126953125,55.968962154239634,68.15737767318919,44.961202692799546,48.198779004987806,65.22200580671722,55.52579280611373
124,Data Scientist,0,50.0,100.0,100.0,3.0104396493865044,52.93632888793945,60.8920152805989,66.75694658553677,51.115019100748626,53.990606212469295,71.10641098022461,62.295959938127034
124,Software Engineer,0,42.857142857142854,100.0,100.0,3.7878916099591473,46.29301452636719,57.512135920448955,65.40328603145993,46.89016990056119,50.01427755346936,66.99288491641774,59.491980872345735
124,Web Developer,0,0.0,100.0,100.0,0.10387736343622296,43.099639892578125,41.480527588402154,63.816196289849465,26.850659485502696,31.15356186870841,48.78228939280791,41.194801887665214
125,AI Engineer,0,37.5,60.0,100.0,6.034223114661651,57.978118896484375,49.72685130167191,56.31054046411062,47.15856412708989,40.85511917843754,57.437315099379596,48.27074525552853
125,Cloud Engineer,1,33.33333333333333,60.0,100.0,4.459285796077294,63.09278106689453,48.799476696112436,57.12740004530119,45.99934587014055,39.76409023072051,56.624216266706874,46.27712886597442
125,Data Scientist,0,50.0,60.0,100.0,5.7222858194359185,62.046878814697266,54.66537469511998,57.17749953095381,53.33171836889998,46.66514670014115,63.30239037906423,53.36275632107693
125,Software Engineer,0,28.57142857142857,100.0,100.0,2.059481381507829,50.37552261352539,52.865250599254985,65.9465393834692,41.081563249068736,44.54735364618234,61.83097457885742,53.30461436144256
125,Web Developer,0,0.0,100.0,100.0,0.10063614512149265,44.35997772216797,41.66909208009342,64.10629550783602,27.08636510011678,31.375402447168728,49.00470195097082,41.194229907962615
126,AI Engineer,0,37.5,8.333333333333332,100.0,4.066004941148468,47.39140701293945,37.510278459779855,37.515813015045936,44.80451474139149,26.482680540917478,43.4122090807148,35.76654989157522
126,Cloud Engineer,1,50.0,8.333333333333332,100.0,4.071361077146228,54.60525894165039,42.96815966948616,39.18178410690179,51.62686625352437,32.90371725821902,49.83230059754616,40.91455391557483
126,Data Scientist,0,25.0,8.333333333333332,70.0,4.250754510188326,43.32868957519531,28.05358327947421,29.697820429960323,32.98364576600944,20.651274446440247,32.25408247405407,25.35797628611166
126,Software Engineer,0,42.857142857142854,12.5,100.0,2.232156696499116,42.410831451416016,39.19644822218727,37.225304957211186,45.87056027773409,28.466409673161497,45.719558491426355,38.62920412291161
126,Web Developer,0,14.285714285714285,12.5,100.0,0.8759670380606248,45.94820022583008,29.523625089583604,37.72865398397477,33.77953136197951,17.0866177524513,34.579094157499426,26.625170653775402
127,AI Engineer,0,12.5,8.333333333333332,100.0,1.658307643585602,55.76271438598633,29.654819971102455,38.89203072477301,34.98519163054474,17.24096467188524,34.59538097007602,25.04754448612295
127,Cloud Engineer,1,16.666666666666664,8.333333333333332,100.0,3.9494733894304628,61.24966049194336,32.279870082206074,40.686979613650365,38.26650426942425,20.32925892024244,37.27935185151942,27.167554127546552
127,Data Scientist,0,0.0,8.333333333333332,100.0,1.1448647528729483,43.1932373046875,23.317381975300737,35.87289534661652,27.063394135792585,9.785155265059688,27.23017913219976,19.80987809364425
127,Software Engineer,0,0.0,12.5,100.0,0.892164339441943,42.873138427734375,24.064795415076446,37.02276217704068,26.95599426884556,10.664465194207585,28.15408325195313,20.74567605990152
127,Web Developer,0,14.285714285714285,12.5,100.0,0.9833169091484086,46.42702865600586,29.611551834773138,37.86392589965098,33.88943979346642,17.19006098208605,34.66359329223633,26.644114748673246
128,AI Engineer,0,37.5,60.0,100.0,4.109656254429507,46.26447677612305,47.68111995458288,53.16326146858905,44.60139994322861,38.44837641715633,55.37020178402172,47.93111580960521
128,Cloud Engineer,1,50.0,60.0,100.0,4.115069892170083,52.970062255859375,53.062769822204416,54.71195357262218,51.32846227775553,44.77972920259343,61.70059922162224,53.07912998097119
128,Data Scientist,0,25.0,60.0,70.0,4.296389235057256,41.81163024902344,38.1662029226121,45.25569680401862,32.70775365326514,32.54847402660248,44.143228867474726,37.52289221795128
128,Software Engineer,0,28.57142857142857,100.0,100.0,1.4601143154552172,38.10786056518555,50.93519623209612,62.977224972455566,38.668995290120144,42.27670144952484,59.6660930409151,53.198843702727395
128,Web Developer,0,14.285714285714285,100.0,100.0,0.8853711367166013,41.34981155395508,46.33527740360075,63.592734467078074,32.91909675450094,36.8650322395303,54.35584909775678,47.21506549471469
129,AI Engineer,0,12.5,8.333333333333332,100.0,1.7871472625421891,49.63813018798828,28.755458284246235,37.50839736037883,33.86098952197447,16.182892099113218,33.51457199395872,25.070280889468226
129,Cloud Engineer,1,0.0,8.333333333333332,100.0,3.594745398636324,54.30629348754883,25.35182249959444,39.00280384552991,29.606444791159717,12.178614705405225,29.19130669388117,20.242209972308373
129,Data Scientist,0,25.0,8.333333333333332,70.0,1.8446530187138273,49.92609786987305,28.682279299954693,30.665045076853378,33.76951579161004,21.390916823476115,33.41833099664426,24.93337014055734
129,Software Engineer,0,28.57142857142857,12.5,100.0,2.403532203480377,44.16504669189453,34.48528683430624,37.66967205277882,39.981608542882796,22.923866863889685,40.14677294562845,32.777093918261244
129,Web Developer,0,0.0,12.5,100.0,0.10471301393640144,40.86119079589844,23.64488557147523,36.37674703303881,26.431106964344032,10.170453613500264,27.799033669864432,20.606714061282897
130,AI Engineer,0,50.0,100.0,100.0,6.649518654779657,55.97587203979492,61.893808604186184,68.29816708336335,52.367260755232735,55.16918659316022,71.64280094819911,62.93815035084347
130,Cloud Engineer,1,50.0,100.0,100.0,5.416410020423506,63.69060134887695,62.866051705395066,69.79392570060779,53.582564631743836,56.31300200634714,73.00422376744888,62.72054294478062
130,Data Scientist,0,50.0,100.0,70.0,2.644184431043299,46.86949920654297,55.427052545637935,58.34931160867375,44.28381568204743,52.85535593604463,64.7416763305664,56.937209017242935
130,Software Engineer,0,42.857142857142854,100.0,100.0,3.292069428514556,47.5284538269043,57.62307848831283,65.57396690509665,47.02884811039104,50.144798221544505,67.21090361651252,59.404482840326104
130,Web Developer,0,0.0,100.0,100.0,0.11704580242192855,38.35542297363281,40.77087031640821,62.72441587139724,25.963587895510265,30.318670960480247,47.94507464240579,41.197125729839165
131,AI Engineer,0,37.5,8.333333333333332,100.0,4.1499693455437905,55.61894226074219,38.75700340760956,39.4338513963224,46.362920926178624,27.949415773658306,44.86412706562116,35.78136713940969
131,Cloud Engineer,1,33.33333333333333,8.333333333333332,100.0,4.976587107860909,64.5741195678711,38.76593933469313,41.691188720040714,46.37409083503309,27.95992862905074,44.728766198251755,34.21155458766172
131,Data Scientist,0,50.0,8.333333333333332,70.0,2.3794460354697033,50.397342681884766,37.58318497426984,30.89720765272282,44.895647884503965,31.86257055796452,43.795609492881624,35.32186302586721
131,Software Engineer,0,42.857142857142854,12.5,100.0,2.962464137601489,50.63943862915039,40.54028541501278,39.29274679232736,47.55035676876598,30.04739460589739,47.171665640438306,38.75808190663556
131,Web Developer,0,0.0,12.5,100.0,0.10532705936527294,44.815223693847656,24.238082612981938,37.28935786612605,27.17260326622743,10.868332485861105,28.496804181267233,20.60682242224093
132,AI Engineer,0,25.0,60.0,100.0,2.367420067399699,56.795753479003906,44.62447603196054,55.1915015876316,40.780595039950676,34.85232474348299,52.08160355511834,42.47660354130583
132,Cloud Engineer,1,16.666666666666664,60.0,100.0,4.264435997115333,61.480224609375,42.69503242430687,56.71030629380545,38.368790530383606,32.58239108741986,49.47690238204657,39.37999850929486
132,Data Scientist,0,50.0,60.0,100.0,2.444039644645699,57.37747573852539,53.47322730747567,55.34342662688563,51.84153413434459,45.262620361736076,62.47837807150449,52.784242290231596
132,Software Engineer,0,42.857142857142854,100.0,100.0,4.301935657616767,51.15321350097656,58.318272373789,66.64349595967538,47.89784046723626,50.96267338092824,67.85056708840763,59.58269452781473
132,Web Developer,0,0.0,100.0,100.0,0.10818631938078929,48.2778205871582,42.25790103598085,65.01215543997054,27.822376294976067,32.06811886585982,49.6960859859691,41.195562291655435
133,AI Engineer,0,37.5,100.0,100.0,2.942871153714173,57.13318634033203,57.136408624106934,67.70985942170297,46.420510780133675,49.572245440125805,66.6999740600586,57.13697726242015
133,Cloud Engineer,1,50.0,100.0,100.0,5.191187672757403,61.59398651123047,62.51777612759818,69.25811711938182,53.147220159497735,55.90326603246845,72.63423291374656,62.680797824604255
133,Data Scientist,0,25.0,100.0,100.0,1.6427570269620495,41.62582778930664,50.24028772244031,63.831211880677394,37.80035965305038,41.45916202640036,58.816322551054114,51.76048653416978
133,Software Engineer,0,42.857142857142854,100.0,100.0,3.1007616460976135,46.085052490234375,57.3778721204498,65.19672633915354,46.722340150562246,49.85632014170565,66.95618573357078,59.370722643429
133,Web Developer,0,0.0,100.0,100.0,0.11217886467044193,36.63467788696289,40.512028512745005,62.32619771191539,25.64003564093125,30.014151191464705,47.64141374475816,41.19626685847126
134,AI Engineer,0,37.5,100.0,100.0,2.136280619701546,36.328433990478516,53.89470719152701,62.72262644850309,42.36838398940877,45.75847904885531,63.02854717479033,56.99463775641792
134,Cloud Engineer,1,33.33333333333333,100.0,100.0,5.006106150398662,45.121212005615234,54.18576439006875,65.41399649754166,42.73220548758594,46.10089928243382,62.86452760883406,55.7853912814429
134,Data Scientist,0,25.0,100.0,100.0,0.9264830115342113,28.964679718017578,48.23367440943277,60.74411447605042,35.29209301179097,39.098440481685614,56.58200230317958,51.63408523732957
134,Software Engineer,0,42.857142857142854,100.0,100.0,2.4838952690307274,29.560016632080078,54.80658678516662,61.240902746410185,43.508233481458284,46.831278570784264,64.04000293507296,59.261863871005424
134,Web Developer,0,14.285714285714285,100.0,100.0,0.8546530290735141,36.126495361328125,45.547172258560245,62.380265013169605,31.933965323200308,35.93784971595323,53.43408741670496,47.209644652189446
135,AI Engineer,0,25.0,100.0,100.0,3.720911665742725,46.50779724121094,51.28430633604305,65.43739436314316,39.10538292005381,42.68741921887417,59.6778465719784,52.127219705719305
135,Cloud Engineer,1,33.33333333333333,100.0,100.0,3.697751333280044,56.637264251708984,55.71691900441502,67.76961898115131,44.64614875551878,47.90225765225296,64.8967721228506,55.5545051372455
135,Data Scientist,0,25.0,100.0,100.0,4.421169375972429,41.58107376098633,50.65033647054381,64.46205610852894,38.31292058817977,41.94157231828684,58.80842478135053,52.25079459575984
135,Software Engineer,0,42.857142857142854,100.0,100.0,3.6197558339270337,40.45777893066406,56.61163021468866,64.01789263798256,45.76453776836084,48.954859076104306,65.96313745835248,59.462309853045944
135,Web Developer,0,0.0,100.0,100.0,0.1097041104461289,38.16704559326172,40.74151245555618,62.679249931624895,25.926890569445224,30.284132300654324,47.91183157528148,41.195830137137555
136,AI Engineer,0,25.0,100.0,100.0,2.2814678106720434,59.95863723754883,53.08601575723313,68.20925501112788,41.35751969654141,44.80707736145074,62.05152421839097,51.87320020188331
136,Cloud Engineer,1,33.33333333333333,100.0,100.0,4.6601045027033,64.6677474975586,57.065844466705954,69.84488892313736,46.332305583382436,49.489228784359945,66.31391622505936,55.72433216714372
136,Data Scientist,0,25.0,100.0,70.0,1.7750986934981032,49.437965393066406,46.93195961298468,58.741476327668735,33.66494951623085,42.86112895645256,54.90081742230584,46.48972329885261
136,Software Engineer,0,14.285714285714285,100.0,100.0,1.5167587508454066,47.536521911621094,47.35799209936997,65.16614169133842,34.19749012421247,38.06822599925879,55.447621513815484,47.32648683838448
136,Web Developer,0,0.0,100.0,100.0,0.1212160732514719,39.32039260864258,40.91624130228411,62.94806354197554,26.145301627855137,30.489695649746007,48.115363401525165,41.197861659985556
137,AI Engineer,0,25.0,60.0,100.0,4.024014928176475,49.721778869628906,43.811869069670806,53.94133703026278,39.76483633708851,33.89631655255389,50.8332550946404,42.76894381085467
137,Cloud Engineer,1,33.33333333333333,60.0,100.0,4.499105123135333,60.42131042480469,48.404728998857664,56.520095895678466,45.50591124857209,39.29968117512667,56.15278027104396,46.284155806043486
137,Data Scientist,0,0.0,60.0,100.0,4.201275027578087,47.59678649902344,34.76970922899023,53.49186035229266,28.46213653623779,23.25848144587086,40.16413879394532,32.5061073578079
137,Software Engineer,0,28.57142857142857,100.0,100.0,2.1669677920476302,45.78569030761719,52.19289871494972,64.91215186915342,40.241123393687154,43.75635142935261,61.02100417193245,53.32358255153782
137,Web Developer,0,14.285714285714285,100.0,100.0,0.7940767278894456,48.40812683105469,47.38033053384162,65.2005085136025,34.22541316730203,38.0945065104019,55.60143414665671,47.19895471668638
138,AI Engineer,0,25.0,100.0,100.0,5.250528463196968,48.11037826538086,51.75413600928667,66.16020924505641,39.69267001160834,43.24016001092549,59.96065498800839,52.39715208174064
138,Cloud Engineer,1,16.666666666666664,100.0,100.0,3.2353111731988236,57.013702392578125,49.87068536819987,67.74977236133314,37.33835671024985,41.024335727293966,58.10045728496476,48.61015295213312
138,Data Scientist,0,25.0,100.0,100.0,1.0177748356267777,38.63411331176758,49.69778322210915,62.996589572475614,37.12222902763644,40.820921437775475,58.28837293737075,51.65019555922825
138,Software Engineer,0,28.57142857142857,100.0,100.0,1.8845457244702108,38.191707611083984,51.01143800033313,63.0945200005125,38.76429750041641,42.36639764745074,59.68088957842659,53.2737433631418
138,Web Developer,0,0.0,100.0,100.0,0.11304935576296948,36.13873291015625,40.437767339887884,62.211949753673665,25.54720917485986,29.926785105750447,47.55389404296876,41.19642047454641
139,AI Engineer,0,37.5,60.0,100.0,2.4584693427155373,54.2376708984375,48.62942103617296,54.62218620949685,45.7867762952162,39.564024748438776,56.77723604090074,47.639729884008624
139,Cloud Engineer,1,50.0,60.0,100.0,4.220188624935176,55.5897216796875,53.471486545693395,55.340748531836,51.83935818211675,45.260572406698124,62.162892061121326,53.0976803455768
139,Data Scientist,0,25.0,60.0,70.0,0.7070469881551072,46.05720138549805,38.264637256047976,45.4071342400738,32.83079657005997,32.664279124762324,44.89244730332319,36.889478880262665
139,Software Engineer,0,42.857142857142854,100.0,100.0,2.4811366027442703,47.19824981689453,57.45190796294582,65.31062763530126,46.814884953682274,49.94342113287743,67.15263232062844,59.26137704754311
139,Web Developer,0,0.0,100.0,100.0,0.11724052875055997,39.477848052978516,40.939263287259365,62.98348198039902,26.174079109074203,30.516780337952188,48.14314965640798,41.19716009330892
140,AI Engineer,0,25.0,60.0,100.0,2.1664487751236376,52.5599250793457,43.9589560781704,54.16762473564677,39.948695097713,34.06936009196517,51.33410442576689,42.44113801913947
140,Cloud Engineer,1,16.666666666666664,60.0,100.0,3.9161188358507197,61.43702697753906,42.63630520534179,56.61995672616686,38.29538150667725,32.51330024157859,49.4692792705461,39.31853077495404
140,Data Scientist,0,25.0,60.0,70.0,1.7588529411184863,51.57481384277344,39.25005001758379,46.92315387320583,34.062562521979736,33.82358825598093,45.86614361931296,37.075091695491494
140,Software Engineer,0,28.57142857142857,100.0,100.0,2.2917370596406403,48.79273223876953,52.66267039476152,65.63487753040233,40.8283379934519,44.30902399383708,61.5516586303711,53.34560065758364
140,Web Developer,0,0.0,100.0,100.0,0.09984251274737588,43.84600830078125,41.591877622029294,63.98750403389122,26.98984702753662,31.284561908269758,48.91400146484375,41.19408985519072
141,AI Engineer,0,25.0,100.0,100.0,1.6757554372222174,41.91529846191406,50.28865808487044,63.9056278228776,37.86082260608806,41.516068335141696,58.86740561092601,51.76630978303922
141,Cloud Engineer,1,16.666666666666664,100.0,100.0,2.973690545253406,47.877227783203125,48.46097108260181,65.58098115272074,35.57621385325227,39.365848332472716,56.48813823625152,48.56398460602511
141,Data Scientist,0,25.0,100.0,100.0,0.9354733575465553,27.736865997314453,48.05085090322915,60.462847543429454,35.063563629036445,38.883354003799,56.365329293643725,51.6356717689788
141,Software Engineer,0,42.857142857142854,100.0,100.0,2.5079983315251284,32.02259063720703,55.179588345309824,61.81475130047665,43.974485431637284,47.27010393565862,64.47457481833065,59.26611735262208
141,Web Developer,0,14.285714285714285,100.0,100.0,0.8629463559410461,38.9929313659668,45.978381658286175,63.04366408967103,32.472977072857724,36.445154892101385,53.93992906458237,47.21110818046019
142,AI Engineer,0,25.0,8.333333333333332,100.0,3.831183587966179,53.15821075439453,33.96507581802077,38.79242433541657,40.37301143919264,22.31185390355385,39.28282150567747,30.57805200571952
142,Cloud Engineer,1,33.33333333333333,8.333333333333332,100.0,3.809494253994145,60.900123596191406,38.03977601086116,40.574014375683845,45.466386680243126,27.105618836307247,44.080413967955344,34.00559702521465
142,Data Scientist,0,25.0,8.333333333333332,100.0,4.5113566646467955,57.698272705078125,34.748111072125404,39.99709395711601,41.351805506823425,23.2330718495593,40.08400890873928,30.69808254866316
142,Software Engineer,0,28.57142857142857,12.5,100.0,1.5113377639346333,49.20506286621094,35.107460094521834,38.626861683879746,40.7593251181523,23.655835405319806,41.036187564625465,32.61964784069435
142,Web Developer,0,0.0,12.5,100.0,0.11194196098660801,47.489784240722656,24.64025893025639,37.90809066193291,27.67532366282049,11.341481094419283,28.968785454245175,20.60798975782117
143,AI Engineer,0,25.0,100.0,100.0,2.884408916154487,49.31494140625,51.57990254836067,65.89215776670872,39.47487818545084,43.035179468659614,60.17322495404412,51.97960157343903
143,Cloud Engineer,1,16.666666666666664,100.0,100.0,2.857719524395862,53.91666793823242,49.34949145272757,66.94793556829883,36.686864315909474,40.41116641497362,57.5539217930214,48.54351913175613
143,Data Scientist,0,25.0,100.0,100.0,0.8889150735115734,44.511993408203125,50.56013627225721,64.3232865727034,38.200170340321506,41.83545443794965,59.32564589556526,51.62745560120793
143,Software Engineer,0,28.57142857142857,100.0,100.0,1.6266877201630532,41.06591796875,51.403890853336954,63.698293620518385,39.2548635666712,42.82810688627878,60.188103170955884,53.228239009440536
143,Web Developer,0,14.285714285714285,100.0,100.0,0.8199977233340976,46.83812713623047,47.14871872893468,64.8441826598995,33.93589841116835,37.822022034040806,55.32437537698185,47.20352901000013
144,AI Engineer,0,37.5,8.333333333333332,100.0,2.323214671919875,44.65275573730469,36.83806222805035,36.48163419700054,43.964244451729606,25.691837915353354,42.928917679132205,35.458998667593704
144,Cloud Engineer,1,33.33333333333333,8.333333333333332,100.0,3.750469578953776,52.084861755371094,36.70863303348206,38.52610210279292,43.80245795851925,25.539568274684775,42.52477952545764,33.99518090608988
144,Data Scientist,0,25.0,8.333333333333332,100.0,1.007554394226307,34.65097427368164,30.765445966852855,33.86991687208132,36.37347412523274,18.54758349041513,36.016838597316365,30.079764500941895
144,Software Engineer,0,28.57142857142857,12.5,100.0,1.8656212153654106,34.35987091064453,32.933823818901494,35.28280587523306,38.042279773626866,21.098616257531162,38.4164478077608,32.682168449770366
144,Web Developer,0,14.285714285714285,12.5,100.0,0.9294389689411434,38.0798454284668,28.351392659611193,35.92521947632491,32.314240824513995,15.707520776013164,33.19056095796473,26.634606876871967
145,AI Engineer,0,25.0,100.0,100.0,4.876484161411873,54.20402908325195,52.61207698669958,67.48011844107627,40.765096233374464,44.24950233729361,61.03600513233858,52.33114426377857
145,Cloud Engineer,1,16.666666666666664,100.0,100.0,3.9991683674510288,57.09140396118164,49.996919182628226,67.94397822968446,37.49614897828529,41.172846097209685,58.11416932648303,48.744951280530564
145,Data Scientist,0,25.0,100.0,100.0,5.245679945499121,51.081626892089844,52.19909602563834,66.84476311636668,40.248870032047925,43.76364238310393,60.48499298095704,52.39629646097043
145,Software Engineer,0,28.57142857142857,100.0,100.0,2.340303676329467,47.89659881591797,52.535535373837114,65.43928519051863,40.669419217296394,44.15945338098484,61.393517438103174,53.35417123699931
145,Web Developer,0,14.285714285714285,100.0,100.0,0.8396230243217271,47.86566925048828,47.3057938412215,65.08583667880231,34.13224230152688,38.00681628379,55.50570633832146,47.20699229840972
146,AI Engineer,0,25.0,100.0,100.0,1.9423926705281254,44.43913650512695,50.70722937634826,64.5495836559204,38.38403672043533,42.008505148645014,59.3127887950224,51.813363412446144
146,Cloud Engineer,1,16.666666666666664,100.0,100.0,2.727442874810319,44.29986572265625,47.88742962295331,64.69860967633844,34.85928702869165,38.69109367406273,55.856839049096195,48.52052913477044
146,Data Scientist,0,25.0,100.0,100.0,1.0640636024100627,44.147186279296875,50.53168748225604,64.27951920347083,38.16460935282005,41.8019852732424,59.26126816693474,51.65836416513119
146,Software Engineer,0,28.57142857142857,100.0,100.0,1.9472042347928236,36.25654602050781,50.730562538295096,62.662403905069375,38.413203172868876,42.035955927406,59.33939047420726,53.28480074731638
146,Web Developer,0,0.0,100.0,100.0,0.11819088125636615,34.118431091308594,40.13549329588475,61.74691276289961,25.169366619855932,29.571168583393817,47.197370192583875,41.197327802574655
147,AI Engineer,0,37.5,8.333333333333332,100.0,2.7437382985830188,51.16565704345703,37.87807596797268,38.08165533534258,45.26426162663251,26.91538349173256,44.078253203747316,35.53320871935779
147,Cloud Engineer,1,33.33333333333333,8.333333333333332,100.0,4.5853526161394695,58.195709228515625,37.75049261003159,40.12896298979219,45.10478242920617,26.76528542356658,43.60316437365962,34.142513206769706
147,Data Scientist,0,50.0,8.333333333333332,100.0,2.3377460115373867,50.12601089477539,42.03623020261359,37.74804646555936,50.46195441993365,31.807329650133628,49.041845059862325,40.608621845173275
147,Software Engineer,0,42.857142857142854,12.5,100.0,2.89036425332871,47.466922760009766,40.05359305200077,38.543989310770414,46.94199131500097,29.474815355295025,46.61180989882525,38.74535839764624
147,Web Developer,0,14.285714285714285,12.5,100.0,0.8594040919938386,52.06193923950195,30.438201499724368,39.13569461496056,34.92275187465546,18.162589999675728,35.65798927755917,26.62224778094009
148,AI Engineer,0,37.5,100.0,100.0,4.738821815421834,51.099151611328125,56.5006960140125,66.73184002155769,45.625870017515616,48.82434825177941,65.63514440199909,57.45390973213327
148,Cloud Engineer,1,33.33333333333333,100.0,100.0,3.921024632210288,54.82780456542969,55.47899104631266,67.40357596868614,44.348738807890825,47.62234240742666,64.57745570762485,55.59390630764495
148,Data Scientist,0,25.0,100.0,70.0,4.939495791754291,46.04554748535156,46.89775649156588,58.688856140870584,33.62219561445735,42.820889990077504,54.30215543859145,47.04814631619194
148,Software Engineer,0,28.57142857142857,100.0,100.0,2.2037029099678684,41.03458786010742,51.485743615511296,63.82422094694046,39.35717951938912,42.924404253542704,60.182574328254255,53.330065219406094
148,Web Developer,0,14.285714285714285,100.0,100.0,0.7906152183103823,39.805484771728516,46.08941499850583,63.214484613085894,32.6117687481323,36.575782351183335,54.08332084206974,47.19834386205477
149,AI Engineer,0,25.0,8.333333333333332,100.0,2.2802004179625928,52.42179489135742,33.62196596306467,38.26456302009949,39.944124120497506,21.908195250664317,39.1528657651415,30.304349093365943
149,Cloud Engineer,1,33.33333333333333,8.333333333333332,100.0,4.9873189529773025,57.63926696777344,37.72732122144594,40.093314699660425,45.0758181934741,26.73802496640699,43.50496868058746,34.213448442682264
149,Data Scientist,0,25.0,8.333333333333332,70.0,1.545744770172856,43.604801177978516,27.689248558889368,29.137305475214415,32.52822736527838,20.222645363399263,32.302808051015816,24.88062162610893
149,Software Engineer,0,28.57142857142857,12.5,100.0,2.129509146383289,45.11283874511719,34.58635218372507,37.82515720573088,40.107940229656336,23.042767274970668,40.31403036678539,32.72873690818529
149,Web Developer,0,14.285714285714285,12.5,100.0,0.8766202233733991,48.160343170166016,29.855544509030914,38.239299244662945,34.194430636288644,17.47711118709519,34.96947232414694,26.625285921771777
150,AI Engineer,0,25.0,8.333333333333332,100.0,2.224841351205198,50.69163513183594,33.35413813912283,37.85252021403514,39.609339340570216,21.593103693085688,38.84754345463771,30.29457984629111
150,Cloud Engineer,1,33.33333333333333,8.333333333333332,100.0,4.866236033825404,60.38268280029297,38.12067115845108,40.69846844889911,45.56750561473053,27.200789598177746,43.989100886326206,34.192080868714285
150,Data Scientist,0,25.0,8.333333333333332,100.0,1.5082169339143432,37.310699462890625,31.239504126187413,34.5992371172114,36.96604682440094,19.105298971985192,36.48620186600031,30.16811671382802
150,Software Engineer,0,28.57142857142857,12.5,100.0,2.0778085861753186,42.08040237426758,34.12373164406644,37.11343329856375,39.529664555083045,22.498507816548745,39.778894536635455,32.71961327991329
150,Web Developer,0,14.285714285714285,12.5,100.0,0.8553374988004548,46.481712341308594,29.600557476016355,37.84701150156362,33.87569684502045,17.177126442372185,34.67324335434858,26.62153014684714
151,AI Engineer,0,25.0,60.0,100.0,3.6471428829189136,50.6988525390625,43.901899313297214,54.079845097380314,39.877374141621516,34.00223448623201,51.00567985983456,42.702436979338636
151,Cloud Engineer,1,33.33333333333333,60.0,100.0,3.603996911580319,61.59901428222656,48.44711834573769,56.585310275493896,45.55889793217212,39.34955099498552,56.36061036353017,46.12619553341613
151,Data Scientist,0,25.0,60.0,70.0,4.720521030942208,55.2647590637207,40.24779201419943,48.45814156030682,35.3097400177493,34.997402369646395,46.51731042300954,37.59773900546039
151,Software Engineer,0,28.57142857142857,100.0,100.0,1.581409369695483,48.89390563964844,52.57129725140159,65.49430346369475,40.71412156425199,44.201526178119515,61.56951275993796,53.22024871229921
151,Web Developer,0,0.0,100.0,100.0,0.1171320337456774,46.96207809448242,42.06188151923422,64.71058695266802,27.57735189904277,31.83750766968731,49.46389613432043,41.197140947131594
152,AI Engineer,0,12.5,100.0,100.0,3.508851352844876,56.232208251953125,48.3361589407197,67.63255221649185,35.42019867589963,39.21901051849376,56.24686027975644,46.942738474031444
152,Cloud Engineer,1,16.666666666666664,100.0,100.0,3.3773543936218635,53.466773986816406,49.35995259039907,66.96402962625498,36.699940737998844,40.42347363576362,57.47452874277152,48.63521940279601
152,Data Scientist,0,25.0,100.0,100.0,4.9238431855345395,54.991119384765625,52.737244385545026,67.67268367006926,40.921555481931286,44.39675810064121,61.174903420841,52.33950173862374
152,Software Engineer,0,28.57142857142857,100.0,100.0,2.011195781077268,47.2951545715332,52.39595255289157,65.22454238906396,40.494940691114465,43.9952382975195,61.28738021850586,53.296093373131285
152,Web Developer,0,14.285714285714285,100.0,100.0,0.8359979823164148,48.357357025146484,47.379003251119435,65.19846654018374,34.2237540638993,38.092945001316984,55.5924747691435,47.206352585114665
153,AI Engineer,0,37.5,60.0,100.0,5.37760343281658,48.50284194946289,48.20706680734192,53.97241047283373,45.25883350917741,39.06713742040226,55.76520740284639,48.154871194026455
153,Cloud Engineer,1,33.33333333333333,60.0,100.0,3.043045989719493,49.791587829589844,46.591861739563065,53.731069342917536,43.239827174453836,37.16689616419184,54.276946871888406,46.02720419426422
153,Data Scientist,0,25.0,60.0,70.0,4.260449533308595,48.96028518676758,39.233110208011425,46.89709262770988,34.04138776001428,33.803659068248734,45.40475620942957,37.51654991764269
153,Software Engineer,0,42.857142857142854,100.0,100.0,2.376388556572155,44.29566192626953,57.000807572426254,64.61662703450193,46.251009465532825,49.41271479108971,66.64041092816521,59.24289209821862
153,Web Developer,0,14.285714285714285,100.0,100.0,0.8176623642117431,45.39048767089844,46.931222505266526,64.50957308502542,33.66402813158316,37.566144123842975,55.06890958898207,47.203116887802075
154,AI Engineer,0,25.0,100.0,100.0,2.427321199627,54.80683517456055,52.33512345612813,67.05403608635096,40.418904320160166,43.92367465426839,61.14238267786362,51.898939035228295
154,Cloud Engineer,1,33.33333333333333,100.0,100.0,4.667862470556109,61.539058685302734,56.59770484004549,69.12467411289049,45.74713105005687,48.938476282406455,65.76179466995538,55.72570122029421
154,Data Scientist,0,0.0,100.0,100.0,1.095832883610604,35.69485092163086,40.51860257078622,62.33631164736342,25.64825321348278,30.021885377395556,47.475561927346625,41.36985286181364
154,Software Engineer,0,14.285714285714285,100.0,100.0,1.7222616847088073,40.67462158203125,46.359532490011006,63.630049984632315,32.94941561251377,36.89356763530707,54.23669792624081,47.36275206200744
154,Web Developer,0,14.285714285714285,100.0,100.0,0.9412037547239859,40.25769805908203,46.1798352720709,63.353592726262924,32.72479409008863,36.68215914361282,54.163123186896826,47.22491830965718
155,AI Engineer,0,37.5,100.0,100.0,5.5585357487907165,49.837799072265625,56.43445022315845,66.62992342024377,45.54306277894807,48.746412027245235,65.41255277745864,57.59856513213954
155,Cloud Engineer,1,33.33333333333333,100.0,100.0,4.403161880797979,53.162776947021484,55.30155749083958,67.13060126795833,44.126946863549485,47.41359704804656,64.28362730437634,55.678989351513366
155,Data Scientist,0,25.0,100.0,100.0,1.883251341742808,39.11663818359375,49.89998342880049,63.307666813539214,37.3749792860006,41.05880403388292,58.373524385340076,51.80292670736638
155,Software Engineer,0,28.57142857142857,100.0,100.0,2.4746747495703323,35.41814041137695,50.68392227414209,62.590649652526295,38.354902842677625,41.98108502840246,59.19143654318417,53.377883779335946
155,Web Developer,0,0.0,100.0,100.0,0.10690407463792753,26.66974639892578,39.016497571034556,60.025380878514696,23.770621963793197,28.254703024746536,45.882896423339844,41.1953360131714
156,AI Engineer,0,25.0,60.0,100.0,3.656204529659553,50.55388259887695,43.88151306928047,54.04848164504688,39.8518913366006,33.97825066974174,50.98009692921359,42.704036093469334
156,Cloud Engineer,1,16.666666666666664,60.0,100.0,2.8571744353720487,51.06510925292969,40.92167588657858,53.98206546653116,36.15209485822324,30.496089278327755,47.63894084855622,39.1316582336931
156,Data Scientist,0,50.0,60.0,100.0,4.731094776459347,49.62955093383789,52.654096856544584,54.08322593314551,50.81762107068074,44.29893747828775,61.11109722361845,53.1878402546693
156,Software Engineer,0,42.857142857142854,100.0,100.0,2.103630372891318,41.81866455078125,56.58834423855089,63.98206805930906,45.73543029818862,48.92746381005987,66.20329374425552,59.19475830109847
156,Web Developer,0,14.285714285714285,100.0,100.0,0.8143670800723966,46.94134521484375,47.16335684423743,64.86670283728834,33.95419605529678,37.83924334616167,55.34259033203126,47.202535367071604
157,AI Engineer,0,25.0,100.0,100.0,1.6486446751367483,54.09699630737305,52.11184614737647,66.71053253442534,40.139807684220585,43.66099546750173,61.017116995418775,51.76152553090649
157,Cloud Engineer,1,33.33333333333333,100.0,100.0,5.97876561098498,59.031166076660156,56.418156419813435,68.84844577407195,45.522695524766796,48.72724284683934,65.31922538607728,55.95703706860519
157,Data Scientist,0,25.0,100.0,100.0,0.7333771884584631,40.9866943359375,50.00801072865939,63.473862659475984,37.51001341082424,41.18589497489341,58.70353429457721,51.60000773913973
157,Software Engineer,0,14.285714285714285,100.0,100.0,0.7338239342098694,39.03768539428711,45.965726399274544,63.02419446042237,32.45715799909319,36.430266352087706,53.94782683428596,47.18832187074292
157,Web Developer,0,0.0,100.0,100.0,0.12160652798029775,36.74498748779297,40.52998910236599,62.35382938825536,25.66248637795749,30.035281296901168,47.66088014490464,41.19793056376123
158,AI Engineer,0,37.5,8.333333333333332,100.0,4.13698246206856,58.06521224975586,39.121995873440326,39.995378266831274,46.81916150846708,28.378818674635678,45.29582176956475,35.77907533644347
158,Cloud Engineer,1,33.33333333333333,8.333333333333332,100.0,4.961013412854336,62.804378509521484,38.4981421216897,41.27919300772775,46.0393443187788,27.644873084340826,44.416458952660655,34.20880628854292
158,Data Scientist,0,50.0,8.333333333333332,100.0,2.371999814588234,51.58890914916992,42.260803011230394,38.093543094200605,50.742670430704656,32.0715329543887,49.300003575343716,40.61466663394695
158,Software Engineer,0,57.14285714285714,12.5,100.0,4.9795925668657715,51.10538101196289,45.912746036824295,39.86576313357584,54.26593254603037,36.367936513910934,53.13624370799345,44.996398688270425
158,Web Developer,0,0.0,12.5,100.0,0.1049974496421953,44.219791412353516,24.148718329299356,37.15187435276824,27.0608979116242,10.76319803446983,28.39172789629768,20.60676425581921
159,AI Engineer,0,25.0,8.333333333333332,100.0,4.4511622594088776,56.003177642822266,34.48481765200134,39.592027156925134,41.02268873166834,22.923314884707455,39.78487448598823,30.68746000656235
159,Cloud Engineer,1,16.666666666666664,8.333333333333332,100.0,3.590484316350678,52.62471389770508,30.932279732108363,38.61376369042312,36.58201633180212,18.74385850836278,35.757302452536194,27.10420311465012
159,Data Scientist,0,50.0,8.333333333333332,70.0,5.5457719080938235,55.691673278808594,38.85228344470203,32.84966683800312,46.482020972544206,33.35562758200239,44.729903127632895,35.88062641515381
159,Software Engineer,0,28.57142857142857,12.5,100.0,1.9959530773550658,45.01791000366211,34.55207946215258,37.7724299417732,40.065099327690724,23.002446426061855,40.297278235940375,32.70516819012148
159,Web Developer,0,14.285714285714285,12.5,100.0,0.8099951954343114,42.32038116455078,28.96955645399776,36.87624069845809,33.0869455674972,16.4347722988209,33.93889079374426,26.61352856390017
160,AI Engineer,0,25.0,100.0,100.0,2.5383913924700168,50.86063766479492,51.75985435858974,66.16900670552268,39.69981794823718,43.246887480693815,60.44599488202264,51.91853965749471
160,Cloud Engineer,1,16.666666666666664,100.0,100.0,3.7501700509127933,49.68018341064453,48.84788635256693,66.17623541420554,36.05985794070867,39.8210427677258,56.80630687638825,48.70101040114147
160,Data Scientist,0,25.0,100.0,100.0,1.8040962680884023,45.96872329711914,50.91592293478113,64.87065066889404,38.64490366847642,42.25402698209545,59.5827158759622,51.788958164956775
160,Software Engineer,0,14.285714285714285,100.0,100.0,1.5860202408578377,38.422882080078125,46.001335348140394,63.07897745867753,32.501669185175494,36.472159233106346,53.83933213177849,47.338709454269036
160,Web Developer,0,14.285714285714285,100.0,100.0,0.8505144061705081,38.62664794921875,45.92157435330839,62.956268235859056,32.40196794163548,36.3783227685981,53.87529081456801,47.208914306971266
161,AI Engineer,0,25.0,100.0,100.0,3.5637801927556523,48.76535415649414,51.59937015238747,65.92210792674996,39.49921269048434,43.058082532220546,60.076238968793085,52.099490622251004
161,Cloud Engineer,1,16.666666666666664,100.0,100.0,4.34441924376997,58.54603576660156,50.266901584889055,68.35933577162419,37.83362698111133,41.490472452810664,58.370869056851255,48.805877905763325
161,Data Scientist,0,25.0,100.0,100.0,1.8152485905389724,43.147396087646484,50.49439670172782,64.22214877188895,38.11799587715977,41.75811376673861,59.084834603702326,51.79092622185982
161,Software Engineer,0,42.857142857142854,100.0,100.0,3.1547107074712026,45.46186447143555,57.292486276836016,65.06536350282464,46.61560784604502,49.75586620804237,66.84621137731216,59.380243066024335
161,Web Developer,0,14.285714285714285,100.0,100.0,0.8557720030483726,51.625938415527344,47.872256562786355,65.95731778890209,34.84032070348295,38.67324301504278,56.169283249798944,47.209842118185
162,AI Engineer,0,50.0,100.0,100.0,5.483676118600514,56.789947509765625,61.84104354425492,68.2169900680845,52.30130443031866,55.10711005206462,71.78646132525276,62.732413432694216
162,Cloud Engineer,1,50.0,100.0,100.0,4.709487935206775,57.289527893066406,61.79985237424098,68.15361903729381,52.24981546780123,55.05864985204821,71.87462256936466,62.5957919885659
162,Data Scientist,0,50.0,100.0,100.0,5.405653470734452,52.87466812133789,61.24204823881085,67.29545882893977,51.55256029851357,54.40240969271865,71.0955296684714,62.71864473012961
162,Software Engineer,0,42.857142857142854,100.0,100.0,2.6739038748127024,43.437198638916016,56.91666537705931,64.48717750316817,46.14583172132414,49.31372397301095,66.48891740686753,59.29539480143754
162,Web Developer,0,0.0,100.0,100.0,0.09506762582700887,32.07471466064453,39.82546734297073,61.26994975841651,24.781834178713414,29.20643216820086,46.83671435187845,41.193247228087124
163,AI Engineer,0,37.5,100.0,100.0,5.904847953095362,50.87995529174805,56.64272048672651,66.95033921034847,45.80340060840814,48.99143586673707,65.59646269854377,57.65967905054624
163,Cloud Engineer,1,33.33333333333333,100.0,100.0,4.1680846208800535,54.66450881958008,55.49155568273568,67.42290617856771,44.36444460341961,47.637124332630215,64.54863881129845,55.637505129174905
163,Data Scientist,0,25.0,100.0,70.0,4.8653658074640145,50.9791145324707,47.62667205099021,59.81026469383109,34.53334006373776,43.67843770704731,55.17278491749483,47.03506455425836
163,Software Engineer,0,42.857142857142854,100.0,100.0,2.870777370876376,45.536170959472656,57.261042249552354,65.01698807623438,46.576302811940444,49.71887323476748,66.85932428696576,59.330137183095836
163,Web Developer,0,14.285714285714285,100.0,100.0,0.7787499802002823,43.251121520996094,46.60448072517946,64.006893423353,33.25560090647432,37.18174202962289,54.691374386058136,47.196249996505934
164,AI Engineer,0,25.0,100.0,100.0,2.424123110159345,55.592430114746094,52.45248298373582,67.23458920574741,40.565603729669775,44.06174468674802,61.281017079072846,51.89837466649871
164,Cloud Engineer,1,16.666666666666664,100.0,100.0,3.726519748695044,61.374629974365234,50.59850579179237,68.86949608993699,38.24813223974047,41.8805950491675,58.87003274057425,48.69683681839716
164,Data Scientist,0,25.0,100.0,100.0,1.9680484075575388,53.346466064453125,52.0471771708016,66.61104180123323,40.058971463502,43.584914318590116,60.88467048196232,51.817890895451335
164,Software Engineer,0,14.285714285714285,100.0,100.0,1.7301541301239152,45.886016845703125,47.14242564637406,64.83450099442163,33.92803205796757,37.81461840749889,55.15635591394761,47.36414484649246
164,Web Developer,0,0.0,100.0,100.0,0.11171763916434178,40.79056930541992,41.135343041687634,63.285143141057894,26.419178802109553,30.74746240198546,48.37480634801528,41.19618546573488
165,AI Engineer,0,37.5,100.0,100.0,2.4032516700999946,51.73979949951172,56.246457675441754,66.34070411606423,45.3080720943022,48.525244324049126,65.74819991167854,57.04175029472353
165,Cloud Engineer,1,33.33333333333333,100.0,100.0,5.560238165356965,57.500179290771484,56.125729285085924,68.39855787449117,45.15716160635742,48.3832109236305,65.04905124739103,55.883179284082594
165,Data Scientist,0,50.0,100.0,100.0,3.2775382048575343,51.991600036621094,60.790370736221796,66.60057036341814,50.98796342027725,53.871024395555054,70.93969412410961,62.3430949773278
165,Software Engineer,0,28.57142857142857,100.0,100.0,3.27953475764256,43.40828323364258,52.00317269869277,64.62026569029658,40.00396587336597,43.533144351403266,60.6014617471134,53.51991789840751
165,Web Developer,0,0.0,100.0,100.0,0.11309378925814856,43.04536819458008,41.473769297575735,63.80579891934728,26.84221162196967,31.145610938324396,48.772712034337665,41.19642831575144
166,AI Engineer,0,37.5,60.0,100.0,4.260615892879652,52.1627082824707,48.58849862630255,54.55922865585008,45.735623282878194,39.51588073682653,56.41106616749483,47.95775574580229
166,Cloud Engineer,1,33.33333333333333,60.0,100.0,4.474911630219444,57.3964729309082,47.947374350835815,55.81647336026022,44.93421793854476,38.761616883336245,55.61898541917988,46.27988636611716
166,Data Scientist,0,50.0,60.0,100.0,2.442886862732543,44.870304107666016,51.59697864555979,52.45689022393813,49.49622330694974,43.05526899477622,60.27123013664695,52.78403885812928
166,Software Engineer,0,57.14285714285714,100.0,100.0,5.128407341578447,46.90821838378906,62.80549385880512,65.85460593662326,53.506867323506405,56.2417574809472,72.98380324419807,65.61089541321972
166,Web Developer,0,14.285714285714285,100.0,100.0,0.8980560573086719,49.92768859863281,47.623861698391224,65.5751718436788,34.529827122989026,38.381013762813204,55.86959210564108,47.2173040101133
167,AI Engineer,0,37.5,100.0,100.0,3.5212471421197384,57.316226959228516,57.250621115202236,67.88557094646498,46.5632763940028,49.706613076708514,66.73227534574622,57.239043613315246
167,Cloud Engineer,1,33.33333333333333,100.0,100.0,4.854604998690385,59.779991149902344,56.36185608895558,68.76182988044448,45.452320111194474,48.66100716347715,65.45137098723767,55.75865578408262
167,Data Scientist,0,50.0,100.0,100.0,2.456510301330871,50.349056243896484,60.420834981784104,66.03205381812938,50.52604372723013,53.43627644915777,70.64983345480526,62.19820770023487
167,Software Engineer,0,42.857142857142854,100.0,100.0,3.058410891804398,48.9713134765625,57.80445865525503,65.85301331577698,47.255573319068795,50.35818665324122,67.46552590762867,59.363248980906654
167,Web Developer,0,14.285714285714285,100.0,100.0,0.9030643168974587,49.56621551513672,47.570391974805126,65.49291073046942,34.46298996850641,38.31810820565309,55.80580273796531,47.21818782062896
168,AI Engineer,0,12.5,100.0,100.0,1.2683518737606414,48.25414276123047,46.803374195248665,65.27442183884409,33.50421774406083,37.415734347351375,54.838966369628906,46.547356213016585
168,Cloud Engineer,1,0.0,100.0,100.0,1.9539936865527157,47.22826385498047,42.37733863122998,65.19590558650766,27.971673289037472,32.208633683799974,49.51087009205538,41.52129300350931
168,Data Scientist,0,25.0,100.0,70.0,0.9674712029676569,41.3444709777832,45.596791327112626,56.68737127248096,31.99598915889079,41.29034273777956,53.47255370196174,46.3472008005237
168,Software Engineer,0,14.285714285714285,100.0,100.0,0.9680605499726299,35.13665771484375,45.41570773972246,62.178011907265315,31.769634674653073,35.78318557614407,53.259410184972424,47.22965774411282
168,Web Developer,0,14.285714285714285,100.0,100.0,0.8924634168828169,39.692630767822266,46.08776412770576,63.21194481185501,32.609705159632206,36.57384015024208,54.06340542961569,47.21631707356755
169,AI Engineer,0,12.5,60.0,100.0,3.0329102497060485,53.83684539794922,39.90546334714829,54.66225130330506,34.881829183935366,29.30054511429211,46.41238448199104,37.446984161712834
169,Cloud Engineer,1,16.666666666666664,60.0,100.0,2.986211881026796,56.42647171020508,41.745235872018114,55.24908082874581,37.181544840022646,31.464983378844842,48.585063635134226,39.154429547632176
169,Data Scientist,0,25.0,60.0,70.0,4.130306995018628,50.98176574707031,39.51681091131334,47.33355524817436,34.39601363914168,34.137424601545106,45.76148807301241,37.49358358735623
169,Software Engineer,0,28.57142857142857,100.0,100.0,1.3836833135213331,46.48641586303711,52.18051487648377,64.89309980997503,40.225643595604716,43.74178220762796,61.144661622888904,53.18535587885671
169,Web Developer,0,14.285714285714285,100.0,100.0,0.8511460203208147,51.88485336303711,47.91039990750369,66.01599985769798,34.88799988437961,38.71811753823963,56.2149741228889,47.209025768291916
170,AI Engineer,0,25.0,100.0,100.0,1.3632393423172047,52.28514862060547,51.7972581944384,66.22655106836676,39.746572743048006,43.29089199345694,60.69737916834214,51.71115988393833
170,Cloud Engineer,1,33.33333333333333,100.0,100.0,3.4219711846264884,54.39944839477539,55.33987960357695,67.18955836447735,44.17484950447119,47.458681886561116,64.50186344221527,55.50583805218899
170,Data Scientist,0,25.0,100.0,100.0,0.6064185031147655,39.985023498535156,49.838716300247484,63.21340969268844,37.29839537530936,40.9867250591147,58.52676885268267,51.57760326525555
170,Software Engineer,0,28.57142857142857,100.0,100.0,2.5474422091837328,40.666748046875,51.48212853840881,63.8186592898597,39.352660673011016,42.92015122165742,60.11766142003677,53.390725095738304
170,Web Developer,0,14.285714285714285,100.0,100.0,0.8350989330378653,45.89183807373047,47.009040551015254,64.62929315540808,33.76130068876907,37.65769476590029,55.15738318948185,47.20619392935963
171,AI Engineer,0,25.0,8.333333333333332,100.0,2.448786306276185,56.363487243652344,34.238507699155946,39.21308876793222,40.7148012906116,22.63353846959523,39.84845853319355,30.334099544244815
171,Cloud Engineer,1,33.33333333333333,8.333333333333332,100.0,4.441784750393931,62.28553009033203,38.34243055944222,41.03963675811625,45.84470486596945,27.4616830111085,44.32489746692133,34.117177701049904
171,Data Scientist,0,0.0,8.333333333333332,100.0,0.9662281975735388,42.45816421508789,23.180325528565884,35.66203927471675,26.892073577374017,9.623912386548096,27.10046035168218,19.778353995650235
171,Software Engineer,0,14.285714285714285,12.5,100.0,1.518568960883165,47.11829376220703,29.79552940846353,38.14696832071312,34.11941176057942,17.40650518642768,34.78558125215418,26.738570993097028
171,Web Developer,0,14.285714285714285,12.5,100.0,0.829887130672708,48.39631271362305,29.883929976644364,38.282969194837484,34.22991247080546,17.51050585487572,35.01111400828642,26.61703890541283
172,AI Engineer,0,37.5,8.333333333333332,100.0,6.483614771446986,59.69267654418945,39.718110364012134,40.912477483095586,47.564304621681835,29.080129840014276,45.58302135093539,36.193186920451424
172,Cloud Engineer,1,33.33333333333333,8.333333333333332,100.0,4.288945228972136,60.186256408691406,38.00461357898286,40.5199183266403,45.422433640395255,27.064251269391605,43.954437405455344,34.090206020799
172,Data Scientist,0,50.0,8.333333333333332,100.0,5.847335134341178,63.23862838745117,44.529561194935525,41.5839402999008,53.57861816033607,34.74066022933591,51.355836382099234,41.22796110213864
172,Software Engineer,0,28.57142857142857,12.5,100.0,2.104487301160245,50.2552490234375,35.35396044868966,39.0060929979841,41.06745056086208,23.945835821987835,41.2215145335478,32.724321288440045
172,Web Developer,0,0.0,12.5,100.0,0.10283535036905395,41.15034484863281,23.68797702985028,36.44304158438504,26.484971287312852,10.221149446882682,27.850060855641086,20.606382708888656
173,AI Engineer,0,37.5,60.0,100.0,3.9318049258302894,56.3765754699707,49.17125705937015,55.45578009133869,46.46407132421269,40.201478893376645,57.15468978881836,47.89973028102887
173,Cloud Engineer,1,33.33333333333333,60.0,100.0,3.2542192221947785,50.648189544677734,46.75202798169754,53.97747894620135,43.44003497712193,37.355327037291225,54.42811188043332,46.064470058818685
173,Data Scientist,0,50.0,60.0,70.0,1.6150203992905108,55.00433349609375,48.49290308430764,47.6813893604733,45.61612885538456,44.69753304036193,56.76547061695772,47.343827129286566
173,Software Engineer,0,28.57142857142857,100.0,100.0,1.6160042088678637,43.82586669921875,51.81628063621299,64.33273944032767,39.770350795266246,43.31327133672117,60.67515294692095,53.22635368391786
173,Web Developer,0,0.0,100.0,100.0,0.11554284927619281,34.70991134643555,40.22381812935676,61.88279712208732,25.279772661695954,29.675080152184425,47.30174906113569,41.19686050281344
174,AI Engineer,0,25.0,60.0,100.0,2.9011423785218633,49.64805221557617,43.6323791891147,53.665198752484166,39.54047398639339,33.68515198719377,50.82024450863109,42.57078983150386
174,Cloud Engineer,1,16.666666666666664,60.0,100.0,2.87429815229088,59.54790115356445,42.19666322921163,55.94358445519739,37.74582903651454,31.996074387307804,49.13590412513882,39.134680066090546
174,Data Scientist,0,25.0,60.0,100.0,0.8940719799568045,50.31388854980469,43.43119407946422,53.35568319917573,39.288992599330285,33.448463622899084,50.93774503820082,42.216600937639434
174,Software Engineer,0,28.57142857142857,100.0,100.0,1.6361247031082837,46.66807174682617,52.24562946749017,64.99327610383102,40.30703683436271,43.81838760881197,61.17671854355756,53.22990435937205
174,Web Developer,0,0.0,100.0,100.0,0.09930905913742168,47.760223388671875,42.1789298671714,64.89066133410984,27.723662333964246,31.975211608436933,49.60474530388328,41.19399571631837
175,AI Engineer,0,25.0,100.0,100.0,4.055982108889284,35.59960174560547,49.69833757817422,62.99744242796034,37.12292197271777,40.821573621381425,57.752870896283326,52.18634978392164
175,Cloud Engineer,1,16.666666666666664,100.0,100.0,3.194280871613833,46.17051696777344,48.23805300924142,65.23803027062783,35.29756626155178,39.10359177557815,56.18695397470511,48.60291231067695
175,Data Scientist,0,25.0,100.0,100.0,1.0048673883316563,26.357072830200195,47.85429103277978,60.160447742738114,34.81786379097473,38.652107097387976,56.12183638180004,51.64791777441147
175,Software Engineer,0,28.57142857142857,100.0,100.0,1.8606458659137102,29.057628631591797,49.63774117462582,60.98114026865511,37.04717646828229,40.75028373485391,58.06899328792796,53.269525741043594
175,Web Developer,0,14.285714285714285,100.0,100.0,0.9269602859017224,40.871543884277344,46.26977562552686,63.49196250081055,32.83721953190858,36.78797132414925,54.27144892075483,47.2224047563356
176,AI Engineer,0,25.0,100.0,100.0,1.8931001279229431,50.153541564941406,51.556996253929654,65.85691731373792,39.44624531741207,43.008230886976065,60.3212132173426,51.80466472845699
176,Cloud Engineer,1,33.33333333333333,100.0,100.0,3.603905431865409,51.726524353027344,54.96623113440057,66.61471456574448,43.70778891800072,47.019095452235966,64.03017096425972,55.537944095819384
176,Data Scientist,0,25.0,100.0,70.0,0.6987924511856544,33.32720947265625,44.353900288576284,54.77523121319428,30.442375360720362,39.828117986560336,52.05774284811581,46.29978690315041
176,Software Engineer,0,42.857142857142854,100.0,100.0,3.8232621125797506,40.74421310424805,56.68512128252417,64.13095581926795,45.85640160315522,49.04131915591079,66.01368466545554,59.49822272574937
176,Web Developer,0,14.285714285714285,100.0,100.0,0.9623070988149166,42.975215911865234,46.59062845160202,63.98558223323388,33.23828556450253,37.16544523717885,54.642685160917395,47.22864242920263
177,AI Engineer,0,37.5,8.333333333333332,100.0,4.846009675323392,56.075130462646484,38.929837687362145,39.69975028824946,46.578963775869354,28.152750220426057,44.94463086595722,35.90419778584138
177,Cloud Engineer,1,33.33333333333333,8.333333333333332,100.0,3.948611062570172,56.295074462890625,37.36988616215245,39.543414608439676,44.62902436935723,26.317513131944057,43.26775823854933,34.030147050257476
177,Data Scientist,0,50.0,8.333333333333332,70.0,5.8401562533254605,60.886085510253906,39.67560293120357,34.11631220185165,47.51117033067113,34.324238742592435,45.64656410965265,35.9325765937241
177,Software Engineer,0,42.857142857142854,12.5,100.0,2.8687986400533836,50.143577575683594,40.45185643236054,39.15670220363161,47.43982054045068,29.943360508659467,47.08416074865004,38.74155270118589
177,Web Developer,0,0.0,12.5,100.0,0.10270909751582283,40.56494140625,23.600147575564876,36.30791934702288,26.375184469456098,10.117820677135144,27.746754365808826,20.60636042897338
178,AI Engineer,0,12.5,8.333333333333332,100.0,1.6321966983058342,54.48469543457031,29.459200486598085,38.59107767168937,34.74066727491428,17.010824101880104,34.36984821394378,25.042936672250047
178,Cloud Engineer,1,16.666666666666664,8.333333333333332,100.0,4.533998739804839,62.308467864990234,32.52636999071926,41.0662102421322,38.57462915506575,20.619258812610894,37.466200211468866,27.27070565996556
178,Data Scientist,0,25.0,8.333333333333332,100.0,1.6844356853291058,46.835716247558594,32.69468945659982,36.83798377938434,38.78502848741645,20.81728171364685,38.167087180941714,30.19921414054827
178,Software Engineer,0,28.57142857142857,12.5,100.0,3.6592158458958726,47.583465576171875,35.18640221331016,38.74831109740025,40.8580027666377,23.74870848624725,40.75002333697151,32.998685149275744
178,Web Developer,0,0.0,12.5,100.0,0.11502497307227291,45.72237777709961,24.37561041252578,37.500939096193505,27.34451301565723,11.030129897089155,28.656890195958756,20.60853381877746
179,AI Engineer,0,37.5,100.0,100.0,5.478525346886745,54.83722686767578,57.172362832184376,67.76517358797597,46.46545354023048,49.614544508452205,66.29480474135455,57.5844456494506
179,Cloud Engineer,1,33.33333333333333,100.0,100.0,3.726633808880938,61.06326675415039,56.38515175112136,68.79766936069953,45.48143968890171,48.688413824848666,65.67783138798733,55.55960204470448
179,Data Scientist,0,50.0,100.0,100.0,1.4090136073908734,48.78132629394531,60.028550985200425,65.42853997723142,50.035688731500535,52.97476586494168,70.3731752283433,62.01335534248074
179,Software Engineer,0,42.857142857142854,100.0,100.0,2.1822069260228725,46.518192291259766,57.305059882592396,65.0847075116806,46.6313248532405,49.77065868540282,67.03262216904584,59.208624751651094
179,Web Developer,0,0.0,100.0,100.0,0.10080457617649173,42.502464294433594,41.39049033059151,63.67767743167924,26.73811291323939,31.04763568304884,48.67690546372358,41.19425963108997
180,AI Engineer,0,25.0,60.0,100.0,2.2928750247369574,48.1983642578125,43.323685892382414,53.190285988280635,39.15460736547803,33.32198340280284,50.56441722196691,42.46344853377711
180,Cloud Engineer,1,33.33333333333333,60.0,100.0,5.037330643563625,56.58440017700195,47.9099262897515,55.75886095859206,44.887407862189384,38.71756034088412,55.47567846260819,46.37913678023672
180,Data Scientist,0,0.0,60.0,70.0,1.03513612063469,38.56938552856445,28.44067824737987,43.75488961135365,20.55084780922484,21.106680291035143,33.276950387393725,26.65325931540612
180,Software Engineer,0,14.285714285714285,100.0,100.0,1.6268678424334784,39.75823974609375,46.207766138279084,63.39656328966013,32.759707672848855,36.71501898621069,54.07498348460478,47.34591785454709
180,Web Developer,0,14.285714285714285,100.0,100.0,0.8890716987627759,43.005889892578125,46.58424423870114,63.97576036723252,33.230305298376415,37.15793439847192,54.64809821633732,47.21571853507579
181,AI Engineer,0,25.0,60.0,100.0,2.448481977290372,54.92692565917969,44.35631114547051,54.77894022380078,40.44538893183814,34.536836641730005,51.751810410443476,42.49090858422771
181,Cloud Engineer,1,33.33333333333333,60.0,100.0,4.660992230948109,58.43378448486328,48.130883174038374,56.098794626725706,45.16360396754797,38.97750961651573,55.8020403992896,46.31272411918692
181,Data Scientist,0,25.0,60.0,100.0,1.6365625323355468,49.813323974609375,43.46748297604174,53.41151227083344,39.33435372005217,33.491156442402044,50.84941011316636,42.34762868217686
181,Software Engineer,0,28.57142857142857,100.0,100.0,2.232828793103143,50.482810974121094,52.907345965083636,66.01130148474405,41.134182456354544,44.59687760598075,61.84990781896255,53.33520508113585
181,Web Developer,0,14.285714285714285,100.0,100.0,0.9281246427895666,52.704898834228516,48.044953521552706,66.2230054177734,35.05619190194089,38.876415907709074,56.35968802956974,47.22261023108051
182,AI Engineer,0,37.5,100.0,100.0,3.9846007877969334,53.331912994384766,56.722477067327254,67.07304164204193,45.90309633415907,49.085267138032066,66.02916111665614,57.32081190372887
182,Cloud Engineer,1,50.0,100.0,100.0,4.0061692416141685,57.62708282470703,61.74498780994818,68.06921201530488,52.181234762435224,54.99410330582139,71.934191086713,62.47167692499074
182,Data Scientist,0,25.0,100.0,70.0,3.8567358144381525,48.300323486328125,47.07355889511494,58.95932137709991,33.84194861889368,43.02771634719405,54.700057085822614,46.85707102607732
182,Software Engineer,0,42.857142857142854,100.0,100.0,3.1576356337077125,42.61883544921875,56.86647066243897,64.40995486529073,46.08308832804872,49.25467136757526,66.34450037339155,59.38075922947783
182,Web Developer,0,0.0,100.0,100.0,0.09569861178539531,36.12144470214844,40.43257149709007,62.20395614936934,25.540714371362593,29.920672349517734,47.55084318273208,41.19335857855037
183,AI Engineer,0,25.0,60.0,100.0,4.101295743724676,54.488555908203125,44.538477747789166,55.05919653506025,40.67309718473646,34.751150291516666,51.67445104262408,42.78258160183377
183,Cloud Engineer,1,33.33333333333333,60.0,100.0,3.447081224298233,54.2957649230957,47.32809358877575,54.86373372632168,44.1601169859697,38.03305128091266,55.071801653095314,46.09850452977812
183,Data Scientist,0,25.0,60.0,70.0,4.466528197265997,51.85739517211914,39.69858850540777,47.61321308524272,34.62323563175971,34.35128059459738,45.91601091272691,37.552916740694
183,Software Engineer,0,28.57142857142857,100.0,100.0,1.5179355045389769,47.57183074951172,52.363464938107604,65.17456144324247,40.45433117263451,43.95701757424424,61.336205426384424,53.20904744197747
183,Web Developer,0,14.285714285714285,100.0,100.0,0.9204322352645143,46.61495590209961,47.13030822060462,64.81585880093019,33.91288527575578,37.80036261247602,55.28499221801758,47.22125274739962
184,AI Engineer,0,50.0,60.0,100.0,3.159864763641279,54.951072692871094,53.21664061847685,54.94867787457978,51.52080077309607,44.96075366879631,62.050189298741955,52.91056437005434
184,Cloud Engineer,1,50.0,60.0,100.0,3.968361625957304,56.345123291015625,53.54702273754594,55.45695805776298,51.93377842193242,45.349438514759925,62.29619822782629,53.05324028693364
184,Data Scientist,0,50.0,60.0,70.0,1.540962558145725,46.71823501586914,47.23887963610223,45.75212251708035,44.048599545127786,43.22221133659085,55.30321794397691,47.33075809849631
184,Software Engineer,0,57.14285714285714,100.0,100.0,3.209722428929665,48.2401008605957,62.717473493428805,65.71918998989047,53.39684186678601,56.138204109916245,73.21884132834042,65.27230395804642
184,Web Developer,0,0.0,100.0,100.0,0.11024455460395752,39.982940673828125,41.01397778426481,63.0984273604074,26.26747223033102,30.6046797461939,48.23228364832261,41.19592550963599
185,AI Engineer,0,37.5,100.0,100.0,2.3024918267681596,47.65652847290039,55.61885304495028,65.37515853069273,44.52356630618786,47.786885935235624,65.0276226716883,57.02396914590026
185,Cloud Engineer,1,33.33333333333333,100.0,100.0,3.6873300464532495,47.1449089050293,54.29150250938905,65.57667052726521,42.86437813673631,46.22529706986947,63.2216505910836,55.552666086629
185,Data Scientist,0,50.0,100.0,100.0,1.5145113740874012,45.88825225830078,59.61041454485823,64.78525314593574,49.513018181072795,52.48284064100968,69.86263275146484,62.03197259542719
185,Software Engineer,0,28.57142857142857,100.0,100.0,1.5154339573535265,34.417354583740234,50.389918281164064,62.13833581717548,37.987397851455086,41.63519797784008,59.01482727948357,53.208605992474155
185,Web Developer,0,0.0,100.0,100.0,0.10835216663525422,31.192731857299805,39.69516260359026,61.0694809286004,24.618953254487824,29.05313247481207,46.68107032775879,41.19559155881799
186,AI Engineer,0,12.5,8.333333333333332,100.0,1.3537297888740505,54.613059997558594,29.43668513463156,38.55643866866395,34.712523084956125,16.98433545250772,34.39250078388289,24.993795452938556
186,Cloud Engineer,1,16.666666666666664,8.333333333333332,100.0,3.745653464867714,63.429725646972656,32.57630686677605,41.1430362052965,38.63705025013674,20.67800807856006,37.66406923181871,27.13158590556489
186,Data Scientist,0,0.0,8.333333333333332,100.0,0.1240670394987062,37.65729522705078,22.33387100664909,34.35980154869091,25.83400542497803,8.628083537234222,26.253248177322686,19.629737320695853
186,Software Engineer,0,28.57142857142857,12.5,100.0,1.9015609143404146,44.994140625,34.53435523090106,37.74516189369394,40.04294403862633,22.981594389295363,40.293083639705884,32.68851074958948
186,Web Developer,0,0.0,12.5,100.0,0.11748902795798495,43.47027587890625,24.038164736029636,36.98179190158405,26.922705920037046,10.633134983564277,28.25946044921875,20.608968651992587
187,AI Engineer,0,37.5,100.0,100.0,4.159506382752625,55.544151306152344,57.08054865333575,67.62392100513192,46.35068581666969,49.50652782745382,66.41955611285042,57.35167759695635
187,Cloud Engineer,1,50.0,100.0,100.0,3.595975387860285,56.46931076049805,61.50979292225375,67.70737372654423,51.8872411528172,54.71740343794559,71.72987836949966,62.39928977432829
187,Data Scientist,0,25.0,100.0,70.0,4.026028726861681,50.08785629272461,47.36708275293795,59.410896542981455,34.20885344117244,43.37303853286817,55.01550405165729,46.88694624591677
187,Software Engineer,0,42.857142857142854,100.0,100.0,2.1141486673536365,44.44867706298828,56.984423859551285,64.5914213223866,46.23052982443911,49.39343983476622,66.66741359935088,59.19661447070946
187,Web Developer,0,0.0,100.0,100.0,0.09989933941713701,34.891483306884766,40.248707396945285,61.92108830299274,25.310884246181608,29.70436164346504,47.33379117180319,41.19409988342656
188,AI Engineer,0,12.5,100.0,100.0,2.2499829731259355,55.29135513305664,48.00620071592739,67.12492417834983,35.007750894909236,38.83082437167928,56.080827376421766,46.72058523055164
188,Cloud Engineer,1,0.0,100.0,100.0,3.541671256438015,58.439212799072266,44.29713260832654,68.14943478204083,30.37141576040818,34.46721483332534,51.489272846895105,41.80147139819495
188,Data Scientist,0,25.0,100.0,100.0,1.9665936451274928,52.5744514465332,51.9311567637491,66.43254886730631,39.91394595468638,43.448419722057764,60.74843260821174,51.81763417266956
188,Software Engineer,0,28.57142857142857,100.0,100.0,2.562417489506781,48.42915344238281,52.64873563978344,65.61343944582067,40.8109195497293,44.292630164451104,61.48749766630286,53.3933677922659
188,Web Developer,0,0.0,100.0,100.0,0.11163505856134157,42.393009185791016,41.37569663665285,63.65491790254284,26.71962079581607,31.030231337238654,48.65758985631606,41.19617089268729
189,AI Engineer,0,37.5,8.333333333333332,100.0,2.0080972353567614,47.43754577636719,37.20851311842526,37.05155864373117,44.427308064698245,26.12766249226501,43.42035121543734,35.403389708200216
189,Cloud Engineer,1,33.33333333333333,8.333333333333332,100.0,3.4018956620940433,51.65083312988281,36.59124265212986,38.345501516097215,43.655719981828994,25.401461943682186,42.448186238606766,33.93366786193816
189,Data Scientist,0,50.0,8.333333333333332,70.0,1.5454223989616238,47.21150588989258,36.980205909994794,29.969547553838147,44.141924054160164,31.15318342352329,43.23340300017713,35.174682384130485
189,Software Engineer,0,42.857142857142854,12.5,100.0,2.3719060311561924,40.14440155029297,38.877446137217376,36.73453251879596,45.471807671521724,28.091113102608674,45.31960027358111,38.653865770204035
189,Web Developer,0,0.0,12.5,100.0,0.11056362346241504,36.41150665283203,22.978310541444166,35.351246986837175,25.59788817680521,9.386247695816667,27.013795291676242,20.607746521787483
190,AI Engineer,0,12.5,8.333333333333332,100.0,0.9535207397980814,45.88656997680664,28.06768027415737,36.4502773448575,33.00126700936339,15.373741499008675,32.852531956691365,24.923170326631034
190,Cloud Engineer,1,16.666666666666664,8.333333333333332,100.0,4.807890157981057,55.15678024291992,31.49470056013515,39.47902650277202,37.285042366835604,19.40553007074723,36.204137689927045,27.319039439643717
190,Data Scientist,0,0.0,8.333333333333332,100.0,0.11518696772177654,37.58102035522461,22.321097765108625,34.340150407859426,25.818038873052448,8.61305619424544,26.239787905823952,19.628170249205805
190,Software Engineer,0,14.285714285714285,12.5,100.0,0.9297199529321353,39.9104118347168,28.62601976814734,36.34772272022668,32.65752471018418,16.030611491938046,33.51360208847944,26.634656462282145
190,Web Developer,0,14.285714285714285,12.5,100.0,0.90589993846849,51.453369140625,30.35389036186402,39.00598517209849,34.81736295233003,18.063400425722378,35.55059455422794,26.63045293031797
191,AI Engineer,0,37.5,100.0,100.0,2.734698709347709,50.402164459228516,56.09552947528643,66.10850688505604,45.11941184410804,48.3476817356311,65.51214666927562,57.10024094870842
191,Cloud Engineer,1,50.0,100.0,100.0,5.435505159803914,57.56879425048828,61.950644911543826,68.38560755622127,52.438306139429784,55.236052837110385,71.92390486773323,62.72391267525951
191,Data Scientist,0,25.0,100.0,70.0,1.5265518898899526,41.335533142089844,45.679312754796975,56.814327315072255,32.09914094349621,41.38742677034937,53.470976436839386,46.445862098215876
191,Software Engineer,0,28.57142857142857,100.0,100.0,2.103067902720978,41.551025390625,51.5481139940019,63.92017537538754,39.43514249250237,42.997781169414,60.27371036305148,53.31230610048018
191,Web Developer,0,14.285714285714285,100.0,100.0,0.8657355887781959,42.88622283935547,46.562793764220054,63.94275963726162,33.20349220527506,37.132698546141235,54.62698050106273,47.211600398019684
192,AI Engineer,0,25.0,100.0,100.0,2.658097733960049,57.677032470703125,52.800269530699474,67.76964543184535,41.00033691337435,44.47090533023468,61.64888808306526,51.93966430599295
192,Cloud Engineer,1,16.666666666666664,100.0,100.0,4.07544807983652,58.271385192871094,50.185358324239466,68.23388460139405,37.73169790529934,41.394539204987616,58.32240130854587,48.758412406245654
192,Data Scientist,0,50.0,100.0,70.0,4.5665389281413225,55.389930725097656,56.99347044798584,60.7591853045936,46.24183805998231,54.69820052704217,66.2452818926643,57.27644804614258
192,Software Engineer,0,28.57142857142857,100.0,100.0,4.309356620434788,46.8872184753418,52.67948626436648,65.66074809902535,40.84935783045811,44.32880736984293,61.215391495648554,53.70165116831202
192,Web Developer,0,0.0,100.0,100.0,0.12146970212490087,39.43096160888672,40.93286469665174,62.97363799484883,26.166080870814678,30.50925258429617,48.13487557803884,41.19790641802204
193,AI Engineer,0,37.5,8.333333333333332,100.0,2.384903214370067,55.72473907470703,38.508113010028225,39.050943092351126,46.051807929201956,27.656603541209687,44.88279709161497,35.469884880967264
193,Cloud Engineer,1,33.33333333333333,8.333333333333332,100.0,3.160923568984729,51.1517448425293,36.48023359506043,38.174718351375034,43.516958660492215,25.270863053012274,42.36011183495614,33.89114337491887
193,Data Scientist,0,50.0,8.333333333333332,70.0,1.5687191599420007,47.18156433105469,36.97920919031617,29.96801413894795,44.14067815456188,31.15201081213667,43.22811919567632,35.17879357724467
193,Software Engineer,0,28.57142857142857,12.5,100.0,1.5696747645488562,41.18642807006836,33.91341542519258,36.78986988491167,39.26676928149073,22.251076970814804,39.62113436530618,32.629942605508624
193,Web Developer,0,14.285714285714285,12.5,100.0,0.9320651170527904,41.92491912841797,28.92854763682061,36.81315021049325,33.03568454602576,16.38652663155366,33.869103375603174,26.635070314774023
194,AI Engineer,0,12.5,100.0,100.0,3.4890384191509543,55.74164581298828,48.25960263482088,67.51477328433981,35.324503293526114,39.128944276259865,56.16029043758616,46.93924207396781
194,Cloud Engineer,1,16.666666666666664,100.0,100.0,3.3582839651731193,54.583011627197266,49.52452767218888,67.21722205977777,36.90565959023611,40.61709137904575,57.671511855779904,48.63185403306976
194,Data Scientist,0,25.0,100.0,100.0,4.896040417977806,52.304988861083984,52.33015439185927,67.04639137209118,40.41269298982409,43.91782869630502,60.700880387250116,52.334595367878435
194,Software Engineer,0,28.57142857142857,100.0,100.0,1.999839446867307,46.49980163574219,52.27494616239142,65.03837871137142,40.343682702989284,43.85287783810756,61.14702381807215,53.294089314153055
194,Web Developer,0,14.285714285714285,100.0,100.0,0.831277470979148,50.39824676513672,47.684428635417376,65.66835174679596,34.60553579427173,38.452268982843975,55.952631782082946,47.2055195537022
195,AI Engineer,0,25.0,100.0,100.0,3.8769204488961706,41.651763916015625,50.57930265473677,64.35277331497964,38.224128318420966,41.858003123219724,58.82089951459099,52.15475066745227
195,Cloud Engineer,1,16.666666666666664,100.0,100.0,3.0154184400509907,47.79792022705078,48.455334133398594,65.57230892317733,35.56916766674825,39.35921662752776,56.47414278516582,48.57134835216586
195,Data Scientist,0,25.0,100.0,100.0,4.559498009466285,35.66359329223633,49.78346369525539,63.128405685008296,37.22932961906924,40.92172199441811,57.76416352215936,52.275205531082285
195,Software Engineer,0,28.57142857142857,100.0,100.0,1.7564597729460816,31.83987808227539,50.03945067828322,61.59915488966649,37.54931334785403,41.22288315092143,58.55997848510742,53.25113995993166
195,Web Developer,0,14.285714285714285,100.0,100.0,0.8750555294440336,38.971431732177734,45.976973089243266,63.041497060374255,32.471216361554085,36.4434977520509,53.93613501156078,47.2132450934313
196,AI Engineer,0,12.5,8.333333333333332,100.0,2.879065553768709,49.623722076416016,28.91708481119437,37.757053555683655,34.063022680659635,16.373040954346322,33.5120293860342,25.262972352625848
196,Cloud Engineer,1,16.666666666666664,8.333333333333332,100.0,2.8106067373313297,53.023345947265625,30.87509290268954,38.525783952855704,36.510532795028595,18.676579885517107,35.82764928481158,26.966577659529058
196,Data Scientist,0,25.0,8.333333333333332,100.0,4.377543234940124,46.534759521484375,33.05351208013034,37.39001858481591,39.233556766829594,21.23942597662393,38.11397717045802,30.674468414009038
196,Software Engineer,0,28.57142857142857,12.5,100.0,2.7518109583509753,41.39628601074219,34.122214545363974,37.11109930055996,39.52776818170497,22.496722994545852,39.65816811954274,32.83855487500311
196,Web Developer,0,14.285714285714285,12.5,100.0,0.9020948098277588,50.786197662353516,30.25324387082719,38.85114441665721,34.69155483853399,17.94499278920846,35.432858411003565,26.62978143702843
197,AI Engineer,0,50.0,60.0,100.0,5.048816065693343,54.51762771606445,53.434966567263665,55.284563949636414,51.79370820907958,45.217607726192554,61.973699008717254,53.24390871747529
197,Cloud Engineer,1,50.0,60.0,100.0,3.68412091276866,55.16961669921875,53.32806064179811,55.120093295074014,51.66007580224764,45.09183604917425,62.088755888097424,53.003080161076824
197,Data Scientist,0,50.0,60.0,100.0,4.938069668475372,54.38533020019531,53.3985099803006,55.22847689277015,51.748137475375756,45.17471762388306,61.950352388269756,53.224365235613305
197,Software Engineer,0,42.857142857142854,100.0,100.0,2.2156209498633683,44.37582015991211,56.98871616646632,64.59802487148664,46.2358952080829,49.39848960760744,66.65455649880802,59.214521344093534
197,Web Developer,0,0.0,100.0,100.0,0.10234809914465091,35.75593948364258,40.378743137418084,62.12114328833551,25.47342892177261,29.857344867550687,47.48634226181928,41.194532017496115
198,AI Engineer,0,12.5,100.0,100.0,3.127647846302109,50.42876052856445,47.408461256229984,66.20532500958458,34.26057657028748,38.12760147791763,55.22272244621726,46.875467266994484
198,Cloud Engineer,1,16.666666666666664,100.0,100.0,3.078081864142914,56.66829299926758,49.7952895628449,67.63377881463319,37.244111953556136,40.93563477981754,58.039502686145255,48.582406603476194
198,Data Scientist,0,0.0,100.0,100.0,3.7569287682348227,47.192718505859375,42.64244709111413,65.60376475556019,28.303058863892662,32.52052598954604,49.504597383386944,41.839458017923796
198,Software Engineer,0,0.0,100.0,100.0,0.11237269628256476,40.62406539916992,41.110465714317876,63.246870329719805,26.388082142897346,30.718194958021027,48.34542330573587,41.19630106404987
198,Web Developer,0,14.285714285714285,100.0,100.0,0.8832287771021741,46.95130157470703,47.17517955277138,64.88489161964827,33.968974440964224,37.85315241502516,55.34434733671301,47.214687431253324
199,AI Engineer,0,25.0,100.0,100.0,4.340587690488435,51.67033004760742,52.15163766071437,66.77175024725288,40.189547075892975,43.70780901260515,60.5888817731072,52.236574298321486
199,Cloud Engineer,1,33.33333333333333,100.0,100.0,4.27239576967479,53.10260009765625,55.27291604676632,67.08653750784562,44.091145058457904,47.37990123148979,64.27300786037071,55.65591297896222
199,Data Scientist,0,25.0,100.0,100.0,4.680963380524192,46.41072082519531,51.41375263085793,65.6365425090122,39.26719078857241,42.839708977479916,59.66071543974036,52.296640596563094
199,Software Engineer,0,42.857142857142854,100.0,100.0,2.6451944942632597,44.85641098022461,57.12524082117318,64.8080628018049,46.40655102646648,49.559106848439036,66.73936664356904,59.2903284401641
199,Web Developer,0,14.285714285714285,100.0,100.0,0.7947604734675194,44.506507873535156,46.795190252050396,64.30029269546215,33.493987815063,37.40610617888282,54.912913154153266,47.19907537767074
200,AI Engineer,0,25.0,60.0,100.0,4.277122033671654,51.669925689697266,44.14205715850534,54.44931870539283,40.17757144813167,34.28477312765334,51.177045709946576,42.813609770647936
200,Cloud Engineer,1,16.666666666666664,60.0,100.0,2.7898708323936754,53.35152053833008,41.25454203894189,54.49416723939779,36.56817754867737,30.887696516402226,48.04242519303864,39.11978112728515
200,Data Scientist,0,25.0,60.0,70.0,4.640724942172236,49.523807525634766,39.37467987017105,47.11489210795546,34.218349837713816,33.970211611965944,45.50420132805319,37.58365734273628
200,Software Engineer,0,28.57142857142857,100.0,100.0,1.7877509018119329,45.21091079711914,52.04979925483966,64.69199885359947,40.06224906854958,43.58799912334078,60.91957249360926,53.25666192384917
200,Web Developer,0,14.285714285714285,100.0,100.0,0.890644543071532,47.296627044677734,47.22809073816239,64.96629344332676,34.03511342270299,37.915400868426346,55.405287125531366,47.215996095836154
201,AI Engineer,0,25.0,60.0,100.0,2.24092441218404,60.375614166259766,45.14248078676657,55.98843197964087,41.428100983458215,35.46174210207832,52.713343676398786,42.45428077862071
201,Cloud Engineer,1,33.33333333333333,60.0,100.0,4.577290941641843,64.3257827758789,49.00212772429477,57.439170857889394,46.25265965536847,40.002503205052676,56.84180480358647,46.297953303426986
201,Data Scientist,0,25.0,60.0,100.0,1.7435538549738079,53.787315368652344,44.07963038354393,54.35327751314449,40.099537979429904,34.21132986299285,51.550702712115125,42.36650950381891
201,Software Engineer,0,28.57142857142857,100.0,100.0,2.378801404035382,51.70968246459961,53.113272580295245,66.32811166199268,41.391590725369056,44.83914421211205,62.0664145525764,53.3609649536533
201,Web Developer,0,0.0,100.0,100.0,0.1190619724844145,45.24711227416992,41.80492613699815,64.31527097999715,27.256157671247692,31.535207219997822,49.16125510720646,41.197481524556075
202,AI Engineer,0,50.0,100.0,100.0,5.3731938101079395,47.78426742553711,60.473619185346756,66.11326028514885,50.59202398168345,53.49837551217266,70.19722366333008,62.712916554724934
202,Cloud Engineer,1,50.0,100.0,100.0,4.279998639310034,51.61396408081055,60.884094408018086,66.74476062772013,51.105118010022615,53.98128753884481,70.87305248484893,62.51999975987824
202,Data Scientist,0,50.0,100.0,100.0,1.5498537597887083,38.621299743652344,58.52567302551616,63.11642003925563,48.157091281895205,51.20667414766608,68.5802293665269,62.03820948702154
202,Software Engineer,0,42.857142857142854,100.0,100.0,2.400332822332554,33.753082275390625,55.423012264658475,62.189249637936115,44.2787653308231,47.556485017245265,64.77995569565716,59.247117556882216
202,Web Developer,0,0.0,100.0,100.0,0.11088065478682257,27.371410369873047,39.122343653698984,60.18822100569074,23.902929567123728,28.37922782788115,46.00671947703642,41.19603776260944
203,AI Engineer,0,25.0,60.0,100.0,1.999769940029849,51.87641525268555,43.83142777890731,53.971427352165094,39.78928472363414,33.919326798714486,51.21348504459157,42.411724107064096
203,Cloud Engineer,1,16.666666666666664,60.0,100.0,3.506229886355233,59.113250732421875,42.22625542614989,55.98911091202549,37.78281928268738,32.030888736646936,49.05920110964307,39.24619743092543
203,Data Scientist,0,50.0,60.0,70.0,3.4873605902409883,52.80168533325195,48.443356888523944,47.605164443882984,45.55419611065493,44.63924339826345,56.37676799998564,47.67424010416018
203,Software Engineer,0,42.857142857142854,100.0,100.0,5.811869280428217,49.440670013427734,58.28788089407839,66.59673983704367,47.85985111759799,50.926918698915756,67.54835353178137,59.849153402428506
203,Web Developer,0,0.0,100.0,100.0,0.12033386005245066,48.198856353759766,42.24787853207184,64.99673620318744,27.80984816508979,32.05632768479039,49.68215112125173,41.19770597530338
204,AI Engineer,0,25.0,100.0,100.0,1.8489234748925252,49.628807067871094,51.47165958141454,65.72563012525313,39.33957447676818,42.907834801664166,60.22861301197725,51.79686884851045
204,Cloud Engineer,1,33.33333333333333,100.0,100.0,3.5198060873723973,52.456974029541016,55.06318368420368,66.76387233467233,43.8289796052546,47.13315727553374,64.15907384835037,55.5231030350265
204,Data Scientist,0,25.0,100.0,100.0,0.6824857005806697,33.685943603515625,48.90526439561444,61.777329839406825,36.13158049451806,39.8885463477817,57.41516651826746,51.591026888337765
204,Software Engineer,0,42.857142857142854,100.0,100.0,2.3949472679017934,39.72489547729492,56.317976411779505,63.56611755658385,45.39747051472438,48.60938401385824,65.83380508422852,59.24616716492385
204,Web Developer,0,14.285714285714285,100.0,100.0,0.9398510722233926,41.943267822265625,46.43246783417335,63.74225820642054,33.04058479271669,36.97937392255689,54.46057667451747,47.2246796009806
205,AI Engineer,0,25.0,100.0,100.0,5.7910778785181165,55.03372573852539,52.873720542556526,67.8826469885485,41.09215067819566,44.55731828536062,61.182422189151545,52.49254315503261
205,Cloud Engineer,1,16.666666666666664,100.0,100.0,3.9574929622132133,59.25935363769531,50.315860323319605,68.4346569076712,37.894825404149515,41.548070968611306,58.49674868116191,48.7375967972533
205,Data Scientist,0,25.0,100.0,100.0,1.7624338927414434,43.412696838378906,50.52626960966805,64.27118401487392,38.15783701208507,41.795611305491825,59.131652383243335,51.78160598107202
205,Software Engineer,0,28.57142857142857,100.0,100.0,2.3159153297711184,42.67991638183594,51.749374756741055,64.22980731806317,39.686718445926324,43.23455853734243,60.47292642032399,53.34986741113608
205,Web Developer,0,0.0,100.0,100.0,0.10004578796141136,34.79330062866211,40.23400196249353,61.89846455768235,25.292502453116914,29.68706113234533,47.31646481682272,41.19412572728731
206,AI Engineer,0,25.0,8.333333333333332,100.0,2.592910133126894,58.39731216430664,34.56520001128169,39.715692325048764,41.12316668076879,23.01788236621376,40.20736881330901,30.35953316074788
206,Cloud Engineer,1,33.33333333333333,8.333333333333332,100.0,4.967146239089818,63.493751525878906,38.60246799807864,41.43969435601842,46.16975166426497,27.76760940950428,44.538113014370786,34.20988855199624
206,Data Scientist,0,25.0,8.333333333333332,70.0,1.7577302618821167,39.92559814453125,27.16916592762867,28.337178350197952,31.878124076202507,19.61078344426902,31.6535369274663,24.918030830528217
206,Software Engineer,0,28.57142857142857,12.5,100.0,2.4215528603302867,44.3477783203125,34.51539967709642,37.715999503225255,40.01924959637053,22.95929373776049,40.17901970358456,32.78027403417593
206,Web Developer,0,0.0,12.5,100.0,0.12003003605436388,35.119693756103516,22.78595856882368,35.05532087511335,25.357448211029602,9.159951257439626,26.78582830990062,20.609417065186065
207,AI Engineer,0,25.0,100.0,100.0,2.0559986277553923,53.957305908203125,52.151995680393775,66.77230104675965,40.18999460049222,43.708230212227974,60.99246574850643,51.83341152254507
207,Cloud Engineer,1,16.666666666666664,100.0,100.0,3.4112343005989496,56.890785217285156,49.87863626101594,67.76200450412709,37.34829532626994,41.0336897188423,58.07876601873659,48.64119820990961
207,Data Scientist,0,25.0,100.0,100.0,0.9633073683282027,40.34342956542969,49.94601054006368,63.378477753944125,37.43251317507961,41.11295357654551,58.59001698213465,51.640583653234394
207,Software Engineer,0,28.57142857142857,100.0,100.0,1.7836919510940612,40.582908630371094,51.354990087219775,63.623061672645804,39.19373760902472,42.77057657319974,60.10286622888902,53.255945638428365
207,Web Developer,0,14.285714285714285,100.0,100.0,0.8886224032399679,44.20509719848633,46.764057940258944,64.2523968311676,33.455072425323685,37.369479929716405,54.859723035027,47.215639247630584
208,AI Engineer,0,25.0,100.0,100.0,1.7111724756041014,45.56130599975586,50.840871771303995,64.75518734046769,38.55108971412999,42.16573149565176,59.51081870583927,51.77255984863602
208,Cloud Engineer,1,16.666666666666664,100.0,100.0,3.0135865890285336,49.594451904296875,48.724539107332134,65.98647042153662,35.90567388416518,39.67592836156722,56.79117778703277,48.57102508433836
208,Data Scientist,0,25.0,100.0,70.0,0.9373986920168829,41.98062515258789,45.687703576690716,56.827236271831865,32.109629470863396,41.39729832551849,53.584816203397864,46.34189388682651
208,Software Engineer,0,28.57142857142857,100.0,100.0,1.7154112767792076,39.00983428955078,51.1087868349495,63.24428743838384,38.885983543686876,42.48092568817588,59.82526487462661,53.24389610766692
208,Web Developer,0,14.285714285714285,100.0,100.0,0.8647224197399068,45.4498291015625,46.94718272819536,64.5341272741467,33.68397841024421,37.58492085670043,55.07938160615809,47.21142160348351
209,AI Engineer,0,37.5,60.0,100.0,4.163969040015202,49.6790885925293,48.201458644881676,53.96378253058719,45.2518233061021,39.060539582213735,55.97278033985811,47.94070041882622
209,Cloud Engineer,1,33.33333333333333,60.0,100.0,3.4399677352483735,54.86460876464844,47.41235314165118,54.993363807668494,44.26544142706399,38.13218016664846,55.17218586042815,46.09724920818108
209,Data Scientist,0,25.0,60.0,70.0,4.0478732955715415,45.58659362792969,38.695170038525184,46.06949236696182,33.36896254815648,33.17078828061786,44.80939887551701,37.47903646392439
209,Software Engineer,0,28.57142857142857,100.0,100.0,1.5593660957615714,39.2735595703125,51.12493884991111,63.26913669217094,38.906173562388894,42.49992805871896,59.871804630055145,53.21635872278146
209,Web Developer,0,14.285714285714285,100.0,100.0,0.7768648878505258,39.233856201171875,46.00160816335336,63.07939717438978,32.502010204191706,36.47248019218043,53.98244521197151,47.19591733315009
210,AI Engineer,0,25.0,100.0,100.0,2.7024357603041986,55.1875,52.433490364045625,67.20536979083943,40.541862955057034,44.03940042828897,61.20955882352942,51.947488663583094
210,Cloud Engineer,1,33.33333333333333,100.0,100.0,4.901872375826899,59.58618927001953,56.33987591354362,68.72801422596456,45.42484489192954,48.635148133580735,65.41717065549363,55.766997085930235
210,Data Scientist,0,0.0,100.0,100.0,1.0663117590312525,45.295494079589844,41.95427087579317,64.54503211660487,27.442838594741456,31.71090691269784,49.1697930728688,41.364643251593755
210,Software Engineer,0,14.285714285714285,100.0,100.0,1.6758649188214645,45.42532730102539,47.06517883297703,64.71565974304158,33.83147354122129,37.72373980350239,55.07505775900449,47.354564397439084
210,Web Developer,0,14.285714285714285,100.0,100.0,0.9158482523355089,45.75469970703125,47.00058219390501,64.6162802983154,33.75072774238127,37.647743757535316,55.13318230124081,47.220443809235675
211,AI Engineer,0,25.0,100.0,100.0,3.4041461922548435,55.22023391723633,52.54365701642367,67.3748569483441,40.67957127052959,44.16900825461609,61.21533539715935,52.07131991628027
211,Cloud Engineer,1,33.33333333333333,100.0,100.0,2.801379090539425,50.16040802001953,54.61093473325051,66.0681047178213,43.26366841656314,46.60109968617707,63.75379749372894,55.39632180029127
211,Data Scientist,0,25.0,100.0,70.0,4.008504750359272,53.389381408691406,47.859682923857605,60.16874295978093,34.824603654822006,43.95256814571483,55.598126130945545,46.88385377947517
211,Software Engineer,0,14.285714285714285,100.0,100.0,0.6002098705391387,44.054466247558594,46.69820141771466,64.15107910417639,33.372751772143324,37.2920016678996,54.83314110251034,47.16474291833043
211,Web Developer,0,14.285714285714285,100.0,100.0,0.8260458289953303,42.229217529296875,46.458289503743835,63.78198385191359,33.072861879679785,37.00975235734568,54.51103838752298,47.204596322763884
212,AI Engineer,0,25.0,8.333333333333332,100.0,4.0664777617465235,57.25798034667969,34.615335382930596,39.79282366604707,41.185835895329916,23.076865156388937,40.0063102572572,30.61957450697487
212,Cloud Engineer,1,33.33333333333333,8.333333333333332,100.0,3.9834022243389824,56.97805404663086,37.4775517739788,39.70905401124946,44.76360638414019,26.444178557622127,43.38828404744466,34.03628666704021
212,Data Scientist,0,25.0,8.333333333333332,70.0,4.671765876341413,56.83570098876953,30.142786696433305,32.911979532974314,35.595150037208306,23.1091608193333,34.637672723508345,25.432272409550446
212,Software Engineer,0,28.57142857142857,12.5,100.0,1.9082321403496472,48.5732307434082,35.07221943256368,38.57264528086719,40.7152742907046,23.61437580301609,40.92468777824851,32.689688024767584
212,Web Developer,0,0.0,12.5,100.0,0.09550939485859063,38.338558197021484,23.265110138782013,35.79247713658771,25.956387673477515,9.723658986802366,27.353863211239087,20.60508989321034
213,AI Engineer,0,12.5,8.333333333333332,100.0,0.9893232033470096,41.08674621582031,27.353077079541762,35.35088781467964,32.10801301609388,14.53303185828443,32.00550423416436,24.929488408433784
213,Cloud Engineer,1,0.0,8.333333333333332,100.0,2.359726839122512,48.164249420166016,24.245263105559946,37.30040477778453,28.2232455486166,10.876780124188173,28.107416564343023,20.024265520629466
213,Data Scientist,0,25.0,8.333333333333332,100.0,1.021996659176373,41.674686431884766,31.821169130325835,35.494106354347444,37.69312807957397,19.789610741559805,37.256317213469856,30.082313135933084
213,Software Engineer,0,28.57142857142857,12.5,100.0,1.870223000002065,33.46849060058594,32.8008070400882,35.078164677058766,37.87600880011025,20.942125929515527,38.2591454001034,32.68298052941213
213,Web Developer,0,0.0,12.5,100.0,0.11351829487967768,36.012630462646484,22.918922313628926,35.25988048250604,25.52365289203616,9.316379192504616,26.943405375761145,20.608267934390533
214,AI Engineer,0,37.5,100.0,100.0,2.1512244026235003,39.197471618652344,54.32730440319138,63.38816062029442,42.909130503989225,46.267416944931036,63.53484793270336,56.99727489458061
214,Cloud Engineer,1,33.33333333333333,100.0,100.0,3.4728179780627295,46.92631912231445,54.22653723172324,65.47672394624088,42.783171539654056,46.14886733143911,63.18307592354569,55.51481101573656
214,Data Scientist,0,25.0,100.0,100.0,0.9329639770391928,32.893882751464844,48.8240270092756,61.65234924503939,36.03003376159451,39.792972952088945,57.275391073787915,51.635228937124566
214,Software Engineer,0,42.857142857142854,100.0,100.0,2.501270697782429,32.56866455078125,55.260490287284554,61.93921582659162,44.075612859105696,47.365282690923,64.57094080307904,59.26493012313808
214,Web Developer,0,14.285714285714285,100.0,100.0,0.8606315270396896,38.35824966430664,45.882832178701946,62.89666489031068,32.35354022337744,36.33274373964935,53.82792641134823,47.210699681242296
215,AI Engineer,0,37.5,8.333333333333332,100.0,2.8606171494168557,54.58758544921875,38.408897056462,38.89830316378771,45.92778798724418,27.5398788899553,44.682122922411146,35.5538343989167
215,Cloud Engineer,1,33.33333333333333,8.333333333333332,100.0,4.613783031462563,58.41339111328125,37.7874094550449,40.18575813596652,45.150928485472804,26.80871700593518,43.641578823912376,34.147530338885545
215,Data Scientist,0,50.0,8.333333333333332,100.0,2.205979219250475,44.903228759765625,41.23304786351909,36.512381328490896,49.45797649606553,30.862409251198923,48.12017762427237,40.58536888182852
215,Software Engineer,0,57.14285714285714,12.5,100.0,3.475603166275142,46.26242446899414,44.96070414529039,38.40108330044676,53.075880181612995,35.2478872297534,52.281604318057795,44.73098879404855
215,Web Developer,0,0.0,12.5,100.0,0.09764848654728471,39.05683135986328,23.373171976961583,35.95872611840243,26.09146497120198,9.850790561131276,27.4806172987994,20.605467379978933
216,AI Engineer,0,37.5,100.0,100.0,4.43977240875474,49.30690383911133,56.18700143717991,66.24923298027679,45.23375179647489,48.455295808446955,65.31886538337258,57.40113630742731
216,Cloud Engineer,1,33.33333333333333,100.0,100.0,4.662948881674716,59.244083404541016,56.25272150959903,68.59393052758824,45.31590188699879,48.53261354070474,65.35679903217391,55.72483411637397
216,Data Scientist,0,25.0,100.0,100.0,1.994363363333936,39.90641403198242,50.035116609297454,63.51556401430377,37.54389576162182,41.2177842462323,58.512896593879255,51.82253471117657
216,Software Engineer,0,42.857142857142854,100.0,100.0,3.465993302344211,44.64234161376953,57.216250237417064,64.94807728833395,46.520312796771336,49.66617674990243,66.70158969654757,59.43517528864898
216,Web Developer,0,0.0,100.0,100.0,0.11321142596489192,37.93471908569336,40.70718957674874,62.626445502690366,25.883986970935922,30.243752443233806,47.87083277982824,41.19644907517028
217,AI Engineer,0,37.5,100.0,100.0,2.1604388329611384,50.70664978027344,56.055063291985185,66.04625121843874,45.06882911498148,48.30007446115904,65.56587937298943,56.998900970522556
217,Cloud Engineer,1,33.33333333333333,100.0,100.0,3.4598390012457276,53.332435607910156,55.18550785804005,66.95206337134367,43.981884822550064,47.27706806828241,64.31356706806257,55.51252060806297
217,Data Scientist,0,50.0,100.0,100.0,1.4210730945926686,45.304534912109375,59.50884120100531,64.62898646308508,49.386051501256645,52.36334258941801,69.75962380801931,62.01548348728106
217,Software Engineer,0,28.57142857142857,100.0,100.0,1.4219387587794445,39.38813781738281,51.12151148642434,63.26386382526821,38.901889358030424,42.495895866381574,59.89202432071461,53.192106839784614
217,Web Developer,0,14.285714285714285,100.0,100.0,0.8443402070138915,45.06376266479492,46.88621543077132,64.44033143195588,33.607769288464155,37.51319462443685,55.01125223496381,47.20782474241422
218,AI Engineer,0,25.0,100.0,100.0,2.390328029844114,50.422752380371094,51.671962061532284,66.03378778697274,39.58995257691535,43.143484778273276,60.36872100830079,51.892410828796024
218,Cloud Engineer,1,33.33333333333333,100.0,100.0,5.228193185635148,58.95726776123047,56.29448580869651,68.65818329543052,45.36810726087064,48.58174801023119,65.30618450688381,55.82458311119051
218,Data Scientist,0,25.0,100.0,70.0,1.6204001288757506,40.90427017211914,45.62870054514923,56.73646237715267,32.03587568143654,41.32788299429322,53.394871206844556,46.46242355215454
218,Software Engineer,0,42.857142857142854,100.0,100.0,3.0585622149133758,45.86919021606445,57.339162864646674,65.13717363791795,46.673953580808345,49.810779840760794,66.91809239107019,59.36327568498472
218,Web Developer,0,14.285714285714285,100.0,100.0,0.9189586472095895,51.71848678588867,47.89561681496474,65.99325663840729,34.869521018705925,38.700725664664404,56.18561531515683,47.220992702448754
219,AI Engineer,0,25.0,60.0,100.0,4.082332119703843,47.18595886230469,43.44024364730128,53.369605611232735,39.3003045591266,33.45911017329563,50.38575744628906,42.77923507994774
219,Cloud Engineer,1,16.666666666666664,60.0,100.0,3.7794562059068926,54.487884521484375,41.57343444244202,54.984770937090296,36.96679305305253,31.262864049931792,48.24296001359528,39.29441384025807
219,Data Scientist,0,25.0,60.0,70.0,4.999682210981499,52.4775276184082,39.87158147440846,47.87935611447455,34.83947684301057,34.554801734598186,46.02544605030733,37.647002743114385
219,Software Engineer,0,28.57142857142857,100.0,100.0,2.211761239999257,44.49944305419922,52.00668064412977,64.62566252943041,40.008350805162216,43.53727134603503,60.79401936250575,53.33148727764693
219,Web Developer,0,14.285714285714285,100.0,100.0,0.8002486507461529,46.952701568603516,47.16294253290245,64.86606543523453,33.953678166128064,37.838755921061704,55.34459439445944,47.200043879543436
220,AI Engineer,0,25.0,60.0,100.0,4.314409007664969,55.76478958129883,44.76187978834457,55.402891982068574,40.952349735430715,35.01397622158185,51.89966874964097,42.82018982488206
220,Cloud Engineer,1,33.33333333333333,60.0,100.0,4.223856150978019,53.64659881591797,47.34723491170106,54.89318191543754,44.18404363962634,38.05557048435419,54.957242928299245,46.23558245801572
220,Data Scientist,0,25.0,60.0,100.0,4.9926036078933045,46.771148681640625,43.51456284343009,53.483942836046296,39.393203554287616,33.54654452168246,50.31255564970129,42.93987122492235
220,Software Engineer,0,28.57142857142857,100.0,100.0,2.059188606836495,42.862606048583984,51.73826919831307,64.21272184355857,39.672836497891346,43.22149317448597,60.50516577327953,53.30456269532409
220,Web Developer,0,14.285714285714285,100.0,100.0,0.8476725162504015,41.04869842529297,46.2844556412315,63.51454714035616,32.85556955153939,36.805241930860596,54.302711486816406,47.208412796985364
221,AI Engineer,0,37.5,100.0,100.0,4.7230126494425,58.01353454589844,57.53548207930114,68.32381858354022,46.91935259912643,50.04174362270722,66.85532962574679,57.45111987931338
221,Cloud Engineer,1,50.0,100.0,100.0,4.660046284736445,60.45320510864258,62.266987709006855,68.87228878308747,52.833734636258576,55.60822083412571,72.43291854858398,62.58706699142408
221,Data Scientist,0,25.0,100.0,100.0,4.925717691814214,47.45295715332031,51.60680122677017,65.93354034887719,39.50850153346273,43.0668249726708,59.844639497644756,52.33983253384957
221,Software Engineer,0,28.57142857142857,100.0,100.0,2.031601654784036,46.81273651123047,52.32665072490217,65.11792419215719,40.40831340612772,43.91370673517903,61.202247619628906,53.29969440966777
221,Web Developer,0,14.285714285714285,100.0,100.0,0.8363162466088788,43.75605773925781,46.68885609788,64.13670168904615,33.36107012235001,37.28100717397648,54.78048077751608,47.20640874940157
222,AI Engineer,0,37.5,100.0,100.0,2.0586534048174476,44.58317565917969,55.121274359599575,64.60965286092242,43.901592949499474,47.20149924658774,64.48526629279642,56.98093883614426
222,Cloud Engineer,1,50.0,100.0,100.0,6.186170658162231,54.12656784057617,61.54691077481076,67.76447811509348,51.93363846851346,54.761071499777366,71.31645314833698,62.85638305732275
222,Data Scientist,0,25.0,100.0,100.0,0.6942948421365603,32.59200668334961,48.742945228822926,61.52760804434296,35.92868153602866,39.69758262214462,57.22211882647346,51.59311085449469
222,Software Engineer,0,42.857142857142854,100.0,100.0,3.7986546082407715,38.184391021728516,56.29745684449539,63.53454899153137,45.37182105561924,48.58524334646517,65.56195135677562,59.49388022498367
222,Web Developer,0,14.285714285714285,100.0,100.0,0.9561134413014535,44.0821647644043,46.75574173085586,64.23960266285516,33.444677163569835,37.35969615394808,54.83802907607135,47.2275494308179
223,AI Engineer,0,37.5,60.0,100.0,1.9843200243987658,52.74378204345703,48.33421531017837,54.16802355412057,45.41776913772297,39.2167238943275,56.51360859590419,47.5560564748939
223,Cloud Engineer,1,50.0,60.0,100.0,4.283411120592557,58.14585876464844,53.86439048278615,55.9452161273633,52.33048810348269,45.722812332689585,62.61397507611443,53.108837256575164
223,Data Scientist,0,25.0,60.0,100.0,0.6692254047545829,34.973106384277344,41.09634976835479,49.76361502823813,36.37043721044349,30.70158796277034,48.23054818546071,42.176922130250816
223,Software Engineer,0,28.57142857142857,100.0,100.0,1.5198453635155824,38.55369186401367,51.01103058412939,63.0938932063529,38.76378823016174,42.36591833426987,59.744769152473,53.20938447591452
223,Web Developer,0,14.285714285714285,100.0,100.0,0.9215903185701754,40.31232452392578,46.18508722637439,63.361672655960604,32.731359032967994,36.68833791338164,54.17276315128102,47.221457115041794
224,AI Engineer,0,25.0,8.333333333333332,100.0,2.010024539720521,55.68374252319336,34.070731726103745,38.954971886313466,40.505081324296356,22.43615497188676,39.72850358252431,30.25667099720558
224,Cloud Engineer,1,33.33333333333333,8.333333333333332,100.0,3.8264950966061173,59.90611267089844,37.89322449845901,40.34855051044976,45.28319728974044,26.93320529230472,43.905000275256576,34.00859717391088
224,Data Scientist,0,25.0,8.333333333333332,100.0,0.7419522899698373,40.23627471923828,31.563400718047884,35.09753956622752,37.37091756422653,19.486353785938686,37.002479852414595,30.032893541367226
224,Software Engineer,0,42.857142857142854,12.5,100.0,2.603624674135876,45.8754768371582,39.77186522669411,38.11056188722171,46.589831533367644,29.143370854934247,46.33096650067498,38.69475729543574
224,Web Developer,0,0.0,12.5,100.0,0.12302842702254736,39.00709915161133,23.36951913679508,35.953106364300126,26.086898920993853,9.84649310211186,27.47184102675494,20.609946193003978
225,AI Engineer,0,37.5,100.0,100.0,3.7792525447400203,51.80133056640625,56.46208746667194,66.67244225641836,45.57760933333993,48.77892643137875,65.75905833524816,57.284573978483536
225,Cloud Engineer,1,33.33333333333333,100.0,100.0,3.127956882048108,45.82918930053711,54.01023859405445,65.14395681136583,42.51279824256807,45.89439834594641,62.989464778526155,55.453953175263386
225,Data Scientist,0,50.0,100.0,100.0,1.5523582855618914,46.93738555908203,59.77346157669659,65.03609473337937,49.71682697087074,52.67466067846658,70.04777392219094,62.038651462157986
225,Software Engineer,0,28.57142857142857,100.0,100.0,1.5533039237405106,37.554595947265625,50.86618498065092,62.87105381638603,38.58273122581365,42.19551174194226,59.568458108341,53.21528892771891
225,Web Developer,0,14.285714285714285,100.0,100.0,0.9223441926938716,38.08909606933594,45.85171603930447,62.84879390662226,32.31464504913059,36.29613651682879,53.7804287181181,47.22159015165186
226,AI Engineer,0,37.5,8.333333333333332,100.0,2.092164991237315,47.370235443115234,37.211026731819544,37.05542574126085,44.4304500814411,26.130619684493585,43.40847292133406,35.41822519453207
226,Cloud Engineer,1,50.0,8.333333333333332,100.0,4.516208413658298,57.25861740112305,43.43289053888387,39.89675467520595,52.2077798402715,33.45045945751043,50.30054032568838,40.993056386724014
226,Data Scientist,0,25.0,8.333333333333332,70.0,0.7055968522508808,38.109222412109375,26.7388895563207,27.67521470203185,31.340278612067547,19.10457594861259,31.333000033509492,24.732360228828583
226,Software Engineer,0,42.857142857142854,12.5,100.0,2.4760478528716225,40.18775939941406,38.89957108784285,36.76857090437362,45.49946385980357,28.11714245628571,45.32725165872013,38.67224373874205
226,Web Developer,0,0.0,12.5,100.0,0.11700007132266639,36.19976806640625,22.947515220659337,35.30386957024513,25.559394025824172,9.350017906658044,26.976429658777572,20.60888236552753
227,AI Engineer,0,12.5,60.0,100.0,0.9507719428746443,46.26429748535156,38.45726041423393,52.43424679112912,33.07157551779242,27.596776957922273,45.07605249741498,37.07954798991906
227,Cloud Engineer,1,16.666666666666664,60.0,100.0,3.226015214181209,57.765960693359375,41.98212971946442,55.613532901740136,37.47766214933053,31.74368202289932,48.82144404392616,39.19674778289472
227,Data Scientist,0,0.0,60.0,100.0,0.11903578871848143,30.134334564208984,31.53800555293912,48.520008542983255,24.4225069411739,19.456477121104847,37.08252962897806,31.785712198009143
227,Software Engineer,0,28.57142857142857,100.0,100.0,1.8244475257032982,39.311126708984375,51.17033613520315,63.33897866954331,38.962920169003944,42.553336629650765,59.87843412511489,53.263137798653524
227,Web Developer,0,0.0,100.0,100.0,0.11272453316573494,39.83885192871094,40.9927364692815,63.065748414279234,26.240920586601877,30.57968996386059,48.2068562227137,41.1963631529116
228,AI Engineer,0,50.0,8.333333333333332,100.0,4.877372226670265,57.77799987792969,43.564972482356666,40.09995766516409,52.3728822696125,33.60584997924313,50.39219605688956,41.05679117725554
228,Cloud Engineer,1,50.0,8.333333333333332,100.0,5.77570026364512,66.2806167602539,44.97511422025153,42.26940649269464,54.13555944198107,35.26484025911944,51.89265785965266,41.215319654368756
228,Data Scientist,0,50.0,8.333333333333332,100.0,4.164215633864733,51.71435546875,42.54845233205888,38.53608051085981,51.10223208174026,32.40994392006927,49.32214116115196,40.930940013819274
228,Software Engineer,0,42.857142857142854,12.5,100.0,4.778362951752895,50.623573303222656,40.810290438246334,39.70813913576359,47.88786304780792,30.365047574407452,47.168865877039295,39.07853463854463
228,Web Developer,0,0.0,12.5,100.0,0.11076792305705498,43.877906799316406,24.09830120835602,37.07430955131695,26.99787651044503,10.703883774536495,28.331395317526425,20.60778257465713
229,AI Engineer,0,25.0,8.333333333333332,100.0,2.3743980086836527,56.65632629394531,34.27127531206101,39.26350048009387,40.755760806742934,22.67208860242472,39.900136012657015,30.32097219761084
229,Cloud Engineer,1,33.33333333333333,8.333333333333332,100.0,4.548550290369117,57.7016716003418,37.67086661693996,40.00646146195893,45.00524993784163,26.671607784635256,43.51598126280541,34.13601867869259
229,Data Scientist,0,25.0,8.333333333333332,70.0,1.6096011891406519,39.778404235839844,27.124867480413737,28.269026892944215,31.822751017183844,19.558667624016167,31.627561531814873,24.891890405926777
229,Software Engineer,0,42.857142857142854,12.5,100.0,3.0381788364833726,45.3138427734375,39.75280324148813,38.081235756135584,46.56600405186017,29.120944989986036,46.23185460707721,38.7714433240853
229,Web Developer,0,14.285714285714285,12.5,100.0,0.9128343703267248,44.57109832763672,29.322589904694517,37.41936908414541,33.52823738086815,16.850105770228843,34.33607617546531,26.631676653587068
230,AI Engineer,0,25.0,100.0,100.0,1.502842514297571,47.033138275146484,51.03039711841661,65.04676479756401,38.787996398020766,42.388702492254836,59.770553813261145,51.73579573781722
230,Cloud Engineer,1,16.666666666666664,100.0,100.0,2.873913589929986,48.36220169067383,48.518750625423905,65.66987275706242,35.64843828177988,39.43382426520459,56.57372186698166,48.54637690802686
230,Data Scientist,0,50.0,100.0,100.0,3.2188357894142663,37.58371353149414,58.62038239813626,63.26212676636347,48.27547799767033,51.318096938983835,68.3971259173225,62.33273572754369
230,Software Engineer,0,28.57142857142857,100.0,100.0,3.220796582899563,33.938880920410156,50.573951625496456,62.42146403922531,38.217439531870575,41.85170779470172,58.930390750660614,53.50955233815875
230,Web Developer,0,14.285714285714285,100.0,100.0,0.9224138329046067,40.95746994018555,46.281982565963524,63.510742409174654,32.85247820745441,36.80233243054532,54.28661234238569,47.22160244110081
231,AI Engineer,0,37.5,60.0,100.0,4.230554152978532,50.013519287109375,48.261611016013184,54.05632464002028,45.327013770016485,39.13130707766257,56.031797521254596,47.95245073287857
231,Cloud Engineer,1,50.0,60.0,100.0,6.068400880996223,57.036048889160156,53.96566746552345,56.10102687003608,52.45708433190432,45.84196172414524,62.41812627455767,53.42383544958757
231,Data Scientist,0,25.0,60.0,100.0,4.412123571162615,47.00846862792969,43.46308882986384,53.40475204594437,39.32886103732981,33.48598685866335,50.35443564022288,42.83743357138164
231,Software Engineer,0,42.857142857142854,100.0,100.0,2.4932741467295023,42.99126434326172,56.82268077349869,64.3425858053826,46.028350966873354,49.20315385117493,66.41022311939913,59.26351896706992
231,Web Developer,0,14.285714285714285,100.0,100.0,0.7491153280549102,43.04613494873047,46.56928754151781,63.95275006387355,33.21160942689726,37.1403382841386,54.65520028507009,47.191020352009694
232,AI Engineer,0,37.5,100.0,100.0,3.650863342366505,48.88981628417969,56.00610194398193,65.97092606766451,45.00762742997742,48.24247287527286,65.24526169720818,57.26191706041762
232,Cloud Engineer,1,33.33333333333333,100.0,100.0,3.9543083874691436,59.75822067260742,56.22354602567815,68.54904516770998,45.27943253209769,48.49828944197429,65.44752913830327,55.59977991151416
232,Data Scientist,0,25.0,100.0,100.0,0.968075621826274,42.756099700927734,50.3086262984131,63.93634815140477,37.88578287301638,41.539560351074236,59.01578230016372,51.64142510973405
232,Software Engineer,0,42.857142857142854,100.0,100.0,2.5954048020118163,43.3849983215332,56.897060468531755,64.45701610543347,46.1213255856647,49.29065937474324,66.47970558615292,59.28154202388444
232,Web Developer,0,0.0,100.0,100.0,0.10752901481387042,41.695858001708984,41.27050805247843,63.49308931150527,26.588135065598035,30.906480061739327,48.534563176772174,41.19544629673186
233,AI Engineer,0,25.0,60.0,100.0,2.314530908986113,57.21608352661133,44.67959216533961,55.27629563898402,40.84949020667452,34.91716725334072,52.15577944587258,42.46727016040931
233,Cloud Engineer,1,33.33333333333333,60.0,100.0,4.4338650047864485,59.435813903808594,48.247118502955914,56.27761820967578,45.308898128694906,39.114257062301085,55.97886912027994,46.27264284398192
233,Data Scientist,0,25.0,60.0,100.0,1.5690173634673035,42.43149185180664,42.35007638229109,51.692425203524756,37.937595477863866,32.17656044975423,49.54673385620117,42.33570894649423
233,Software Engineer,0,42.857142857142854,100.0,100.0,2.961575438637894,47.128562927246094,57.5135207548826,65.40541654597322,46.891900943603254,50.015906770450115,67.1403346342199,59.346160371524334
233,Web Developer,0,14.285714285714285,100.0,100.0,0.8898185380796332,46.967987060546875,47.17867083979398,64.89026283045227,33.97333854974247,37.857259811522326,55.347291834214154,47.21585033024935
234,AI Engineer,0,37.5,100.0,100.0,3.7496321237015557,50.37799072265625,56.24414342695367,66.33714373377488,45.30517928369209,48.522521678769024,65.50788071576287,57.2793468453591
234,Cloud Engineer,1,33.33333333333333,100.0,100.0,3.76486838664861,55.02146530151367,55.48461671989101,67.41223085111436,44.355770899863764,47.628960846930596,64.61163113163965,55.56634932313406
234,Data Scientist,0,25.0,100.0,100.0,0.9216977907056001,38.838802337646484,49.71407501925281,63.02165387577355,37.142593774066015,40.84008825794449,58.324494530172906,51.6332407865951
234,Software Engineer,0,28.57142857142857,100.0,100.0,1.7066462737391122,38.655609130859375,51.05433831068977,63.160520477984264,38.81792288836222,42.4168686008115,59.762754552504596,53.242349342424546
234,Web Developer,0,14.285714285714285,100.0,100.0,0.8502388051481494,41.7978401184082,46.39721183853345,63.68801821312839,32.99651479816682,36.9378962806276,54.43491296207203,47.20886567149673
235,AI Engineer,0,25.0,100.0,100.0,2.134558800713492,53.607032775878906,52.11123873648886,66.7095980561367,40.139048420611076,43.660280866457484,60.93065284280217,51.84727508247885
235,Cloud Engineer,1,33.33333333333333,100.0,100.0,4.063400130736434,51.05310821533203,54.93414291857694,66.56534807986196,43.66767864822117,46.98134461009052,63.9113328223135,55.619031395620155
235,Data Scientist,0,25.0,100.0,70.0,1.426736642832359,46.41789245605469,46.42669436483306,57.96414517666624,33.033367956041324,42.26669925274478,54.36786337459789,46.428247642852774
235,Software Engineer,0,28.57142857142857,100.0,100.0,1.9465548021224313,43.038185119628906,51.7477109882627,64.22724767425031,39.68463873532838,43.23260116266201,60.53615031522864,53.28468614155102
235,Web Developer,0,14.285714285714285,100.0,100.0,0.8091285305754927,41.454132080078125,46.33948909159805,63.59921398707392,32.92436136449756,36.869987166585936,54.37425860236673,47.20161091716039
236,AI Engineer,0,25.0,100.0,100.0,3.193299360978162,49.244625091552734,51.61568866787963,65.94721333519944,39.519610834849544,43.07728078574075,60.16081619262695,52.03411165193732
236,Cloud Engineer,1,33.33333333333333,100.0,100.0,3.1752212567258673,51.410282135009766,54.85449217542701,66.44280847501591,43.56811521928377,46.88763785344354,63.97436351402133,55.462293947265344
236,Data Scientist,0,25.0,100.0,70.0,3.760225012346331,46.89175033569336,46.84779630220596,58.61199431108607,33.55974537775744,42.76211329671288,54.451485353357654,46.84003970806112
236,Software Engineer,0,28.57142857142857,100.0,100.0,2.363752415338874,39.86502456665039,51.33431654729839,63.59125622661291,39.16789568412299,42.746254761527524,59.97618080587949,53.35830924976568
236,Web Developer,0,14.285714285714285,100.0,100.0,0.7748820023861037,43.15663146972656,46.5897270208169,63.984195416641384,33.237158776021126,37.164384730372824,54.674699671128224,47.19556741218578
237,AI Engineer,0,37.5,100.0,100.0,2.6796011655901184,52.432430267333984,56.391804714938615,66.56431494605941,45.489755893673276,48.696240841104256,65.87042887070601,57.0905178527512
237,Cloud Engineer,1,33.33333333333333,100.0,100.0,4.4781662380827285,57.5469856262207,55.970439446312184,68.15965043022386,44.96304930789022,48.200516995661395,65.0573111889409,55.69222541456362
237,Data Scientist,0,50.0,100.0,100.0,2.2830992812267628,49.92692947387695,60.331504313265555,65.89462202040855,50.41438039158195,53.3311815450183,70.57534049539005,62.16760575551061
237,Software Engineer,0,42.857142857142854,100.0,100.0,2.82279961838907,43.90031814575195,57.00846766462115,64.62841179172484,46.260584580776445,49.42172666426018,66.57064437866211,59.321670520892184
237,Web Developer,0,0.0,100.0,100.0,0.10106223463189996,39.78596496582031,40.98305408006784,63.0508524308736,26.228817600084792,30.56829891772686,48.197523229262416,41.194305100229165
238,AI Engineer,0,25.0,100.0,100.0,1.808595708077161,45.063846588134766,50.78086634443179,64.66287129912584,38.47608293053974,42.09513687580211,59.423031750847315,51.789752183778326
238,Cloud Engineer,1,16.666666666666664,100.0,100.0,3.1710409267874557,45.16729736328125,48.08408407684364,65.00115499001586,35.10510509605455,38.92245185511016,56.0099152209712,48.59881114394288
238,Data Scientist,0,50.0,100.0,100.0,1.521192751830482,43.35055923461914,59.230762797967444,64.20117353533453,49.03845349745931,52.03619152702052,69.41480457081514,62.03315166208773
238,Software Engineer,0,42.857142857142854,100.0,100.0,2.334718498348491,37.93647384643555,56.0406788517176,63.139505925719384,45.05084856464701,48.283151590256004,65.51820126701804,59.235538558532085
238,Web Developer,0,14.285714285714285,100.0,100.0,0.9038269796788585,45.30297088623047,46.931019679886404,64.50926104597909,33.663774599858,37.5659055057487,55.05346545051126,47.21832240817863
239,AI Engineer,0,25.0,60.0,100.0,2.43036442088975,55.99040985107422,44.513116140794594,55.02017867814553,40.641395175993246,34.72131310681717,51.93948409136604,42.48771136839231
239,Cloud Engineer,1,16.666666666666664,60.0,100.0,4.377817720339871,65.09217071533203,43.253831598684116,57.5699973313089,39.067289498355144,33.23980188080484,50.11430463603899,39.40000704868742
239,Data Scientist,0,50.0,60.0,70.0,4.175299348767097,59.55186462402344,49.55907459591858,49.32165322449012,46.94884324489823,45.951852465786565,57.56797611012178,47.79564106154714
239,Software Engineer,0,42.857142857142854,100.0,100.0,4.769420239329525,56.335174560546875,59.16568921998146,67.94721418458685,48.95711152497683,51.959634376448776,68.7650308048024,59.665191806940506
239,Web Developer,0,0.0,100.0,100.0,0.11106274930704721,52.699005126953125,42.921510181439025,66.03309258682927,28.651887726798783,32.84883550757532,50.47629502240349,41.19606989693654
240,AI Engineer,0,25.0,8.333333333333332,100.0,4.318312075028502,57.374359130859375,34.67056734754985,39.87779591930746,41.25487585110398,23.141843938293942,40.02684768975949,30.664015856377578
240,Cloud Engineer,0,33.33333333333333,8.333333333333332,100.0,2.0143416815909054,48.135398864746094,35.85579441528388,37.214042690180335,42.73640968577153,24.536228723863392,41.82781548593558,33.68880539479055
240,Data Scientist,1,25.0,8.333333333333332,70.0,4.702870471416521,43.126277923583984,28.09103892591674,29.75544450141037,33.0304653240626,20.695339912843227,32.21836277082854,25.43776145574017
240,Software Engineer,0,28.57142857142857,12.5,100.0,1.5982556801456507,42.42528533935547,34.10353115292517,37.08235561988487,39.504413941156464,22.474742532853135,39.83975623635685,32.634986296496294
240,Web Developer,0,14.285714285714285,12.5,100.0,0.9691360692215063,40.00822448730469,28.646604083478927,36.37939089765989,32.68325510434866,16.05482833350462,33.530863144818476,26.641612247509677
241,AI Engineer,0,37.5,60.0,100.0,4.707026075005814,56.93048095703125,49.370626054805555,55.76250162277778,46.713282568506955,40.436030652712425,57.25243781594669,48.03653401323632
241,Cloud Engineer,0,50.0,60.0,100.0,2.504626324306026,49.51588821411133,52.3030771807626,53.54319566271169,50.37884647595325,43.88597315383836,61.09103909660788,52.79493405723048
241,Data Scientist,1,25.0,60.0,100.0,4.55597863117582,47.011470794677734,43.48511741387804,53.43864217519697,39.35639676734755,33.51190283985651,50.354965434354895,42.8628197584428
241,Software Engineer,0,28.57142857142857,100.0,100.0,1.548334952058697,44.495243072509766,51.90653670368527,64.47159492874657,39.88317087960659,43.41945494551208,60.79327818926643,53.2144120503633
241,Web Developer,0,14.285714285714285,100.0,100.0,0.9388655819697688,43.696266174316406,46.69526976344292,64.14656886683527,33.36908720430366,37.28855266287403,54.769929324879364,47.22450569093584
242,AI Engineer,0,25.0,8.333333333333332,100.0,6.577085408145847,55.29958724975586,34.69816756535192,39.920257792849114,41.28937612335657,23.17431478276697,39.66071147544711,31.06262291516299
242,Cloud Engineer,0,16.666666666666664,8.333333333333332,100.0,2.899135203847416,57.86460494995117,31.61456102306979,39.66342721497916,37.4348679455039,19.5465423800821,36.68198910881491,26.98220033009072
242,Data Scientist,1,25.0,8.333333333333332,100.0,5.849491728236491,53.1480598449707,34.266299402647746,39.25584523484269,40.74954091997635,22.66623459135029,39.28103016872032,30.934224030473104
242,Software Engineer,0,42.857142857142854,12.5,100.0,3.4514544535969227,53.03058624267578,40.972306104440904,39.95739400683216,48.09038263055113,30.555654240518717,47.593632866354554,38.84437431534063
242,Web Developer,0,0.0,12.5,100.0,0.11273653647290843,44.70463943481445,24.222606395693106,37.26554830106632,27.153257994616386,10.850125171403652,28.47728931202608,20.608129977024632
243,AI Engineer,0,12.5,100.0,100.0,2.866284212046252,46.90209197998047,46.84025642880401,65.33116373662155,33.55032053600501,37.459125210357655,54.60036917293773,46.829344272714046
243,Cloud Engineer,0,16.666666666666664,100.0,100.0,1.3013941886329075,42.93836212158203,47.469296779865566,64.05532837928037,34.336620974831966,38.19917268219479,55.616573707730154,48.268873484268546
243,Data Scientist,1,25.0,100.0,100.0,4.358109541977711,44.679893493652344,51.10570045534451,65.1626160851454,38.882125569180644,42.47729465334648,59.35527532240924,52.23966638976078
243,Software Engineer,0,28.57142857142857,100.0,100.0,1.4599988473025027,37.60493850708008,50.859740603157384,62.861139389472896,38.574675753946735,42.18793012136163,59.577342089484716,53.19882332599456
243,Web Developer,0,14.285714285714285,100.0,100.0,0.8980900444567965,46.161033630371094,47.05886855122418,64.70595161726797,33.82358568903023,37.71631594261668,55.20488828771254,47.21731000784532
244,AI Engineer,0,25.0,60.0,100.0,4.213460408462851,52.827613830566406,44.30616113585438,54.70178636285291,40.38270141981799,34.47783663041693,51.381343617158784,42.80237536619932
244,Cloud Engineer,0,33.33333333333333,60.0,100.0,2.6242868822301584,60.62931823730469,48.15470743459689,56.13544733527728,45.19338429324611,39.00553815834928,56.18948753207337,45.95330552823669
244,Data Scientist,1,0.0,60.0,100.0,4.042368532659876,49.20917892456055,34.98773211858306,53.82728018243548,28.734665148228828,23.514978963038896,40.448678633745985,32.47806503517527
244,Software Engineer,0,28.57142857142857,100.0,100.0,1.8520516443739268,48.75215148925781,52.59063047004476,65.52404687699193,40.73828808755595,44.22427114122913,61.544497321633735,53.26800911371304
244,Web Developer,0,0.0,100.0,100.0,0.11443006941534486,46.50932312011719,41.99356297842988,64.60548150527673,27.49195372303735,31.757132915799858,49.383998197667744,41.196664129896824
245,AI Engineer,0,37.5,100.0,100.0,6.432165751986119,54.44468688964844,57.25652789624518,67.89465830191565,46.57065987030648,49.71356223087668,66.2255329805262,57.752735132703435
245,Cloud Engineer,0,33.33333333333333,100.0,100.0,2.9491917306960596,48.84768295288086,54.4361978692032,65.79927877313314,43.045247336504005,46.39552690494494,63.52214012893975,55.422406383848326
245,Data Scientist,1,50.0,100.0,100.0,6.088738488633524,48.68631362915039,60.71625781766759,66.48655048871936,50.89532227208449,53.783832726667754,70.35640828749713,62.83918914505298
245,Software Engineer,0,42.857142857142854,100.0,100.0,3.0117915485371283,42.836360931396484,56.87722287199004,64.42649672613852,46.09652858998756,49.267321025870636,66.38288722318762,59.35502203797714
245,Web Developer,0,14.285714285714285,100.0,100.0,0.8892989116359613,40.73563003540039,46.243739342055456,63.451906680085315,32.804674177569325,36.75734040241819,54.24746412389419,47.21575863146517
246,AI Engineer,0,37.5,60.0,100.0,4.81972724098708,51.377105712890625,48.55452494308165,54.506961450894856,45.69315617885208,39.47591169774313,56.272430419921875,48.056422454291834
246,Cloud Engineer,0,33.33333333333333,60.0,100.0,2.3214868641672166,51.197540283203125,46.69452073877221,53.88900626477776,43.36815092346527,37.287671457379076,54.52505612840839,45.89987023093147
246,Data Scientist,1,50.0,60.0,100.0,5.547578473394611,59.04927062988281,54.189527365491614,56.44542671614094,52.736909206864524,46.105326312343074,62.77340069939109,53.33192561295199
246,Software Engineer,0,42.857142857142854,100.0,100.0,2.466671061145932,48.45075607299805,57.6376140701216,65.59632933864862,47.04701758765201,50.161898906025414,67.37366283641143,59.25882430490811
246,Web Developer,0,0.0,100.0,100.0,0.11498098441835591,46.82472229003906,42.04095549116861,64.67839306333632,27.551194363960768,31.812888813139548,49.439656874712774,41.19676135019147
247,AI Engineer,0,25.0,60.0,100.0,4.0221209105547615,40.027347564697266,42.3574202712878,51.70372349428893,37.946775339109756,32.18520031916212,49.12247309965246,42.76860957245084
247,Cloud Engineer,0,33.33333333333333,60.0,100.0,2.3454414010654423,47.858612060546875,46.19727468590851,53.12401233729515,42.74659335738564,36.70267610106884,53.93583350088082,45.9040975021488
247,Data Scientist,1,0.0,60.0,70.0,4.212003036058349,33.7570915222168,28.19536418374127,43.37748335960195,20.24420522967659,20.81807551028385,32.42772203333237,27.213882888716178
247,Software Engineer,0,28.57142857142857,100.0,100.0,1.9297713917011134,36.619850158691406,50.782443232558876,62.742220357782884,38.478054040698595,42.09699203830456,59.403502969180835,53.28172436324137
247,Web Developer,0,14.285714285714285,100.0,100.0,0.9902136878779215,43.72539520263672,46.7073413335772,64.16514051319568,33.3841766669715,37.30275451009082,54.77506974164177,47.23356712139022
248,AI Engineer,0,25.0,60.0,100.0,5.03033262407576,41.906768798828125,42.79056521343558,52.37010032836243,38.488206516794484,32.69478260404186,49.45413567038143,42.9465292866016
248,Cloud Engineer,0,16.666666666666664,60.0,100.0,1.2728038764398053,41.547542572021484,39.256385300602524,51.420079949644915,34.07048162575316,28.536923883061792,45.959370257807706,38.85206342917565
248,Data Scientist,1,25.0,60.0,70.0,4.651921783922656,42.437416076660156,38.31340067908742,45.48215489090372,32.891750848859274,32.72164785774991,44.253661660587085,37.58563325598635
248,Software Engineer,0,28.57142857142857,100.0,100.0,1.7710977389281062,36.63264083862305,50.760560786632674,62.70855505635796,38.450700983290844,42.07124798427373,59.40576014799231,53.253723130399074
248,Web Developer,0,14.285714285714285,100.0,100.0,0.8927934327663346,44.93575668334961,46.87428251741739,64.42197310371907,33.592853146771745,37.49915590284399,54.98866294412052,47.21637531166465
249,AI Engineer,0,25.0,100.0,100.0,4.052864086278885,53.87079620361328,52.438549043483825,67.21315237459049,40.548186304354786,44.04535181586333,60.97719933004941,52.18579954463745
249,Cloud Engineer,0,33.33333333333333,100.0,100.0,1.6962140207562828,46.30339050292969,53.86660734521956,64.92298565931215,42.33325918152445,45.72542040614066,63.073147343654256,55.20129267032954
249,Data Scientist,1,25.0,100.0,100.0,4.772393435796714,52.623905181884766,52.359444792652226,67.09145352715727,40.449305990815276,43.952287991355554,60.75715973797967,52.31277531219943
249,Software Engineer,0,28.57142857142857,100.0,100.0,3.0000216672599667,43.391727447509766,51.95876236721546,64.55194210340841,39.94845295901932,43.48089690260642,60.598540137795844,53.47059205892823
249,Web Developer,0,0.0,100.0,100.0,0.1184191629070689,36.09803771972656,40.43246853239504,62.203797742146214,25.540585665493808,29.920551214582403,47.546712538775274,41.19736808757184
250,AI Engineer,0,12.5,60.0,100.0,4.105906085926251,52.5013427734375,39.86608732890456,54.601672813699324,34.832609161130705,29.254220386946546,46.17670754825368,37.63633636810464
250,Cloud Engineer,0,16.666666666666664,60.0,100.0,2.321708467561473,48.22700500488281,40.41564035419997,53.20354926287176,35.519550442749974,29.900753357882326,47.138098922430295,39.03716423937359
250,Data Scientist,1,25.0,60.0,100.0,5.761668326371685,56.35234069824219,45.06710135369208,55.87246362106474,41.333876692115105,35.37306041610833,52.003354240866265,43.075588528183246
250,Software Engineer,0,28.57142857142857,100.0,100.0,3.747219774229084,48.71229553222656,52.86892729596835,65.9521958399513,41.086159119960435,44.55167917172747,61.53746391745175,53.60245054839337
250,Web Developer,0,14.285714285714285,100.0,100.0,0.9782486797658262,54.72331619262695,48.35523473085892,66.70036112439833,35.44404341357365,39.2414526245399,56.71587932811064,47.231455649370446
251,AI Engineer,0,37.5,100.0,100.0,5.2988408222066035,52.82366943359375,56.84337653837005,67.25904082826162,46.05422067296257,49.22750180984712,65.93947107651654,57.55273661568352
251,Cloud Engineer,0,33.33333333333333,100.0,100.0,3.0680274980435582,52.45429992675781,54.99501578038687,66.65899863649263,43.74376972548359,47.05295974163162,64.15860194785922,55.44337740161553
251,Data Scientist,1,25.0,100.0,100.0,5.2006391588185155,50.03904724121094,52.03595296000442,66.59377378462219,40.044941200005525,43.571709364711076,60.30100833668428,52.38834808685033
251,Software Engineer,0,42.857142857142854,100.0,100.0,3.068603225748338,44.57706832885742,57.14685073319087,64.84130882029363,46.43356341648859,49.5845302743422,66.69007088156307,59.36504762807324
251,Web Developer,0,0.0,100.0,100.0,0.1002312805026118,35.08449935913086,40.27770959594502,61.965707070684644,25.347136994931276,29.738481877582377,47.36785282808192,41.19415846126517
252,AI Engineer,0,25.0,100.0,100.0,5.123545154286678,66.17437744140625,54.44468838935394,70.29952059900606,43.05586048669243,46.40551575218111,63.14841954848346,52.37474326252118
252,Cloud Engineer,0,33.33333333333333,100.0,100.0,3.353318093992766,64.12960052490234,56.78910445950093,69.41913506589887,45.98638057437617,49.163652305295216,66.21894911223767,55.493722800900684
252,Data Scientist,1,25.0,100.0,100.0,5.886175904577073,65.41270446777344,54.44483205585257,70.29974162438857,43.05604006981572,46.40568477159126,63.014006670783544,52.509325159631246
252,Software Engineer,0,14.285714285714285,100.0,100.0,1.505755846060645,56.077362060546875,48.637467685991126,67.13456567075558,35.79683460748891,39.57349139528368,56.95482859892004,47.32454514930482
252,Web Developer,0,0.0,100.0,100.0,0.12033674493928964,46.88715362548828,42.05112355556414,64.69403623932945,27.563904444455172,31.824851241840157,49.450674169203815,41.19770648440105
253,AI Engineer,0,25.0,100.0,100.0,4.834729073499748,44.25700759887695,51.1137605008565,65.17501615516385,38.89220062607063,42.486777059831184,59.28064839980181,52.32377571885289
253,Cloud Engineer,0,16.666666666666664,100.0,100.0,3.032766837352811,49.241180419921875,48.67442542192453,65.90937244398647,35.84303177740567,39.616971084617106,56.72883576037837,48.57440983404265
253,Data Scientist,1,25.0,100.0,100.0,5.556456956296127,44.18074035644531,51.21057959691122,65.32396861063263,39.013224496139024,42.60068187871908,59.26718947466682,52.45113946287579
253,Software Engineer,0,42.857142857142854,100.0,100.0,3.2785511970985586,42.276702880859375,56.83328811169369,64.35890478722106,46.04161013961712,49.215633072580815,66.28412403779872,59.40209727007622
253,Web Developer,0,14.285714285714285,100.0,100.0,0.8893659625882782,48.58694076538086,47.42144600919537,65.2637630910698,34.27680751149422,38.14287765787691,55.632989546831915,47.21577046398617
254,AI Engineer,0,37.5,100.0,100.0,4.729716544291075,53.98595428466797,56.932350624343854,67.39592403745208,46.165438280429825,49.33217720511042,66.14458016788258,57.45230291958078
254,Cloud Engineer,0,50.0,100.0,100.0,3.1830849526888256,58.223487854003906,61.71098592100391,68.01690141692909,52.13873240125489,54.95410108353401,72.03943903305951,62.32642675635686
254,Data Scientist,1,25.0,100.0,100.0,4.577940968232744,49.95378875732422,51.929759458833544,66.43039916743622,39.912199323541934,43.44677583392182,60.28596272188075,52.2784601708646
254,Software Engineer,0,42.857142857142854,100.0,100.0,2.4039688869178266,47.994136810302734,57.55971585458308,65.47648593012782,46.94964481822887,50.070253946568336,67.29308296652401,59.24775921533844
254,Web Developer,0,0.0,100.0,100.0,0.11359414193092318,44.28406524658203,41.65964890827695,64.0917675511953,27.07456113534618,31.36429283326699,48.991305631749775,41.196516613281936
255,AI Engineer,0,37.5,8.333333333333332,100.0,7.082575721472219,53.463218688964844,38.87353582823222,39.6131320434342,46.50858645195696,28.086512739096737,44.48370525883693,36.298885911632354
255,Cloud Engineer,0,33.33333333333333,8.333333333333332,100.0,3.2474091239556135,52.70707702636719,36.72650625588175,38.553599368023214,43.82479948651886,25.560595595155,42.634582220339304,33.90640553167844
255,Data Scientist,1,50.0,8.333333333333332,100.0,6.704421660880469,51.382225036621094,42.87966367129191,39.04563641737215,51.51624625578155,32.799604319166946,49.263529908423344,41.37921166564558
255,Software Engineer,0,42.857142857142854,12.5,100.0,3.3163389319091534,48.48789978027344,40.270635806827386,38.87790124127291,47.21329475853424,29.730159772738105,46.79198231416591,38.82053039974868
255,Web Developer,0,14.285714285714285,12.5,100.0,0.9792233477098554,49.066673278808594,30.006884493977765,38.47212999073502,34.383605617472206,17.655158228209135,35.129412931554455,26.64339235547821
256,AI Engineer,0,37.5,100.0,100.0,7.705824173167099,48.64773178100586,56.57803339312594,66.85082060480914,45.72254174140743,48.91533340367758,65.20254090253044,57.97749838350008
256,Cloud Engineer,0,33.33333333333333,100.0,100.0,2.3057584784783693,46.74597930908203,54.02442733480072,65.16578564328316,42.5305341685009,45.911090982118495,63.151251250622316,55.308859339339314
256,Data Scientist,1,50.0,100.0,100.0,5.509992883221567,49.919410705566406,60.81441053831819,66.63755467433568,51.018013172897746,53.899306515668464,70.57401365392349,62.73705756762733
256,Software Engineer,0,28.57142857142857,100.0,100.0,1.5972504559174077,42.000267028808594,51.5396276227089,63.90711941955215,39.42453452838613,42.98779720318694,60.35298829920151,53.223044198103075
256,Web Developer,0,14.285714285714285,100.0,100.0,0.9484394262942515,48.17832565307617,47.36901476190556,65.18309963370086,34.21126845238195,38.081193837535956,55.56088099760168,47.22619519287546
257,AI Engineer,0,25.0,100.0,100.0,4.973992855318446,61.841094970703125,53.77226317390324,69.26502026754345,42.215328967379044,45.61442726341557,62.383722641888795,52.34835168035032
257,Cloud Engineer,0,33.33333333333333,100.0,100.0,3.255437346380187,59.40707778930664,56.066043937019685,68.30673426208156,45.082554921274614,48.31299286708198,65.38556274713254,55.47644972779258
257,Data Scientist,1,25.0,100.0,100.0,5.714363007032021,60.46649932861328,53.677129350346796,69.11866053899507,42.0964116879335,45.502505118055055,62.141146940343525,52.479005236535066
257,Software Engineer,0,14.285714285714285,100.0,100.0,1.4618040037947841,49.891597747802734,47.703010262739625,65.69693886575327,34.62876282842454,38.474129720870145,55.863223131965185,47.31678894184614
257,Web Developer,0,0.0,100.0,100.0,0.1168242089287565,40.108245849609375,41.03376050878072,63.12886232120111,26.292200635975902,30.62795353974202,48.254396326401654,41.19708662510508
258,AI Engineer,0,12.5,100.0,100.0,3.505156641632186,39.490604400634766,45.824364156340046,63.76825254821545,32.280455195425056,36.26395783098829,53.29245960011202,46.94208646617039
258,Cloud Engineer,0,0.0,100.0,100.0,1.1020246856403006,40.121803283691406,41.18357419539976,63.35934491599962,26.4794677442497,30.80420493576442,48.256788814769074,41.370945532760054
258,Data Scientist,1,25.0,100.0,100.0,4.671303513611516,43.90616989135742,51.03662101074534,65.0563400165313,38.79577626343168,42.39602471852393,59.21873586318072,52.29493591416674
258,Software Engineer,0,28.57142857142857,100.0,100.0,1.7784768263725874,36.15673065185547,50.69028112173421,62.600432494975706,38.36285140216776,41.98856602556966,59.32177599738626,53.255025322301044
258,Web Developer,0,14.285714285714285,100.0,100.0,0.8965131601791361,46.374969482421875,47.09072239639015,64.75495753290792,33.8634029954877,37.753791054576645,55.24264167336857,47.21703173414926
259,AI Engineer,0,25.0,100.0,100.0,3.7163585450741996,48.131553649902344,51.52718682924648,65.8110566603792,39.408983536558104,42.9731609755841,59.964391820571,52.12641621383663
259,Cloud Engineer,0,33.33333333333333,100.0,100.0,2.02042596149685,54.11670684814453,55.08723658811287,66.80087680222493,43.859045735141095,47.16145480954456,64.45196787516277,55.258506542224936
259,Data Scientist,1,25.0,100.0,70.0,4.810107317897088,50.466217041015625,47.54144865383691,59.679151775133704,34.426810817296136,43.578174886866954,55.082273595473346,47.025313056099485
259,Software Engineer,0,28.57142857142857,100.0,100.0,1.6114214367232613,44.976139068603516,51.98813407579902,64.5971293473831,39.98516759474877,43.515451853881196,60.878142188577094,53.225544959421754
259,Web Developer,0,0.0,100.0,100.0,0.11935497140827149,44.07835006713867,41.62965575578204,64.04562423966468,27.037069694727553,31.329006771508286,48.955002953024476,41.19753323024852
260,AI Engineer,0,25.0,60.0,100.0,6.369354505548711,52.40901565551758,44.566755524159944,55.102700806399916,40.708444405199934,34.784418263717576,51.30747335097369,43.18282726568507
260,Cloud Engineer,0,16.666666666666664,60.0,100.0,2.58839667514444,52.42394256591797,41.08518421949269,54.233616747937475,36.35648027436587,30.68845202293258,47.878734962612974,39.084226864241174
260,Data Scientist,1,25.0,60.0,100.0,5.981306639367084,48.892913818359375,43.98113306865897,54.201743182552256,39.976416335823714,34.095450669010546,50.68698479147518,43.11434823047655
260,Software Engineer,0,42.857142857142854,100.0,100.0,3.5292309824320744,46.11008071899414,57.44589675521394,65.30137962340605,46.807370944017414,49.936349123781106,66.9606024798225,59.446334879252724
260,Web Developer,0,0.0,100.0,100.0,0.11527698908430604,38.95981216430664,40.86126337300864,62.86348211232098,26.076579216260804,30.42501573295134,48.051731558407056,41.19681358630899
261,AI Engineer,0,25.0,60.0,100.0,4.743176053555412,58.62387466430664,45.255057607679305,56.16162708873739,41.56882200959913,35.594185420799185,52.40421317605412,42.89585459768625
261,Cloud Engineer,0,33.33333333333333,60.0,100.0,3.090518017774977,57.41124725341797,47.74193145734561,55.5004073702753,44.677414321682015,38.51991936158307,55.621592652563955,46.0355816109799
261,Data Scientist,1,25.0,60.0,100.0,5.488769802719822,50.807762145996094,44.19447979230739,54.529968911242136,40.24309974038424,34.34644681447928,51.02489920223461,43.02742996518585
261,Software Engineer,0,42.857142857142854,100.0,100.0,3.101682812311818,50.13274002075195,57.985163424959566,66.13102065378395,47.48145428119946,50.570780499952434,67.67048353307388,59.37088520217267
261,Web Developer,0,0.0,100.0,100.0,0.11221219047612334,41.78601837158203,41.28473458430872,63.51497628355188,26.605918230385907,30.923217158010264,48.55047383027918,41.19627273949579
262,AI Engineer,0,37.5,100.0,100.0,5.012284162049872,56.81265640258789,57.39874108469566,68.1134478226087,46.74842635586958,49.88087186434783,66.64340995339786,57.50216779330292
262,Cloud Engineer,0,50.0,100.0,100.0,3.5793093016060173,55.32567596435547,61.33574778989422,67.43961198445264,51.66968473736778,54.512644458699086,71.52806046429802,62.39634870028342
262,Data Scientist,1,25.0,100.0,100.0,4.904519135738418,48.62687683105469,51.77970939501896,66.19955291541379,39.72463674377371,43.27024634708114,60.05180179371553,52.33609161218913
262,Software Engineer,0,42.857142857142854,100.0,100.0,2.77152499608131,45.38645935058594,57.223697652000084,64.95953484923089,46.52962206500011,49.67493841411775,66.83290459127987,59.312622058132
262,Web Developer,0,0.0,100.0,100.0,0.10026779319121032,34.43846130371094,40.18080936453532,61.8166297915928,25.226011705669155,29.624481605335674,47.25384611241958,41.1941649046808
263,AI Engineer,0,50.0,60.0,100.0,6.123669895972167,53.00031280517578,53.36859740517219,55.18245754641876,51.71074675646524,45.139526359026114,61.70593755385455,53.43358880517156
263,Cloud Engineer,0,50.0,60.0,100.0,3.6381636030583504,53.38468551635742,53.05342736791236,54.69758056601902,51.31678420989046,44.7687380798969,61.77376803229837,52.99497004759853
263,Data Scientist,1,50.0,60.0,100.0,8.060800911932978,48.53083419799805,52.98874526648966,54.59806964075331,51.23593158311208,44.69264148998783,60.91720603494084,53.775435455047
263,Software Engineer,0,42.857142857142854,100.0,100.0,4.8387243867922844,46.11613845825195,57.64322942675663,65.60496834885636,47.054036783445795,50.16850520794898,66.9616714926327,59.6774219506104
263,Web Developer,0,14.285714285714285,100.0,100.0,0.9315405327440143,45.43796920776367,46.95542646107616,64.54680994011716,33.694283076345194,37.594619365971944,55.077288683723005,47.22321303519013
264,AI Engineer,0,37.5,8.333333333333332,100.0,5.223056116174787,49.864532470703125,38.05480495469835,38.35354608415131,45.48517286003961,27.123299946703945,43.84864298502604,35.97073539305045
264,Cloud Engineer,0,33.33333333333333,8.333333333333332,100.0,2.869432123531247,48.36500930786133,36.018499548042215,37.46435827903931,42.93979110171944,24.727646527108487,41.8683349758971,33.83970370807414
264,Data Scientist,1,25.0,8.333333333333332,100.0,5.444235869342412,42.84618377685547,32.66022961359634,36.784968636302075,38.7419536836621,20.77674072187806,37.463052039052926,30.862708290668266
264,Software Engineer,0,28.57142857142857,12.5,100.0,2.4288872657507303,37.0035400390625,33.41486409572198,36.02286783957228,38.643580119652476,21.66454599496704,38.88297765395221,32.78156834101483
264,Web Developer,0,14.285714285714285,12.5,100.0,0.871403866272891,34.877811431884766,27.86238229472365,35.17289583803638,31.702977868404563,15.132214464380763,32.62549613503849,26.624365388165806
265,AI Engineer,0,25.0,100.0,100.0,5.55500209606682,49.665733337402344,52.03311031502037,66.58940048464673,40.04138789377547,43.56836507649456,60.23512941248276,52.450882722835324
265,Cloud Engineer,0,16.666666666666664,100.0,100.0,2.0047223066862547,48.83018112182617,48.45856884761019,65.57728540657978,35.573211059512744,39.363022173659054,56.65630647247912,48.39299021098384
265,Data Scientist,1,25.0,100.0,70.0,4.808759976577274,43.11912155151367,46.43918222921364,57.983357275713296,33.04897778651705,42.2813908578984,53.78572733262006,47.02507528998423
265,Software Engineer,0,28.57142857142857,100.0,100.0,1.8524831986054147,39.5780143737793,51.21457463585771,63.40703790131955,39.018218294822134,42.605381924538484,59.925531948313996,53.268085270342134
265,Web Developer,0,14.285714285714285,100.0,100.0,0.9228937042053165,43.01499557495117,46.59068339187347,63.98566675672841,33.23835423984185,37.16550987279232,54.64970510146197,47.221687124271526
266,AI Engineer,0,25.0,8.333333333333332,100.0,4.591219378756767,53.544307708740234,34.13699572979122,39.0569165073711,40.58791132890569,22.514112623283786,39.350956262326704,30.71217596880021
266,Cloud Engineer,0,16.666666666666664,8.333333333333332,100.0,2.7597513859683827,57.979827880859375,31.610936890024163,39.657851625678205,37.430337779196876,19.542278694146074,36.70232256721048,26.95760318575913
266,Data Scientist,1,50.0,8.333333333333332,70.0,7.754209590081304,62.847900390625,40.25698316377262,35.010743328880935,48.237895621382435,35.00821548679131,45.9927667356005,36.270350711975134
266,Software Engineer,0,42.857142857142854,12.5,100.0,4.633639840748319,54.520111083984375,41.373062638709904,40.57394252109216,48.59132829838738,31.0271325161293,47.856490191291364,39.052995266014406
266,Web Developer,0,0.0,12.5,100.0,0.1079009091647,51.503761291503906,25.24174933010029,38.8334605078466,28.427186662625367,12.049116858941519,29.677134345559512,20.607276631029066
267,AI Engineer,0,25.0,100.0,100.0,5.188477061454468,59.55353927612305,53.46130245063662,68.78661915482557,41.82662806329578,45.24859111839603,61.98003634284524,52.38620183437432
267,Cloud Engineer,0,16.666666666666664,100.0,100.0,2.6117055012749053,53.51908874511719,49.252952470292136,66.7994140568597,36.56619058786518,40.29759114152017,57.48376075894224,48.500104892381835
267,Data Scientist,1,50.0,100.0,70.0,6.464403824502372,64.350830078125,58.622285085394104,63.26505397752939,48.27785635674263,56.614453041640125,67.82661707261029,57.61136538079454
267,Software Engineer,0,28.57142857142857,100.0,100.0,2.3265736349434953,50.00635528564453,52.849939338088205,65.92298359705877,41.06242417261026,44.52934039775083,61.765827403349036,53.35174828851944
267,Web Developer,0,0.0,100.0,100.0,0.11368755457774075,39.06096649169922,40.876198106941544,62.88645862606391,26.095247633676934,30.442586008166522,48.06958232206457,41.19653309786666
268,AI Engineer,0,25.0,60.0,100.0,3.996227919748452,40.939476013183594,42.4903555899398,51.90823936913816,38.11294448742476,32.34159481169389,49.283436943502984,42.76404022113208
268,Cloud Engineer,0,33.33333333333333,60.0,100.0,2.3406134404046504,46.39336395263672,45.97676327562287,52.784764013778776,42.470954094528594,36.44325091249749,53.67726030536726,45.903245509091015
268,Data Scientist,1,25.0,60.0,100.0,4.7482988271024125,33.34877395629883,41.46456091751019,50.330093719246435,36.83070114688773,31.134777550011982,47.943901286405676,42.89675861654749
268,Software Engineer,0,28.57142857142857,100.0,100.0,1.6136943633830363,34.0383186340332,50.34780194961244,62.07354146094221,37.934752437015554,41.58564935248523,58.94793858247645,53.22594606412642
268,Web Developer,0,14.285714285714285,100.0,100.0,0.9784976406975245,39.07975769042969,46.00873829966908,63.090366614875514,32.510922874586356,36.480868587845976,53.95525135713465,47.23149958365251
269,AI Engineer,0,25.0,60.0,100.0,3.719641683044867,51.677276611328125,44.059537744155946,54.32236576023992,40.07442218019494,34.18769146371288,51.178342931410846,42.715230885243216
269,Cloud Engineer,0,33.33333333333333,60.0,100.0,2.1943265652142054,48.08645248413086,46.20878352406842,53.14171824215655,42.760979405085536,36.71621591066874,53.97604063445446,45.877430178175054
269,Data Scientist,1,25.0,60.0,100.0,4.3800120541366825,46.1982421875,43.33673813624551,53.21036636345462,39.17092267030688,33.337338983818235,50.21145450367648,42.831766833082945
269,Software Engineer,0,14.285714285714285,100.0,100.0,0.6558371841115124,39.32822036743164,45.99760863273148,63.07324405035612,32.497010790914345,36.46777486203703,53.99909771189971,47.174559503078505
269,Web Developer,0,14.285714285714285,100.0,100.0,0.9026035675633405,42.624656677246094,46.52908903672141,63.890906210340624,33.16136129590177,37.093045925554605,54.58082176657284,47.21810651192294
270,AI Engineer,0,37.5,100.0,100.0,7.56704607012354,58.118831634521484,57.97788165569675,69.00443331645653,47.472352069620946,50.56221371258441,66.87391146491555,57.9530081300218
270,Cloud Engineer,0,33.33333333333333,100.0,100.0,3.602479736985627,58.462642669677734,55.97643502766617,68.16887440153769,44.970543784582716,48.207570620783734,65.21889772602157,55.5376925026053
270,Data Scientist,1,50.0,100.0,100.0,6.131480355117859,54.175872802734375,61.54610297367783,67.76323534411974,51.932628717097295,54.760121145503334,71.32515402401195,62.84673182737374
270,Software Engineer,0,42.857142857142854,100.0,100.0,3.0329337921211708,48.5430908203125,57.73640369186505,65.74831337210007,47.170504614831316,50.27812199042947,67.38995720358456,59.358753022139034
270,Web Developer,0,0.0,100.0,100.0,0.10783252817106725,41.725181579589844,41.27495211616414,63.49992633256021,26.593690145205173,30.911708371957808,48.53973792580997,41.195499857912544
271,AI Engineer,0,12.5,8.333333333333332,100.0,3.821594097362693,56.69359588623047,30.11894516420564,39.60606948339329,35.565348121923726,17.786994310830167,34.759654176001455,25.429300919142435
271,Cloud Engineer,0,16.666666666666664,8.333333333333332,100.0,2.8896210595768848,60.01064682006836,31.93504018194679,40.156472074789924,37.83546689410015,19.923576684643276,37.06070238001207,26.980521363454745
271,Data Scientist,1,0.0,8.333333333333332,100.0,4.4833332332305,47.3158073425293,24.43653775303064,37.59467346620098,28.462338857954965,11.101809121212513,27.9576914918189,20.399019590177936
271,Software Engineer,0,14.285714285714285,12.5,100.0,1.5505931620613498,46.448577880859375,29.69987565643811,37.999808702212476,33.99984457054764,17.29397136051542,34.66739609662225,26.74422232271671
271,Web Developer,0,14.285714285714285,12.5,100.0,0.8473881287257654,50.22975158691406,30.161570957345976,38.71010916514766,34.576963696682476,17.83714230275997,35.33466204474954,26.620127316833962
272,AI Engineer,0,12.5,100.0,100.0,3.453256490583287,51.567138671875,47.628059274368745,66.54316811441345,34.53507409296093,38.38595208749264,55.42361270680147,46.932927615985285
272,Cloud Engineer,0,16.666666666666664,100.0,100.0,1.9353091363929869,51.103599548339844,48.789169636043255,66.08590200416911,35.98646204505407,39.75196427769795,57.057497959510954,48.38074082799091
272,Data Scientist,1,0.0,100.0,100.0,3.7897237860628064,41.31361389160156,41.76550065164966,64.25461638715332,27.206875814562068,31.488824296058414,48.46710833381204,41.845245374011085
272,Software Engineer,0,28.57142857142857,100.0,100.0,1.736299922432421,43.27937316894531,51.752350963706654,64.23438609801023,39.69043870463333,43.23805995730196,60.57871291216682,53.24758233925278
272,Web Developer,0,14.285714285714285,100.0,100.0,0.8909386660242531,47.61198425292969,47.27543843784309,65.03913605822014,34.094298047303866,37.97110404452128,55.46093839757583,47.216047999886634
273,AI Engineer,0,37.5,100.0,100.0,5.017805220857586,55.31901168823242,57.1755225363635,67.77003467132846,46.469403170454385,49.618261807486476,66.37982559204102,57.503142097798396
273,Cloud Engineer,0,33.33333333333333,100.0,100.0,2.7815370465596,49.1777458190918,54.46055909651437,65.83675758438109,43.075698870642974,46.424187172369855,63.58038651709463,55.39282026311836
273,Data Scientist,1,50.0,100.0,100.0,5.675758519334827,55.926902770996094,61.740399193549635,68.06215260546098,52.17549899193705,54.988704933587805,71.63415931252872,62.76631032694144
273,Software Engineer,0,28.57142857142857,100.0,100.0,2.042735956460278,45.95764923095703,52.2000577781126,64.92316581248092,40.250072222640746,43.76477385660305,61.05134986428654,53.30165928643417
273,Web Developer,0,14.285714285714285,100.0,100.0,0.8289805652477248,46.54755401611328,47.106480187204156,64.7792002880064,33.88310023400519,37.77232963200488,55.27309776754941,47.20511421739666
274,AI Engineer,0,25.0,60.0,100.0,4.378839254248797,60.758514404296875,45.52060304878185,56.57015853658746,41.900753810977314,35.906591822096296,52.780914306640625,42.831559868396845
274,Cloud Engineer,0,33.33333333333333,60.0,100.0,3.378762329926077,62.79537582397461,48.59278738975177,56.80941649705401,45.740984237189714,39.52092634088444,56.57173298854454,46.08644825430068
274,Data Scientist,1,25.0,60.0,100.0,5.423974007596589,62.05405044555664,45.87170366797298,57.110313335343044,42.339629584966225,36.319651374085865,53.009538313921766,43.01599541310528
274,Software Engineer,0,28.57142857142857,100.0,100.0,2.2154795004030503,55.03486251831055,53.587551302807036,67.05777123508774,41.984439128508804,45.39711917977299,62.653211032643036,53.332143441247595
274,Web Developer,0,0.0,100.0,100.0,0.11088750783032955,50.80099868774414,42.636782929336164,65.59505066051717,28.295978661670215,32.51386226980726,50.14135270960191,41.196038971970054
275,AI Engineer,0,37.5,60.0,100.0,4.478843206881519,41.259063720703125,46.9856860391377,52.093363137134915,43.73210754892212,37.63021886957376,54.48689359777114,47.99626644827321
275,Cloud Engineer,0,33.33333333333333,60.0,100.0,3.69816870510151,41.70696258544922,45.47743636024927,52.01656875935787,41.84679545031159,35.855807482646206,52.850248299392995,46.142814085213985
275,Data Scientist,1,50.0,60.0,100.0,5.5651526280359915,41.86982345581055,51.61524641257698,52.48499448088766,49.51905801572123,43.07676048538468,59.74173355102539,53.3350269343593
275,Software Engineer,0,42.857142857142854,100.0,100.0,3.83934655889686,37.517391204833984,56.20351066455962,63.390016407014805,45.25438833069954,48.474718428893674,65.44424550673541,59.501061157452384
275,Web Developer,0,14.285714285714285,100.0,100.0,0.9579341167294488,47.034175872802734,47.19881649842983,64.9212561514305,33.99852062303729,37.880960586388035,55.35897221284755,47.22787072648167
276,AI Engineer,0,25.0,100.0,100.0,4.6370400200210256,56.5790901184082,52.932419520764384,67.97295310886828,41.16552440095548,44.62637590678163,61.45513355030733,52.28888941529783
276,Cloud Engineer,0,33.33333333333333,100.0,100.0,3.0213628103212464,51.8533935546875,54.89788012141798,66.50955916115586,43.62235015177247,46.938682495785855,64.05255964690564,55.435142456723355
276,Data Scientist,1,25.0,100.0,100.0,5.365949934921046,46.550899505615234,51.537527416080444,65.82696525550837,39.42190927010056,42.985326371859344,59.6854528539321,52.417520576750775
276,Software Engineer,0,42.857142857142854,100.0,100.0,4.330354980759835,46.593875885009766,57.63863462986544,65.59789943056222,47.0482932873318,50.16309956454758,67.04597809735466,59.58770970248703
276,Web Developer,0,14.285714285714285,100.0,100.0,0.9110613701069551,45.329166412353516,46.93603416736907,64.51697564210626,33.67004270921134,37.57180490278714,55.058088190415326,47.219599065313
277,AI Engineer,0,25.0,100.0,100.0,6.239792954002925,52.94969177246094,52.62842270896958,67.50526570610704,40.78552838621198,44.26873259878774,60.81465148925781,52.57172816835346
277,Cloud Engineer,0,16.666666666666664,100.0,100.0,1.155343677537788,48.44874572753906,48.27394674409485,65.29325140117157,35.34243343011858,39.14581969893513,56.588994344075516,48.24309986466352
277,Data Scientist,1,25.0,100.0,70.0,5.413201690663978,58.70158767700195,48.86721840514989,61.718797546384444,36.08402300643737,45.1379040060587,56.53557429594152,47.13174147482306
277,Software Engineer,0,14.285714285714285,100.0,100.0,1.1268987344303105,44.76685333251953,46.88406281004248,64.43701970775766,33.6050785125531,37.510662129461736,54.95885647044463,47.257688011958294
277,Web Developer,0,0.0,100.0,100.0,0.12509409191931417,35.303497314453125,40.314288710955864,62.02198263223979,25.392860888694834,29.78151613053631,47.40649952607996,41.19854601622105
278,AI Engineer,0,37.5,100.0,100.0,4.584919088528902,55.88792419433594,57.19592649242973,67.80142537296881,46.494908115537164,49.642266461682034,66.48022191664752,57.42675042738746
278,Cloud Engineer,0,50.0,100.0,100.0,3.744238902827282,59.937103271484375,62.052201326146744,68.54184819407192,52.56525165768343,55.35553097193735,72.34184175379137,62.425453924028346
278,Data Scientist,1,25.0,100.0,70.0,4.781697350010124,48.1436653137207,47.18880439955962,59.136622153168645,33.98600549944953,43.16329929359956,54.67241152595071,47.02029953235473
278,Software Engineer,0,42.857142857142854,100.0,100.0,2.7021188749533804,46.75178146362305,57.418085050786466,65.25859238582532,46.77260631348309,49.90362947151349,67.07384378769818,59.300373919109425
278,Web Developer,0,0.0,100.0,100.0,0.09775682951262217,38.36607360839844,40.76957456568666,62.722422408748706,25.961968207108328,30.31714654786666,47.946954166187965,41.19372179344341
279,AI Engineer,0,25.0,60.0,100.0,4.856390091373786,49.597782135009766,43.91812583395753,54.10480897531928,39.897657292446915,34.02132451053827,50.8113733179429,42.91583354553655
279,Cloud Engineer,0,16.666666666666664,60.0,100.0,2.4153170220146922,50.20618438720703,40.72655854471659,53.68188494058962,35.90819818089574,30.266539464372457,47.48736587225222,39.053683396041805
279,Data Scientist,1,25.0,60.0,70.0,5.581351528797897,51.110816955566406,39.753825272654645,47.69819272716099,34.69228159081831,34.416265026652525,45.78426181568819,37.749650269787864
279,Software Engineer,0,42.857142857142854,100.0,100.0,3.293240077282262,47.230045318603516,57.578492809382865,65.50537355289671,46.973116011728585,50.0923444816269,67.15824329151826,59.40468942540276
279,Web Developer,0,14.285714285714285,100.0,100.0,0.8933505854532446,48.07733917236328,47.34560346367248,65.14708225180382,34.1820043295906,38.05365113373232,55.54305985394647,47.216473632727045
280,AI Engineer,0,37.5,8.333333333333332,100.0,4.418389240819574,51.980613708496094,38.25151710906401,38.656180167790794,45.73106305299669,27.35472601066355,44.22206908581304,35.828735356223056
280,Cloud Engineer,0,50.0,8.333333333333332,100.0,2.9735626175210945,49.553470611572266,42.045721651030675,37.76264869389334,50.47381873045501,31.818496060036086,48.94080853929707,40.720824775640985
280,Data Scientist,1,25.0,8.333333333333332,100.0,4.276604090272917,41.41428756713867,32.270300415278406,36.18507756196678,38.25454218576468,20.31800048856283,37.210364472632314,30.656655623773652
280,Software Engineer,0,28.57142857142857,12.5,100.0,1.4533903964729131,40.03993225097656,33.72399839711742,36.498459072488345,39.02999799639678,22.028233408373435,39.418811573701745,32.60942183467169
280,Web Developer,0,14.285714285714285,12.5,100.0,0.8812939465065343,42.5395622253418,29.013128425777246,36.94327450119576,33.14141053222156,16.486033442090882,33.97756980447208,26.62611069644233
281,AI Engineer,0,37.5,60.0,100.0,4.898538662442763,61.32358169555664,50.05831805369991,56.82048931338448,47.5728975671249,41.24508006317637,58.02769088745117,48.07033035219578
281,Cloud Engineer,0,50.0,60.0,100.0,5.077182138739135,61.43529510498047,54.47687158655794,56.88749474855068,53.09608948319743,46.443378337126994,63.19446384205538,53.24891449507162
281,Data Scientist,1,25.0,60.0,100.0,4.741345621300865,52.25209426879883,44.29901598351495,54.69079382079224,40.3737699793937,34.469430568841126,51.279781341552734,42.895531580229566
281,Software Engineer,0,28.57142857142857,100.0,100.0,1.6113313383465004,49.730934143066406,52.701339822211935,65.69436895724913,40.87667477776492,44.3545174378964,61.71722367230584,53.2255290597082
281,Web Developer,0,0.0,100.0,100.0,0.11764876200610491,43.29842758178711,41.51241145156898,63.8652483870292,26.89051431446123,31.19107229596351,48.81736957325655,41.19723213447167
282,AI Engineer,0,12.5,60.0,100.0,3.5849641807736345,57.25560760498047,40.50108576786312,55.57859348902018,35.626357209828896,30.001277373956608,47.015695459702435,37.54440544366594
282,Cloud Engineer,0,16.666666666666664,60.0,100.0,1.142408267202946,44.422950744628906,39.66813718510811,52.053544387345816,34.585171481385146,29.02133786483307,46.466795229444315,38.829052439310324
282,Data Scientist,1,25.0,60.0,100.0,4.882110386937982,50.493568420410156,44.056351821102226,54.31746434015726,40.070439776377775,34.18394331894379,50.96945325066062,42.92037242122436
282,Software Engineer,0,14.285714285714285,100.0,100.0,0.7310184285148214,42.11754608154297,46.42728467650867,63.73428411770564,33.034105845635835,36.973276090010195,54.49133166144876,47.187826781502615
282,Web Developer,0,14.285714285714285,100.0,100.0,1.0060726313130715,43.09636306762695,46.615365354841,64.0236390074477,33.269206693551254,37.19454747628353,54.664064070757696,47.23636575846702
283,AI Engineer,0,37.5,60.0,100.0,5.649915429750118,40.07478332519531,46.983704813241815,52.0903150972951,43.729631016552275,37.627888015578606,54.27790293974035,48.20292625230885
283,Cloud Engineer,0,33.33333333333333,60.0,100.0,2.1567268261179553,45.961124420166016,45.88434435360926,52.64258105683476,42.355430442011574,36.33452276895207,53.600982740813606,45.870794930099244
283,Data Scientist,1,25.0,60.0,70.0,4.744395613552902,38.505916595458984,37.73754683135178,44.59622589438735,32.17193353918973,32.044172742766804,43.55986763449276,37.60195216709757
283,Software Engineer,0,42.857142857142854,100.0,100.0,2.6463234350631137,38.431983947753906,56.16174610742255,63.325763242188536,45.202182634278195,48.425583655791236,65.60564422607422,59.29052766501114
283,Web Developer,0,14.285714285714285,100.0,100.0,0.9105409426410638,44.101505279541016,46.75180693332731,64.23354912819586,33.439758666659145,37.355066980385075,54.8414421081543,47.21950722517195
284,AI Engineer,0,25.0,100.0,100.0,4.558225322027791,53.84336853027344,52.510239077845185,67.32344473514644,40.637798847306485,44.12969303275904,60.9723591524012,52.274980939181376
284,Cloud Engineer,0,16.666666666666664,100.0,100.0,1.1528625162926407,42.79533767700195,47.425563362327516,63.988046198452594,34.281954202909404,38.147721602738265,55.59133409986309,48.242662012679084
284,Data Scientist,1,50.0,100.0,70.0,5.898301322048432,58.28425979614258,57.62738416772865,61.734437181120995,47.03423020966082,55.443981373798415,66.7560458463781,57.51146493918502
284,Software Engineer,0,42.857142857142854,100.0,100.0,2.622616201067076,45.875675201416016,57.27474371037246,65.03806724672687,46.593429637965585,49.73499260043819,66.91923680024988,59.28634403548243
284,Web Developer,0,0.0,100.0,100.0,0.12225018459094047,38.71574020385742,40.825698558267256,62.80876701271885,26.03212319783407,30.383174774432064,48.00866003597484,41.19804415022193
285,AI Engineer,0,25.0,60.0,100.0,3.80846985169356,47.67302322387695,43.47222396133558,53.41880609436243,39.34027995166947,33.496734072159505,50.471709980684174,42.73090644441651
285,Cloud Engineer,0,16.666666666666664,60.0,100.0,1.3402029526498467,43.234066009521484,39.51947367765903,51.824831298962614,34.39934209707379,28.846439620775328,46.256992040895945,38.86395738380095
285,Data Scientist,1,50.0,60.0,100.0,5.373076553441182,49.39456558227539,52.71514632035748,54.17714818516536,50.893932900446856,44.370760376891155,61.06962922040154,53.30113115648962
285,Software Engineer,0,28.57142857142857,100.0,100.0,1.557560809342693,37.48878860473633,50.85695241211185,62.85684986478746,38.57119051513982,42.18464989660218,59.55684504789465,53.21604014282518
285,Web Developer,0,14.285714285714285,100.0,100.0,0.9248719103247393,43.901580810546875,46.723967908130746,64.19071985866269,33.40495988516343,37.322315186036164,54.80616131950828,47.222036219469075
286,AI Engineer,0,25.0,60.0,100.0,3.5692097451072686,48.60515594482422,43.576154853489726,53.57869977459958,39.47019356686216,33.61900570998791,50.6362039902631,42.68868407266599
286,Cloud Engineer,0,33.33333333333333,60.0,100.0,2.090506464793228,48.17342758178711,46.20625677365371,53.13783093382623,42.75782096706715,36.71324326312202,53.991389181099684,45.85910898398311
286,Data Scientist,1,25.0,60.0,100.0,4.240917882241847,38.47563171386719,42.157482439416356,51.396126829871314,37.696853049270445,31.949979340489833,48.84864089068245,42.80722080274856
286,Software Engineer,0,42.857142857142854,100.0,100.0,3.4721780461247223,39.8758659362793,56.502206597360605,63.849548611324,45.62775824670076,48.826125408659536,65.86044692993164,59.43626671402202
286,Web Developer,0,14.285714285714285,100.0,100.0,0.8739399716125085,44.573631286621094,46.81713568873504,64.33405490574621,33.521419610918805,37.43192433968828,54.9247584623449,47.21304823028456
287,AI Engineer,0,25.0,8.333333333333332,100.0,4.307493337511969,50.48637390136719,33.635746752498534,38.28576423461314,39.961350107289846,21.92440794411593,38.811320884554995,30.66210666740407
287,Cloud Engineer,0,16.666666666666664,8.333333333333332,100.0,2.5892055525055784,47.204280853271484,29.969022960866557,37.13183019620496,35.37794536774987,17.610615248078304,34.800755444694964,26.927506862206865
287,Data Scientist,1,50.0,8.333333333333332,100.0,5.756217920631684,52.44136047363281,42.896303425806344,39.071236039702065,51.53704594892459,32.81918050094864,49.45043616201364,41.21188159383697
287,Software Engineer,0,42.857142857142854,12.5,100.0,2.8275664941594894,44.89814758300781,39.658857111575095,37.93670324857707,46.448571389468874,29.01042013126482,46.158496632295495,38.73427644014579
287,Web Developer,0,14.285714285714285,12.5,100.0,0.8407321716170495,50.18254089355469,30.15349095977576,38.69767839965501,34.566863699719704,17.8276364232656,35.32633074592142,26.618952736167714
288,AI Engineer,0,37.5,100.0,100.0,5.12592259051471,50.53776931762695,56.47455378622125,66.69162120957115,45.593192232776566,48.79359268967206,65.53607693840476,57.52222163362025
288,Cloud Engineer,0,33.33333333333333,100.0,100.0,2.816069101461136,50.44568634033203,54.65592998293564,66.13732817887535,43.31991247866955,46.65403527404193,63.80414072672526,55.39891415515981
288,Data Scientist,1,25.0,100.0,100.0,5.3429890489460865,48.81734085083008,51.87404948496642,66.34469151533295,39.842561856208036,43.38123468819579,60.085413091322955,52.41346865569637
288,Software Engineer,0,42.857142857142854,100.0,100.0,3.152595850249059,40.93350601196289,56.61291527933179,64.01986966051044,45.76614409916475,48.95637091686093,66.04708929622875,59.3798698559263
288,Web Developer,0,0.0,100.0,100.0,0.10297477247180548,31.878433227539062,39.79721120000163,61.22647876923327,24.74651400000204,29.17318964706074,46.80207645191866,41.19464260690679
289,AI Engineer,0,25.0,100.0,100.0,4.804977094291897,52.64019775390625,52.36677622722972,67.10273265727649,40.458470284037155,43.96091320850555,60.76003489774817,52.318525369580925
289,Cloud Engineer,0,16.666666666666664,100.0,100.0,2.225782834144528,46.63875961303711,48.16301470041058,65.12258671858038,35.20376837551323,39.01531141224774,56.269585029751646,48.43200089230001
289,Data Scientist,1,50.0,100.0,100.0,6.42101869723691,60.29328155517578,62.5071450378619,69.24176159671062,53.133931297327386,55.89075886807283,72.40469674503103,62.89782682892416
289,Software Engineer,0,42.857142857142854,100.0,100.0,3.1541295998547407,46.23662185668945,57.40861271848163,65.2440195668948,46.760765898102036,49.892485551154856,66.98293326882755,59.38014051762143
289,Web Developer,0,0.0,100.0,100.0,0.11292455320007942,41.85221862792969,41.29477147716946,63.53041765718378,26.618464346461835,30.935025267258197,48.56215622845818,41.19639845056472
290,AI Engineer,0,37.5,100.0,100.0,7.267351346879824,53.96251678466797,57.309480219732166,67.97612341497256,46.636850274665214,49.77585908203784,66.14044413847083,57.90012082591997
290,Cloud Engineer,0,33.33333333333333,100.0,100.0,3.332130004526522,54.494293212890625,55.340630149279235,67.1907130501732,44.17578768659905,47.45956488150498,64.51860076305913,55.489983726289
290,Data Scientist,1,50.0,100.0,100.0,6.879331715372337,54.11460494995117,61.649090499798525,67.92167769199773,52.06136312474816,54.88128294093944,71.31434204999138,62.978705596830416
290,Software Engineer,0,57.14285714285714,100.0,100.0,5.737804639173614,50.9846076965332,63.508361850356025,66.93594130824003,54.385452312945034,57.06866100041886,73.70316606409409,65.71843611279535
290,Web Developer,0,0.0,100.0,100.0,0.12098476844614219,43.64264678955078,41.564544733699535,63.945453436460824,26.955680917124425,31.252405569058283,48.87811413933249,41.1978208414905
291,AI Engineer,0,37.5,100.0,100.0,6.577994338857526,59.128944396972656,57.98104081037452,69.00929355442234,47.47630101296816,50.5659303651465,67.0521666582893,57.778469589210154
291,Cloud Engineer,0,33.33333333333333,100.0,100.0,3.658472502028111,60.40645980834961,56.27640651322332,68.63036899470255,45.34550814152916,48.56047825085097,65.56192427990483,55.54757357878927
291,Data Scientist,1,50.0,100.0,100.0,7.86974150337781,58.38311767578125,62.437928876873855,69.13527519519054,53.047411096092326,55.80932809043983,72.06760900160846,63.15348379471373
291,Software Engineer,0,42.857142857142854,100.0,100.0,4.72403555753049,51.30091857910156,58.4037431204948,66.77498941614584,48.004678900618515,51.06322720058212,67.87663269042969,59.657182745446555
291,Web Developer,0,0.0,100.0,100.0,0.10950855186991858,44.89073944091797,41.75003719891818,64.23082645987412,27.18754649864773,31.470631998727274,49.098365783691406,41.195795626800574
292,AI Engineer,0,12.5,8.333333333333332,100.0,4.011214823084821,44.59469985961914,28.33255386907226,36.857775183188096,33.332359003007,15.685357493026189,32.62455487718769,25.462763400152223
292,Cloud Engineer,0,0.0,8.333333333333332,100.0,0.5364296297664539,37.94856262207031,22.439415504442184,34.52217769914182,25.965936047219397,8.75225353463786,26.304648305855547,19.70250718956663
292,Data Scientist,1,25.0,8.333333333333332,100.0,5.345724546050958,48.799930572509766,33.538514934450774,38.13617682223196,39.83981033473014,21.810017569942087,38.51371323828603,30.845323939499185
292,Software Engineer,0,28.57142857142857,12.5,100.0,2.0352450226408925,41.51348876953125,34.03231006882582,36.97278472127049,39.41538758603228,22.39095302214802,39.67885095932905,32.712102062818985
292,Web Developer,0,14.285714285714285,12.5,100.0,1.0259475523828885,47.63163757324219,29.79863776884376,38.15175041360578,34.123297211054705,17.41016208099266,34.876171336454505,26.651637803361687
293,AI Engineer,0,37.5,100.0,100.0,4.278339561010442,42.74212646484375,55.17806990387813,64.69703062135098,43.97258737984767,47.268317533974276,64.16037525850184,57.372648157825374
293,Cloud Engineer,0,50.0,100.0,100.0,2.7478729584072052,47.605751037597656,60.05304359940073,65.46622092215497,50.06630449925092,53.003580705177335,70.16572077134077,62.24962463971892
293,Data Scientist,1,25.0,100.0,100.0,4.472737108859854,33.739227294921875,49.48179466056726,62.66429947779578,36.852243325709075,40.56681724772619,57.42456952263328,52.259894783916444
293,Software Engineer,0,42.857142857142854,100.0,100.0,2.3487242242035027,36.780738830566406,55.86941945821549,62.87602993571613,44.836774322769365,48.08166995084175,65.31424802892349,59.238010157212386
293,Web Developer,0,14.285714285714285,100.0,100.0,0.921711726207926,42.13690185546875,46.458792037251506,63.78275698038693,33.07349004656437,37.01034357323706,54.49474738625919,47.22147853991905
294,AI Engineer,0,25.0,8.333333333333332,100.0,3.446182775361489,44.52677917480469,32.61261095919159,36.71170916798707,38.68243036565616,20.720718775519522,37.759627697514546,30.510110685848105
294,Cloud Engineer,0,16.666666666666664,8.333333333333332,100.0,1.402753610310031,42.52691650390625,29.08945051713244,35.7786418212294,34.27847981308222,16.575824137802872,33.97533820657169,26.718132990054713
294,Data Scientist,1,25.0,8.333333333333332,70.0,4.019385018082885,45.209930419921875,28.301063982367378,30.078559972872892,33.292996644625894,20.94242821454986,32.58606615253523,25.317146375740116
294,Software Engineer,0,28.57142857142857,12.5,100.0,1.5302758834017531,36.99099349975586,33.278190407473645,35.81260062688252,38.47273800934205,21.503753420557224,38.88076355878045,32.62298986177678
294,Web Developer,0,14.285714285714285,12.5,100.0,0.7713974384319651,41.355796813964844,28.81907913785952,36.64473713516849,32.898848922324404,16.25774016218767,33.76867002599379,26.606717195017406
295,AI Engineer,0,25.0,60.0,100.0,4.399653621061132,58.94956588745117,45.252382926276844,56.157512194272066,41.56547865784606,35.591038736796285,52.461688097785505,42.83523299195196
295,Cloud Engineer,0,33.33333333333333,60.0,100.0,2.7497497480830093,58.493812561035156,47.85320101303439,55.67159130210418,44.816501266292995,38.650824721216935,55.81263358920228,45.97544603397543
295,Data Scientist,1,25.0,60.0,70.0,4.791455721460937,52.62485885620117,39.86244718664932,47.86530336407588,34.82805898331165,34.54405551370508,46.05144568050609,37.61025689202252
295,Software Engineer,0,42.857142857142854,100.0,100.0,2.5160897786506577,51.1280403137207,58.0466195138557,66.22556848285492,47.55827439231963,50.64308178100671,67.84612476124482,59.267545255056
295,Web Developer,0,0.0,100.0,100.0,0.11889216244950412,45.090518951416016,41.78141166707983,64.2790948724305,27.226764583849786,31.507543137740974,49.133620991426355,41.19745155807933
296,AI Engineer,0,37.5,100.0,100.0,5.769210088312351,54.29877471923828,57.13519772113259,67.70799649405014,46.418997151415745,49.570820848391286,66.19978377398323,57.63574295676101
296,Cloud Engineer,0,33.33333333333333,100.0,100.0,3.2086522698618967,55.69810104370117,55.50267966370112,67.44001999543762,44.37834957962641,47.650211369060145,64.73103743908452,55.46819353781876
296,Data Scientist,1,50.0,100.0,100.0,6.902133041601733,51.776092529296875,61.30173383563479,67.38728282405353,51.6271672945435,54.472628041923286,70.90166338752299,62.98272936028266
296,Software Engineer,0,57.14285714285714,100.0,100.0,4.860331180835354,45.047401428222656,62.4861598913587,65.36332290978262,53.10769986419838,55.866070460422,72.65542378145106,65.56358785544154
296,Web Developer,0,0.0,100.0,100.0,0.0960441450173304,37.99315643310547,40.713380086718416,62.63596936418217,25.891725108398028,30.25103539613932,47.881145252900964,41.19341955500306
297,AI Engineer,0,37.5,60.0,100.0,4.3141380998106165,42.40806579589844,47.13333058435636,52.32050859131747,43.91666323044545,37.803918334536895,54.68965866986443,47.967200841143054
297,Cloud Engineer,0,33.33333333333333,60.0,100.0,3.689345668884862,44.970733642578125,45.965678563386106,52.76771061033761,42.45709820423264,36.430210074571896,53.42620789770986,46.14125707882281
297,Data Scientist,1,25.0,60.0,100.0,4.193855487351893,40.092193603515625,42.39290736363012,51.75831902096943,37.991134204537666,32.22694983956486,49.13391651826746,42.798915674238565
297,Software Engineer,0,42.857142857142854,100.0,100.0,2.3392438075239363,36.17307662963867,55.77684806557439,62.733612408575986,44.72106008196799,47.97276243008752,65.20701352287742,59.236337142504226
297,Web Developer,0,14.285714285714285,100.0,100.0,0.8048816835268351,40.94715881347656,46.26280607455051,63.481240114693094,32.828507593188135,36.77977185241236,54.284792731789985,47.200861473563556
298,AI Engineer,0,25.0,60.0,100.0,5.460807954458512,45.274662017822266,43.36032049584212,53.24664691668018,39.20040061980265,33.36508293628484,50.04846976785099,43.022495521375035
298,Cloud Engineer,0,16.666666666666664,60.0,100.0,1.6533420777352683,45.860870361328125,39.96046519919284,52.503279793630014,34.95058149899105,29.365253175520987,46.7205457500383,38.91921722940425
298,Data Scientist,1,25.0,60.0,100.0,4.737409569415702,49.44058609008789,43.876699348925534,54.04107592142391,39.84587418615693,33.97258746932417,50.78363283942727,42.894836982838065
298,Software Engineer,0,28.57142857142857,100.0,100.0,1.8036449808262773,43.408042907714844,51.78175318328117,64.27962028197102,39.727191479101464,43.2726508038602,60.60141933665556,53.25946676132229
298,Web Developer,0,14.285714285714285,100.0,100.0,0.9092001861502166,51.79248046875,47.90525209823503,66.00808015113081,34.881565122793795,38.71206129204121,56.19867302389706,47.219270621085336
299,AI Engineer,0,25.0,100.0,100.0,5.697387867651384,53.92446517944336,52.69327795706421,67.60504301086802,40.86659744633027,44.34503289066378,60.986670325784125,52.476009623703185
299,Cloud Engineer,0,16.666666666666664,100.0,100.0,2.920232975196002,58.50648880004883,50.047341599620054,68.02155117890266,37.55917699952508,41.2321665877883,58.36389018040077,48.55455091719145
299,Data Scientist,1,25.0,100.0,100.0,5.350279035363087,52.845584869384766,52.479379585712174,67.27596859340335,40.59922448214022,44.09338774789668,60.796279682832605,52.4147551238876
299,Software Engineer,0,42.857142857142854,100.0,100.0,3.1568972592012523,49.04511642456055,57.830302052564264,65.8927723885604,47.287877565705344,50.38859065007561,67.47854995727539,59.38062892809434
299,Web Developer,0,0.0,100.0,100.0,0.10311527148569755,45.35157012939453,41.818202810132036,64.33569663097236,27.272753512665048,31.55082683544945,49.179688846363746,41.19466740085041
300,AI Engineer,0,25.0,8.333333333333332,100.0,3.8798517253740656,42.26751708984375,32.33877198894934,36.290418444537444,38.340131652853344,20.39855528111687,37.3609343884038,30.586640500556207
300,Cloud Engineer,0,33.33333333333333,8.333333333333332,100.0,2.2724512409090374,45.51215744018555,35.501024635497515,36.668243028970544,42.292947461038565,24.118852512350024,41.36489052866019,33.73435414055257
300,Data Scientist,1,25.0,8.333333333333332,70.0,4.61002119170535,36.423919677734375,27.071757797082622,28.18731968781942,31.75636391301995,19.496185643626617,31.03559366861979,25.421376288732315
300,Software Engineer,0,42.857142857142854,12.5,100.0,3.7743749863761735,37.28230667114258,38.65850224862781,36.39769576711971,45.19812781078477,27.83353205720919,44.814524706672216,38.901360291713445
300,Web Developer,0,14.285714285714285,12.5,100.0,0.9500023111228639,44.01944351196289,29.245416873462865,37.300641343789025,33.43177109182859,16.75931396877984,34.23872532564051,26.63823570196286
301,AI Engineer,0,12.5,100.0,100.0,3.7070436744278554,51.22608947753906,47.61496997279504,66.52303072737698,34.5187124659938,38.370552909170634,55.36342755485984,46.97771358960491
301,Cloud Engineer,0,16.666666666666664,100.0,100.0,2.7136946000481754,53.19190216064453,49.21917284743723,66.74744540631369,36.523966059296555,40.25785040874969,57.426021949917654,48.518102968635944
301,Data Scientist,1,0.0,100.0,100.0,4.697718255430394,47.34800720214844,42.806858818636826,65.85670587482588,28.508573523296036,32.713951551337445,49.53200127096738,42.00547969213478
301,Software Engineer,0,14.285714285714285,100.0,100.0,1.6038879501082384,44.14727020263672,46.862673722911744,64.40411341986422,33.57834215363968,37.485498497543226,54.84951827105354,47.34186257943087
301,Web Developer,0,14.285714285714285,100.0,100.0,0.8879087220740985,49.372833251953125,47.53911129610408,65.44478660939089,34.423889120130106,38.281307407181274,55.77167645622703,47.215513303895435
302,AI Engineer,0,12.5,60.0,100.0,3.113298789257888,50.28533935546875,39.384795721709,53.86122418724461,34.230994652136246,28.687994966716467,45.78564812155331,37.46117037457493
302,Cloud Engineer,0,16.666666666666664,60.0,100.0,1.4004244448233216,54.00354766845703,41.143929150325384,54.323993564603164,36.42991143790673,30.75756370626516,48.15748880423751,38.87458470594921
302,Data Scientist,1,0.0,60.0,100.0,4.178389589537755,48.55266571044922,34.909658294998046,53.7071666076893,28.63707286874756,23.423127405880056,40.33282336066751,32.502068751094896
302,Software Engineer,0,14.285714285714285,100.0,100.0,1.008140592816324,43.425514221191406,46.665048222101156,64.10007418784792,33.33131027762645,37.2529979083543,54.72214956844554,47.23673069284994
302,Web Developer,0,0.0,100.0,100.0,0.11828050978334428,45.02543640136719,41.771557536672574,64.26393467180395,27.214446920840725,31.495950043144216,49.12213583553538,41.19734361937353
303,AI Engineer,0,37.5,60.0,100.0,5.654169545156731,60.69940185546875,50.07803571009382,56.85082416937511,47.59754463761728,41.26827730599273,57.91754150390625,48.20367697855707
303,Cloud Engineer,0,33.33333333333333,60.0,100.0,3.2737627389073736,60.963523864746094,48.30225965721468,56.362450754689256,45.37782457151836,39.17912900848786,56.2484649957395,46.06791891470914
303,Data Scientist,1,25.0,60.0,100.0,5.549382692136783,55.796409606933594,44.951868844860556,55.69518283824701,41.1898360560757,35.23749275865948,51.90524875416475,43.03812635743591
303,Software Engineer,0,28.57142857142857,100.0,100.0,2.4757973896043914,51.640804290771484,53.117490252056385,66.33460038777905,41.396862815070484,44.84410617888987,62.054259580724384,53.37808189228313
303,Web Developer,0,0.0,100.0,100.0,0.10695257183700932,41.11951446533203,41.18397005557536,63.359953931654395,26.479962569469194,30.804670653618064,48.43285549388212,41.195344571500655
304,AI Engineer,0,50.0,60.0,100.0,5.958904157996098,60.40321731567383,54.45431822105049,56.85279726315459,53.06789777631312,46.41684496594175,63.01233246747186,53.404512498469906
304,Cloud Engineer,0,50.0,60.0,100.0,3.540273821094455,59.77812576293945,53.99775993760508,56.15039990400781,52.49719992200636,45.87971757365304,62.902022193459906,52.97769538019314
304,Data Scientist,1,50.0,60.0,100.0,6.206345463613192,57.3460578918457,54.03286050331884,56.20440077433666,52.54107562914855,45.92101235684569,62.47283374561983,53.44817861122586
304,Software Engineer,0,42.857142857142854,100.0,100.0,3.069965781829299,51.36409378051758,58.16510893435203,66.40785989900311,47.706386167940046,50.78248109923768,67.88778125538545,59.365288079146346
304,Web Developer,0,0.0,100.0,100.0,0.10914915865070578,40.29314041137695,41.06034343550415,63.16975913154484,26.325429294380193,30.65922757118135,48.28702477847829,41.195732204467774
305,AI Engineer,0,12.5,100.0,100.0,3.2812933964755113,46.69758987426758,46.87183249061146,65.3797422932484,33.589790613264334,37.49627351836643,54.564280566047216,46.90258118761333
305,Cloud Engineer,0,16.666666666666664,100.0,100.0,1.8389358296152527,46.39910125732422,48.06903889637425,64.9780085585245,35.086298620467815,38.90475164279324,56.227292378743485,48.36373377385367
305,Data Scientist,1,0.0,100.0,100.0,3.6010055052625534,38.61708068847656,41.33271292906087,63.588789121632104,26.665891161326087,30.979662269483374,47.99124953326057,41.81194214798751
305,Software Engineer,0,28.57142857142857,100.0,100.0,1.649836751285196,35.94065475463867,50.638573725888584,62.52088265521321,38.29821715736073,41.92773379516304,59.28364495670095,53.23232413257974
305,Web Developer,0,14.285714285714285,100.0,100.0,0.8465722628660836,39.90120315551758,46.11216631275755,63.249486635011614,32.64020789094694,36.60254860324418,54.100212321561926,47.20821863462343
306,AI Engineer,0,25.0,8.333333333333332,100.0,5.6663119068713,45.55352783203125,33.09964262750205,37.46098865769546,39.29121995104423,21.293697208825943,37.94081863702512,30.901898179643954
306,Cloud Engineer,0,16.666666666666664,8.333333333333332,100.0,1.0491594328239908,40.955814361572266,28.800746069159437,35.33448113204017,33.91759925311597,16.236171846069926,33.698084887336286,26.655734017557176
306,Data Scientist,1,25.0,8.333333333333332,70.0,4.9156902192448575,47.81053924560547,28.825601086394215,30.885540132914176,33.94866802465944,21.559530689875547,33.04499712177351,25.47531788182752
306,Software Engineer,0,14.285714285714285,12.5,100.0,1.0233287809084048,40.55042266845703,28.736062717404817,36.51701956523818,32.795078396756026,16.160073785182135,33.626545176786536,26.651175667219132
306,Web Developer,0,14.285714285714285,12.5,100.0,0.9434156783166753,45.07435989379883,29.402666335817326,37.54256359356511,33.62833291977166,16.944313336255675,34.42488704008215,26.63707335499706
307,AI Engineer,0,37.5,8.333333333333332,100.0,4.872115914936255,52.16320037841797,38.3469641106698,38.803021708722774,45.85037180500392,27.467016600788003,44.25429026285807,35.90880476930248
307,Cloud Engineer,0,33.33333333333333,8.333333333333332,100.0,1.8815299332607258,42.59977340698242,35.0055288343698,35.90594179646637,41.67357770962893,23.53591627572918,40.85094040515376,33.66536802743816
307,Data Scientist,1,50.0,8.333333333333332,100.0,5.2590123251924865,44.81747817993164,41.67814024243529,37.197138834515826,50.01434196971078,31.386047344041515,48.105045169007546,41.12413942993594
307,Software Engineer,0,42.857142857142854,12.5,100.0,2.359622011344299,39.54389572143555,38.78552765991698,36.593119476795344,45.35690957489623,27.982973717549385,45.21362865672392,38.651698002001936
307,Web Developer,0,14.285714285714285,12.5,100.0,0.9052379446384463,37.035274505615234,28.19107686753805,35.67857979621238,32.11384608442257,15.518913961809472,33.00622491275563,26.630336107877373
308,AI Engineer,0,37.5,8.333333333333332,100.0,4.896231644410875,53.739952087402344,38.587094226438644,39.17245265605946,46.15053444971498,27.749522619339587,44.53254056444355,35.913060486268584
308,Cloud Engineer,0,33.33333333333333,8.333333333333332,100.0,2.533442464973094,49.459693908691406,36.132303789383,37.63944172725591,43.082046403395424,24.86153386986236,42.0615146113377,33.780411415387405
308,Data Scientist,1,50.0,8.333333333333332,70.0,5.285043093087238,47.88996887207031,37.6429184614403,30.989105325292766,44.97031474346704,31.9328452487533,43.3531317617379,35.83461544779971
308,Software Engineer,0,42.857142857142854,12.5,100.0,2.371301537669502,43.52698516845703,39.38474300591898,37.514989239875355,46.10592875739873,28.687932948139977,45.916526794433594,38.65375909488286
308,Web Developer,0,14.285714285714285,12.5,100.0,0.9097186412729694,43.76777267456055,29.201623697375027,37.23326722673081,33.37702962171878,16.70779258514709,34.19431282492245,26.631126819048173
309,AI Engineer,0,12.5,100.0,100.0,4.254049214379039,56.468265533447266,48.48334721217394,67.85899571103683,35.604184015217434,39.39217319079288,56.28851744707893,47.07424397900807
309,Cloud Engineer,0,16.666666666666664,100.0,100.0,2.6983872467909475,54.632591247558594,49.43298010748576,67.0763796525422,36.791225134357205,40.50938836174796,57.68026120054955,48.51540167100232
309,Data Scientist,1,0.0,100.0,100.0,4.610575429381821,44.740055084228516,42.402594577041555,65.23476088775624,28.00324322130194,32.238346561225356,49.071774426628565,41.9901015463615
309,Software Engineer,0,14.285714285714285,100.0,100.0,1.5946007941096458,43.65372848510742,46.787249391882554,64.28807598751162,33.4840617398532,37.396763990450076,54.76242267384249,47.340223669548756
309,Web Developer,0,14.285714285714285,100.0,100.0,0.8714379864727726,44.321475982666016,46.778937095370814,64.27528783903202,33.47367136921353,37.38698481808331,54.8802604675293,47.21260670349519
310,AI Engineer,0,12.5,60.0,100.0,3.5850970769321013,49.946414947509766,39.40472680366628,53.89188739025581,34.255908504582855,28.711443298430922,45.72583793191349,37.544428895929194
310,Cloud Engineer,0,16.666666666666664,60.0,100.0,1.355835682436457,43.87260818481445,39.61759991342097,51.97579473859636,34.52199989177621,28.96188225108349,46.36967595418294,38.86671610082212
310,Data Scientist,1,0.0,60.0,100.0,3.934410231282569,42.29306411743164,33.93412115230713,52.20634023431866,27.417651440383917,22.275436649773095,39.228187785429114,32.45901357022633
310,Software Engineer,0,28.57142857142857,100.0,100.0,1.8025894669464533,39.865596771240234,51.250227935728006,63.46188913188924,39.062784919660004,42.64732698320942,59.97628178316005,53.25928049416702
310,Web Developer,0,14.285714285714285,100.0,100.0,0.9249534797080254,39.482765197753906,46.06115780161929,63.17101200249121,32.57644725202411,36.54253859014034,54.0263703290154,47.22205061406612
311,AI Engineer,0,25.0,100.0,100.0,4.010973761018202,50.848114013671875,51.97886316620351,66.50594333262079,39.9735789577544,43.5045449014159,60.443784825942096,52.17840713429733
311,Cloud Engineer,0,33.33333333333333,100.0,100.0,2.506827818474329,53.765560150146484,55.10752486195978,66.83208953122018,43.88440607744974,47.185323367011506,64.39000081081016,55.344342164044484
311,Data Scientist,1,25.0,100.0,70.0,4.368162776238091,40.68974685668945,46.00868644493913,57.32105606913712,32.51085805617392,41.774925229340155,53.357014151180486,46.947322842865546
311,Software Engineer,0,28.57142857142857,100.0,100.0,1.4845063267967253,42.55690002441406,51.60621095268162,64.00955531181788,39.50776369085202,43.0661305325666,60.45121765136719,53.203148175317075
311,Web Developer,0,14.285714285714285,100.0,100.0,0.9001617476842791,46.889034271240234,47.168379402838674,64.87442985052104,33.96047425354835,37.84515223863374,55.333358989042395,47.217675602532516
312,AI Engineer,0,37.5,100.0,100.0,6.297626516449687,54.46647262573242,57.23961487132731,67.86863826358048,46.549518589159156,49.693664554502725,66.22937752218807,57.72899291466759
312,Cloud Engineer,0,33.33333333333333,100.0,100.0,5.084380335386644,60.198760986328125,56.459137864923875,68.91149415116493,45.573922331154854,48.77545631167515,65.52527154660692,55.79920437291136
312,Data Scientist,1,25.0,100.0,70.0,5.456551928077139,51.58866500854492,47.80678254049331,60.08735775460509,34.75847817561664,43.89033240058036,55.28035264856675,47.1393915167195
312,Software Engineer,0,28.57142857142857,100.0,100.0,2.43438194286299,46.69129943847656,52.36885220720093,65.1828495495399,40.46106525900117,43.96335553788345,61.180817547966456,53.37077328403465
312,Web Developer,0,0.0,100.0,100.0,0.10516345590960326,38.9560432434082,40.85918100489767,62.860278469073336,26.07397625612209,30.422565888114907,48.05106645471909,41.19502884516052
313,AI Engineer,0,50.0,100.0,100.0,5.652813412339451,61.203277587890625,62.52841365003451,69.27448253851463,53.16051706254314,55.91578076474648,72.56528428021599,62.76226119041285
313,Cloud Engineer,0,50.0,100.0,100.0,3.4983501425435652,57.8791618347168,61.706626796589056,68.01019507167547,52.13328349573632,54.94897270186948,71.9786756178912,62.382061789860636
313,Data Scientist,1,50.0,100.0,100.0,7.042679647160653,58.89727020263672,62.39099247746961,69.06306534995325,52.98874059683702,55.75410879702307,72.15834180046531,63.00753170244012
313,Software Engineer,0,42.857142857142854,100.0,100.0,4.227568219261495,49.38604736328125,58.04204233738141,66.21852667289447,47.552552921726765,50.63769686750754,67.53871424057905,59.56957086222261
313,Web Developer,0,0.0,100.0,100.0,0.09799987065817693,37.26830291748047,40.6049454182208,62.469146797262766,25.756181772776,30.12346519790682,47.7532299266142,41.19376468305733
314,AI Engineer,0,37.5,100.0,100.0,5.522952304117426,49.457828521728516,56.37211712387689,66.53402634442598,45.46514640484612,48.67307896926693,65.34549915089326,57.592285700726606
314,Cloud Engineer,0,33.33333333333333,100.0,100.0,3.197787989479375,49.27190017700195,54.53711989163886,65.95454342303414,43.171399864548576,46.514258696045715,63.59700199201995,55.4662763118689
314,Data Scientist,1,25.0,100.0,70.0,5.420597256801334,49.259151458740234,47.451962307331236,59.541480472817284,34.31495288416405,43.4728968321544,54.869262022130634,47.13304657472965
314,Software Engineer,0,42.857142857142854,100.0,100.0,3.198388067262488,46.192222595214844,57.4085915993716,65.2439870759563,46.7607394992145,49.89246070514306,66.97509810503792,59.387950835399266
314,Web Developer,0,14.285714285714285,100.0,100.0,0.8676202722376622,47.538246154785156,47.26087996405342,65.01673840623603,34.07609995506678,37.95397642829815,55.44792579202091,47.21193298921841
315,AI Engineer,0,12.5,60.0,100.0,3.729353471041323,50.54128646850586,39.51559599093208,54.06245537066473,34.3944949886651,28.84187763639068,45.830815259148096,37.56988590665435
315,Cloud Engineer,0,0.0,60.0,100.0,1.1725123886766213,47.97727966308594,34.372468807764385,52.880721242714436,27.965586009705483,22.791139773840452,40.231284646426936,31.971619833295875
315,Data Scientist,1,25.0,60.0,100.0,4.970089429345025,48.82978820800781,43.81998164560293,53.95381791631219,39.77497705700365,33.90586075953285,50.675844977883735,42.9358981345903
315,Software Engineer,0,14.285714285714285,100.0,100.0,1.0346533914658897,40.52553176879883,46.23402777403971,63.436965806214936,32.792534717549636,36.745915028282006,54.21038795919979,47.241409422023395
315,Web Developer,0,14.285714285714285,100.0,100.0,0.9538559350064929,47.34644317626953,47.24504486669141,64.99237671798679,34.056306083364255,37.93534690198989,55.41407820757698,47.22715104735409
316,AI Engineer,0,37.5,100.0,100.0,7.438502590175701,54.39485168457031,57.4000031412119,68.1153894480183,46.750003926514886,49.882356636719884,66.21673853257123,57.93032398650159
316,Cloud Engineer,0,33.33333333333333,100.0,100.0,2.65042433302448,52.46833038330078,54.93447987411545,66.56586647299814,43.668099842644324,46.981741028371125,64.16107791077856,55.369682725435695
316,Data Scientist,1,50.0,100.0,100.0,5.529080296343001,51.47262191772461,61.05025533211014,67.00039281863098,51.31281916513768,54.17677097895311,70.8481097501867,62.74042593464877
316,Software Engineer,0,42.857142857142854,100.0,100.0,2.4807965380198054,43.88777542114258,56.95528579387436,64.54659352903748,46.19410724234295,49.35915975749925,66.56843095667223,59.26131703612114
316,Web Developer,0,0.0,100.0,100.0,0.11459758495541192,38.90550231933594,40.8530149856437,62.85079228560569,26.06626873205463,30.41531174781612,48.04214746811811,41.19669369146273
317,AI Engineer,0,50.0,60.0,100.0,7.36901897607721,62.27510070800781,54.946617952612755,57.610181465558085,53.68327244076595,46.99602112072089,63.34266483082491,53.65335628989598
317,Cloud Engineer,0,50.0,60.0,100.0,3.69421926567655,60.61157989501953,54.145869874104406,56.37826134477602,52.68233734263051,46.0539645577699,63.04910233441522,53.004862223354685
317,Data Scientist,1,50.0,60.0,100.0,8.184999157435724,57.272369384765625,54.3186052813302,56.644008125123385,52.89825660166275,46.25718268391788,62.45982989142922,53.79735279248866
317,Software Engineer,0,42.857142857142854,100.0,100.0,4.913277906458215,52.11119842529297,58.553671449762675,67.00564838425026,48.19208931220335,51.23961347030903,68.01962325152229,59.690578454080864
317,Web Developer,0,0.0,100.0,100.0,0.11389540614549698,40.94621658325195,41.15901679840962,63.32156430524556,26.448770998012023,30.775313880481903,48.40227351469152,41.19656977755509
318,AI Engineer,0,12.5,60.0,100.0,4.479575119991893,56.317359924316406,40.49454025664624,55.568523471763456,35.61817532080781,29.993576772524996,46.85012233958525,37.70227796235151
318,Cloud Engineer,0,16.666666666666664,60.0,100.0,2.841440652348583,53.77118682861328,41.32522745547761,54.60291403406812,36.65653431934702,30.970855829973658,48.11648395014743,39.128881683747785
318,Data Scientist,1,0.0,60.0,70.0,4.855002361631001,48.54375076293945,30.50981296868557,46.9381737979778,23.137266210856964,23.54095643374773,35.03713248757755,27.327353357934882
318,Software Engineer,0,28.57142857142857,100.0,100.0,2.504152591513248,49.69361877441406,52.829665704889095,65.89179339213706,41.03708213111137,44.50548906457541,61.71063860724954,53.38308575144352
318,Web Developer,0,14.285714285714285,100.0,100.0,0.9176367564400829,49.47553253173828,47.55897539322675,65.47534675881039,34.448719241533446,38.30467693320794,55.78979985854205,47.22075942760707
319,AI Engineer,0,50.0,8.333333333333332,100.0,5.687472098857378,58.07200241088867,43.730587843128575,40.35475052789011,52.57990147057738,33.800691580151266,50.4440788568235,41.19974997822974
319,Cloud Engineer,0,50.0,8.333333333333332,100.0,3.9901545233662823,61.459877014160156,43.98417139729563,40.74487907276251,52.8968809132862,34.09902517328898,51.04193908093023,40.90022334726072
319,Data Scientist,1,50.0,8.333333333333332,100.0,5.923642287953912,54.756927490234375,43.26875213339491,39.644234051376785,52.002606833410304,33.25735545105284,49.859065635531564,41.24142707042324
319,Software Engineer,0,42.857142857142854,12.5,100.0,2.930126792721013,49.262725830078125,40.328927893419866,38.967581374492106,47.28615986677484,29.798738698141022,46.92871632295496,38.75237531636253
319,Web Developer,0,0.0,12.5,100.0,0.10417734166887618,40.676734924316406,23.617136839897793,36.33405667676583,26.39642104987224,10.137808046938579,27.766482633702896,20.606619530882746
320,AI Engineer,0,37.5,100.0,100.0,6.646328387412284,54.925872802734375,57.360830178521994,68.05512335157229,46.7010377231525,49.83627079826117,66.31044814165901,57.79052853895511
320,Cloud Engineer,0,33.33333333333333,100.0,100.0,3.3774540150483716,59.42601013183594,56.087186288699314,68.33926095697329,45.10898286087415,48.33786622199919,65.38890374875535,55.49798208108697
320,Data Scientist,1,50.0,100.0,100.0,6.302748499669331,61.97404861450195,62.74151956712569,69.60233779557798,53.42689945890712,56.16649360838317,72.70130269667682,62.876955617588706
320,Software Engineer,0,42.857142857142854,100.0,100.0,3.096032972431883,52.67041778564453,58.364967613711464,66.71533479032533,47.956209517139335,51.01760895730761,68.1183090209961,59.36988817160563
320,Web Developer,0,0.0,100.0,100.0,0.11084457028039858,49.781532287597656,42.483856528681706,65.35977927489493,28.104820660852134,32.3339488572726,49.96144687428194,41.196031394755366
321,AI Engineer,0,50.0,100.0,100.0,6.391820867583226,59.649574279785156,62.40620927210526,69.08647580323886,53.00776159013158,55.77201090835913,72.29110134349149,62.892674270749986
321,Cloud Engineer,0,50.0,100.0,100.0,3.95569883739866,59.124755859375,61.96206820451605,68.40318185310161,52.45258525564507,55.249492005313,72.198486328125,62.46277038307036
321,Data Scientist,1,50.0,100.0,100.0,6.300876986509945,58.9686279296875,62.290425737429615,68.90834728835326,52.863032171787026,55.63579498521131,72.1709343405331,62.87662535056058
321,Software Engineer,0,42.857142857142854,100.0,100.0,3.116725753909276,53.33325958251953,58.46749780046432,66.87307353917588,48.08437225058041,51.13823270642862,68.23528110279756,59.37353983892517
321,Web Developer,0,0.0,100.0,100.0,0.11081165653301725,42.88670349121094,41.4496272721616,63.768657341787076,26.812034090201994,31.117208555484225,48.744712380801936,41.19602558644701
322,AI Engineer,0,25.0,60.0,100.0,4.3337503314525305,55.725433349609375,44.758877552159284,55.39827315716813,40.94859694019911,35.010444179010925,51.892723532284,42.8236029996681
322,Cloud Engineer,0,16.666666666666664,60.0,100.0,2.0074990797925367,47.7400016784668,40.29545844707223,53.01865402113677,35.369323058840294,29.759362878908508,47.052157158945114,38.98171552388495
322,Data Scientist,1,50.0,60.0,70.0,7.319364554143116,57.04187774658203,49.654186345108776,49.467978992475025,47.06773293138597,46.063748641304436,57.12503724939683,48.350476097789965
322,Software Engineer,0,42.857142857142854,100.0,100.0,4.373791914319791,48.9195556640625,57.99400213675734,66.14461867193437,47.492502670946685,50.5811789844204,67.45639217601102,59.59537504370349
322,Web Developer,0,14.285714285714285,100.0,100.0,0.8458569850075988,50.058204650878906,47.63560924538297,65.59324499289689,34.54451155672872,38.39483440633291,55.892624350155096,47.20809240911899
323,AI Engineer,0,37.5,8.333333333333332,100.0,5.158741854470265,50.42508316040039,38.12924041889726,38.46806218291887,45.57821719028825,27.210871081055608,43.947563694972615,35.959385817455534
323,Cloud Engineer,0,33.33333333333333,8.333333333333332,100.0,3.44945706031988,53.107688903808594,36.8169052279526,38.692674709670676,43.93779820160742,25.66694732700306,42.705278434005436,33.942061049860364
323,Data Scientist,1,50.0,8.333333333333332,100.0,5.871033217489083,50.92485046386719,42.68604921887011,38.74776802903093,51.274228190254306,32.57182261043542,49.18281674852559,41.232143116811805
323,Software Engineer,0,57.14285714285714,12.5,100.0,3.6750533799524967,48.11631774902344,45.26870566934639,38.874931798994446,53.46088208668299,35.61024196393692,52.608761955710015,44.766185890579855
323,Web Developer,0,14.285714285714285,12.5,100.0,0.8575016746471196,50.75157165527344,30.241360999488084,38.83286307613551,34.67670124936011,17.931012940574217,35.4267479391659,26.621912060231846
324,AI Engineer,0,25.0,60.0,100.0,3.634662539581285,53.65190505981445,44.34298513990936,54.758438676783626,40.4287314248867,34.52115898812866,51.52680677526138,42.700234565808465
324,Cloud Engineer,0,33.33333333333333,60.0,100.0,1.9760113205394396,55.49759292602539,47.28770730365139,54.8016009799765,44.10963412956424,37.98553800429575,55.28388894772997,45.838903958526565
324,Data Scientist,1,25.0,60.0,70.0,4.704367640441777,51.18285369873047,39.63308320087584,47.512435693655135,34.5413540010948,34.27421553044216,45.796974182128906,37.594888407136786
324,Software Engineer,0,14.285714285714285,100.0,100.0,0.7044042774765329,42.40669631958008,46.4666650895585,63.79486936855153,33.08333136194811,37.01960598771587,54.54235817404355,47.18313016661351
324,Web Developer,0,0.0,100.0,100.0,0.11673121369450061,37.50067901611328,40.642611534471165,62.52709466841718,25.80326441808896,30.167778275848434,47.79423747343176,41.19707021418139
325,AI Engineer,0,25.0,8.333333333333332,100.0,3.826321185241814,54.76343536376953,34.205130149018366,39.161738690797485,40.67307935293963,22.59427076355102,39.56609643674364,30.577193934650513
325,Cloud Engineer,0,33.33333333333333,8.333333333333332,100.0,2.9524330838015693,55.21464920043945,37.058395675969486,39.064198475850496,44.239661261628534,25.95105373643469,43.07709495694029,33.854350936357136
325,Data Scientist,1,25.0,8.333333333333332,70.0,4.739581758643059,51.940391540527344,29.418662661542225,31.797942556218807,34.68999499359445,22.257250190049678,33.77379458558325,25.44423991819191
325,Software Engineer,0,28.57142857142857,12.5,100.0,1.9359322541095236,48.7433967590332,35.10189935197141,38.61830669534063,40.752374189964264,23.64929335526048,40.954717075123504,32.69457628013698
325,Web Developer,0,14.285714285714285,12.5,100.0,0.8047130336908022,50.602638244628906,30.211102691747957,38.78631183345839,34.63887836468495,17.89541493146818,35.400465572581574,26.612596417710144
326,AI Engineer,0,25.0,60.0,100.0,5.635515772337825,54.07802963256836,44.70703181073593,55.31851047805527,40.88378976341991,34.94944918910109,51.60200522927677,43.0533263127655
326,Cloud Engineer,0,16.666666666666664,60.0,100.0,1.3724239698713276,48.636085510253906,40.33460975535211,53.07888680310582,35.41826219419015,29.80542324159073,47.21028959984872,38.86964344566356
326,Data Scientist,1,25.0,60.0,100.0,4.8784576899756615,50.414031982421875,44.04387345085963,54.29826684747635,40.05484181357454,34.16926288336427,50.95541740866269,42.91972782764276
326,Software Engineer,0,28.57142857142857,100.0,100.0,1.8793329153058993,42.7513427734375,51.694601353311505,64.14554054355617,39.618251691639394,43.170119239190015,60.48553107766544,53.27282345564222
326,Web Developer,0,14.285714285714285,100.0,100.0,0.936270038479888,40.273677825927734,46.18149217966114,63.35614181486329,32.726865224576436,36.68410844666017,54.16594314575195,47.2240476538494
327,AI Engineer,0,25.0,60.0,100.0,4.753915132795497,54.77933120727539,44.67998695101063,55.27690300155482,40.849983688763295,34.91763170707134,51.725764330695654,42.89774972931686
327,Cloud Engineer,0,33.33333333333333,60.0,100.0,3.1113982900632005,52.51313018798828,47.010345938374385,54.374891187242646,43.762932422967985,37.65923051573457,54.75721905278224,46.03926636491312
327,Data Scientist,1,25.0,60.0,100.0,5.461527099776483,54.82811737060547,44.79344667055729,55.45145641624198,40.99180833819661,35.0511137300674,51.73437365363626,43.02262242937232
327,Software Engineer,0,28.57142857142857,100.0,100.0,2.2308184577403787,50.98396682739258,52.982217792769944,66.12648891195376,41.22777224096243,44.68496210914111,61.938347087186926,53.33485031607183
327,Web Developer,0,14.285714285714285,100.0,100.0,0.9272890024591409,51.86993408203125,47.91958346267356,66.03012840411316,34.89947932834195,38.72892172079242,56.21234130859376,47.22246276513985
328,AI Engineer,0,12.5,60.0,100.0,3.0703771407463227,44.47819519042969,38.5072858496764,52.51120899950215,33.1341073120955,27.655630411384,44.760857974781715,37.453595966014056
328,Cloud Engineer,0,16.666666666666664,60.0,100.0,1.559114483164502,49.466888427734375,40.48723376996816,53.313692979438194,35.60904221246021,29.9849809058449,47.3569018794041,38.902588830362355
328,Data Scientist,1,0.0,60.0,100.0,3.7270451309550987,32.59386444091797,32.44813643578096,49.920209901201474,25.5601705447262,20.527219336212895,37.516564313103174,32.42241972899208
328,Software Engineer,0,14.285714285714285,100.0,100.0,0.9198194248179127,34.34922790527344,45.2903570995137,61.98516476848261,31.61294637439213,35.635714234722,53.120451983283544,47.22114460437963
328,Web Developer,0,14.285714285714285,100.0,100.0,0.8762033342369537,41.91765594482422,46.41907889185918,63.7216598336295,33.023848614823976,36.963622225716676,54.45605693143957,47.21344764721829
329,AI Engineer,0,12.5,100.0,100.0,3.4466076804552355,54.46010971069336,48.06100760867229,67.20924247488044,35.076259510840366,38.89530306902623,55.93413700776942,46.93175429655093
329,Cloud Engineer,0,16.666666666666664,100.0,100.0,1.781552900405712,52.942787170410156,49.041984343955704,66.4748477086498,36.302480429944644,40.04939334583025,57.38206048105277,48.353607374581394
329,Data Scientist,1,25.0,100.0,100.0,4.693692407498344,54.42362594604492,52.61759775303149,67.48861192774075,40.771997191289366,44.255997356507635,61.074757519890284,52.29888689544088
329,Software Engineer,0,28.57142857142857,100.0,100.0,2.950548631705149,45.443748474121094,52.25914456587394,65.01406856288298,40.32393070734243,43.834287724557576,60.960661495433136,53.461861523242085
329,Web Developer,0,0.0,100.0,100.0,0.11646632519232533,44.087764739990234,41.63063465977738,64.04713024581135,27.038293324721735,31.330158423267513,48.95666436588063,41.19702346915158
330,AI Engineer,0,25.0,60.0,100.0,6.811575807475463,48.87056350708008,44.10232089718333,54.38818599566667,40.12790112147917,34.23802458492157,50.683040618896484,43.26086631896626
330,Cloud Engineer,0,16.666666666666664,60.0,100.0,1.3798732731539802,46.30471420288086,39.98602145473855,52.54259710985419,34.9825268184232,29.395319358515952,46.798871133841715,38.870958028595794
330,Data Scientist,1,25.0,60.0,100.0,4.904937197534557,45.533626556396484,43.31578456308966,53.17813009706101,39.14473070386207,33.31268772128195,50.09416939230527,42.92440068191786
330,Software Engineer,0,28.57142857142857,100.0,100.0,1.8895336412932902,42.16521453857422,51.60821222698012,64.01263419535402,39.51026528372516,43.068484972917794,60.3820966832778,53.27462358375764
330,Web Developer,0,14.285714285714285,100.0,100.0,0.9413519662399745,44.58720779418945,46.829283964064416,64.3527445600991,33.53660495508052,37.446216428311075,54.92715431662167,47.22494446463059
331,AI Engineer,0,25.0,100.0,100.0,6.711104791543876,46.04298400878906,51.663113320049945,66.02017433853837,39.57889165006243,43.133074494176405,59.59582070743337,52.654900845566566
331,Cloud Engineer,0,16.666666666666664,100.0,100.0,0.9891909268463334,40.839439392089844,47.107627881173755,63.498914688985266,33.8845348514672,37.773679860204425,55.246175578996244,48.213778791012096
331,Data Scientist,1,25.0,100.0,100.0,4.634716146978615,47.638206481933594,51.59093839433683,65.90913599128743,39.48867299292104,43.04816281686686,59.87733055563534,52.28847932005505
331,Software Engineer,0,14.285714285714285,100.0,100.0,0.964836719363637,39.252559661865234,46.03260945718433,63.127091472591275,32.540761821480416,36.5089523025698,53.9857458226821,47.22908883282888
331,Web Developer,0,14.285714285714285,100.0,100.0,0.8894913394845232,44.68001937866211,46.83542660772199,64.36219478111076,33.544283259652495,37.453443067908225,54.94353283152861,47.2157925893208
332,AI Engineer,0,25.0,100.0,100.0,6.874145267818534,54.14931869506836,52.903519594433035,67.92849168374313,41.1293994930413,44.59237599345063,61.02635035795324,52.683672694320926
332,Cloud Engineer,0,16.666666666666664,100.0,100.0,2.063600787125987,55.48154067993164,49.46510455339197,67.12580187701329,36.83138069173997,40.54718182751997,57.83007580626244,48.403380531061444
332,Data Scientist,1,25.0,100.0,70.0,4.949992744465353,48.87234878540039,47.32335122947986,59.34361727612286,34.15418903684983,43.32158968174102,54.801002726835364,47.04999871961154
332,Software Engineer,0,28.57142857142857,100.0,100.0,1.9068904326698242,45.57171630859375,52.121791011189536,64.80275540183005,40.15223876398692,43.672695307281806,60.98324405445773,53.27768654694173
332,Web Developer,0,0.0,100.0,100.0,0.11438976095127444,40.26161575317383,41.056400827118765,63.16369358018271,26.32050103389846,30.654589208375018,48.28146160350126,41.19665701663846
333,AI Engineer,0,37.5,100.0,100.0,4.576282767908251,49.751556396484375,56.274175874658894,66.38334749947522,45.34271984332362,48.55785397018693,65.39733348173255,57.42522637080734
333,Cloud Engineer,0,33.33333333333333,100.0,100.0,2.357686235663924,51.389373779296875,54.72872566891078,66.24932154191403,43.41090708613849,46.7396772575421,63.970673804189644,55.31802306119559
333,Data Scientist,1,25.0,100.0,100.0,4.448691292174544,47.25160598754883,51.50504459195851,65.77699167993616,39.38130573994813,42.94711128465707,59.809106938979205,52.25565140450139
333,Software Engineer,0,28.57142857142857,100.0,100.0,1.7137735954127056,38.41694641113281,51.01960800098183,63.10708923227974,38.774510001227284,42.3760094129198,59.72063760196462,53.24360710507283
333,Web Developer,0,0.0,100.0,100.0,0.10280514734629712,32.43223571777344,39.880256129767965,61.35424019964302,24.85032016220995,29.270889564432892,46.899806303136494,41.194612673061116
334,AI Engineer,0,25.0,60.0,100.0,4.1038278633729,51.697139739990234,44.12014514050447,54.41560790846841,40.15018142563059,34.25899428294643,51.18184818941004,42.78302844647757
334,Cloud Engineer,0,16.666666666666664,60.0,100.0,1.683608927470168,45.42597961425781,39.899771614592524,52.40990504809107,34.874714518240665,29.293848958344157,46.6438003240847,38.92455843818101
334,Data Scientist,1,50.0,60.0,70.0,5.310315221807281,52.199642181396484,48.62649361048056,47.88691324689318,45.783117013100714,44.854698365271254,56.270525090834674,47.99593798031893
334,Software Engineer,0,42.857142857142854,100.0,100.0,2.361174509926219,45.72297286987305,57.21262210696989,64.94249554918444,46.51577763371237,49.661908361141045,66.8922893299776,59.240207266457574
334,Web Developer,0,14.285714285714285,100.0,100.0,0.9140687527472435,50.48423385620117,47.70974539134226,65.70730060206502,34.63718173917783,38.48205340157913,55.96780597462374,47.220129779896574
335,AI Engineer,0,37.5,8.333333333333332,100.0,4.498267614943645,50.03347396850586,37.97142790418409,38.22527369874476,45.38095154689679,27.025209299040107,43.87845619052064,35.84283153989201
335,Cloud Engineer,0,50.0,8.333333333333332,100.0,3.02732052210979,51.385658264160156,42.32861348460716,38.19786689939563,50.827433522425615,32.151309981890776,49.264135772106705,40.73031146468605
335,Data Scientist,1,25.0,8.333333333333332,70.0,4.353919184730278,44.51774215698242,28.247415867923568,29.99602441219011,33.225936501571134,20.879312785792436,32.46391528260474,25.376181816913185
335,Software Engineer,0,42.857142857142854,12.5,100.0,2.28633054224086,44.8186149597168,39.56574182529365,37.79344896199023,46.332177281617064,28.900872735639588,46.14446146347944,38.63876421333662
335,Web Developer,0,14.285714285714285,12.5,100.0,0.8972265236823898,47.00477600097656,29.685300378698845,37.977385197998224,33.98162547337356,17.276823974939813,34.76554870605469,26.62892232770866
336,AI Engineer,0,25.0,100.0,100.0,5.043772411429986,48.596763610839844,51.796080403340476,66.22473908206227,39.745100504175596,43.28950635687115,60.04648769603056,52.36066571966412
336,Cloud Engineer,0,16.666666666666664,100.0,100.0,2.689061851864613,47.97403335571289,48.432797614469955,65.53763735559481,35.54099701808745,39.332703075847014,56.50522157257678,48.51375601307414
336,Data Scientist,1,25.0,100.0,70.0,5.425633491781856,48.97022247314453,47.40937839473896,59.47596676113686,34.2617229934237,43.4227981114576,54.81827455408433,47.133935322079154
336,Software Engineer,0,42.857142857142854,100.0,100.0,3.201359664874804,44.00339126586914,57.08071263961159,64.73955790709475,46.350890799514495,49.50672075248423,66.58883375280044,59.3884752349779
336,Web Developer,0,14.285714285714285,100.0,100.0,0.8684263715211632,44.70295715332031,46.835707528726225,64.36262696727111,33.54463441090778,37.45377356320732,54.94758067411535,47.21207524203315
337,AI Engineer,0,25.0,8.333333333333332,100.0,3.9205397611266997,46.54875564575195,32.98706097769846,37.2877861195361,39.15049288878975,21.161248209057018,38.11644707474054,30.59382074215961
337,Cloud Engineer,0,16.666666666666664,8.333333333333332,100.0,1.6084143784992118,44.90773010253906,29.47742167215574,36.37552052126524,34.76344375686134,17.032260790771456,34.39548178280101,26.75442606679398
337,Data Scientist,1,50.0,8.333333333333332,70.0,5.073142116175553,51.21395492553711,38.109731222923564,31.70727880449779,45.55383069532113,32.482036732851256,43.9397175358791,35.79722115775647
337,Software Engineer,0,42.857142857142854,12.5,100.0,2.2557180411354487,43.43977737426758,39.35432431231046,37.46819124970839,46.06790539038807,28.652146249777005,45.90113718369428,38.6333620072592
337,Web Developer,0,14.285714285714285,12.5,100.0,0.8732439587765005,49.339752197265625,30.031949423406317,38.5106914206251,34.4149367792579,17.68464638047802,35.17760332892923,26.624690110372324
338,AI Engineer,0,25.0,100.0,100.0,3.722627355573925,49.55310821533203,51.741360335635896,66.14055436251677,39.67670041954487,43.225129806630456,60.21525439094095,52.12752247451305
338,Cloud Engineer,0,33.33333333333333,100.0,100.0,2.3185793123965297,48.67971420288086,54.316410693958275,65.61499081121787,42.89551336744785,46.2546008164215,63.49249858482211,55.31112183944253
338,Data Scientist,1,0.0,100.0,100.0,3.571466258651939,40.708900451660156,41.64205500654681,64.06470001007202,27.05256875818352,31.343594125349192,48.360394197351795,41.80672933976211
338,Software Engineer,0,28.57142857142857,100.0,100.0,1.6363030494921142,39.720027923583984,51.20344964596142,63.389922532248335,39.00431205745177,42.59229370113108,59.95059316298541,53.229935832263315
338,Web Developer,0,14.285714285714285,100.0,100.0,0.8396277839393056,43.794734954833984,46.695154410815995,64.14639140125537,33.368943013519996,37.28841695390117,54.787306168500116,47.20699313834223
339,AI Engineer,0,25.0,8.333333333333332,100.0,3.8768738157043874,36.57645034790039,31.48466529120738,34.97640814031905,37.2724982806759,19.393723872008685,36.35662849276673,30.586114987085086
339,Cloud Engineer,0,16.666666666666664,8.333333333333332,100.0,1.3494849718784758,40.25809860229492,28.741137536126008,35.24277569660411,33.84308858682418,16.166044160148246,33.574958576875574,26.7087326420962
339,Data Scientist,1,25.0,8.333333333333332,70.0,4.932180561326744,39.14261245727539,27.52788561945698,28.889054799164597,32.3265236909879,20.03280661112587,31.51536298265644,25.478227942194913
339,Software Engineer,0,28.57142857142857,12.5,100.0,1.8777989497460967,35.66909408569336,33.13203395531592,35.587744546639875,38.2900424441449,21.33180465331284,38.647487191592944,32.6843174617199
339,Web Developer,0,14.285714285714285,12.5,100.0,0.9465804927307228,45.16403579711914,29.416592443477477,37.56398837458073,33.64574055434685,16.960696992326447,34.440712199491614,26.637631851658362
340,AI Engineer,0,12.5,60.0,100.0,4.5729361595221185,52.622257232666016,39.954279008828216,54.73735232127419,34.94284876103528,29.35797530450379,46.198045393999884,37.718753439915666
340,Cloud Engineer,0,16.666666666666664,60.0,100.0,2.9006605216354684,54.226802825927734,41.40245283546781,54.72172231097612,36.753066044334766,31.06170921819743,48.196886773202934,39.13933224891606
340,Data Scientist,1,0.0,60.0,100.0,4.956187865894715,47.05421829223633,34.801560923719656,53.5408629595687,28.50195115464957,23.295954027905477,40.06839146333583,32.639327270452014
340,Software Engineer,0,28.57142857142857,100.0,100.0,2.5563428735876794,48.982608795166016,52.73084275031306,65.7397580774047,40.91355343789132,44.38922676507419,61.58516625797048,53.39229580122136
340,Web Developer,0,14.285714285714285,100.0,100.0,0.9367616777099699,50.19122314453125,47.66919772333618,65.64491957436336,34.58649715417023,38.43435026274845,55.9160982019761,47.22413441371353
341,AI Engineer,0,37.5,8.333333333333332,100.0,4.799951761522781,48.14204025268555,37.732965468797914,37.85840841353526,45.082873502664064,26.744665257409313,43.54467377008176,35.8960699187001
341,Cloud Engineer,0,33.33333333333333,8.333333333333332,100.0,4.661963310107059,50.737308502197266,36.64322410517898,38.42547298232664,43.7206967981404,25.462616594328214,42.28697601019167,34.15603274099928
341,Data Scientist,1,25.0,8.333333333333332,100.0,5.00321439592994,42.38832092285156,32.52539696448389,36.57753379151368,38.57341287227153,20.618114075863403,37.382252711875765,30.784880971830773
341,Software Engineer,0,28.57142857142857,12.5,100.0,2.2321302797563747,36.11277770996094,33.25173619845759,35.77190184378092,38.439670248072,21.47263082171482,38.72578430175781,32.746846519957
341,Web Developer,0,14.285714285714285,12.5,100.0,0.8008140119271032,36.35358810424805,28.07316031742627,35.49716971911734,31.966450396782843,15.380188608736791,32.88592731251436,26.61190835504596
342,AI Engineer,0,25.0,8.333333333333332,100.0,4.509047808913483,50.134300231933594,33.61316887279373,38.251029035067276,39.93312775765883,21.897845732698507,38.74919023700789,30.69767510353375
342,Cloud Engineer,0,16.666666666666664,8.333333333333332,100.0,1.3763369793441096,44.021785736083984,29.309718407314215,36.11751549843213,34.553814675809434,16.83496283213437,34.239138659308935,26.713471231648963
342,Data Scientist,1,25.0,8.333333333333332,70.0,4.892366985916646,40.0972900390625,27.665115220413536,29.10017726217467,32.49806069218359,20.194253200486514,31.683835497089458,25.471202017122547
342,Software Engineer,0,28.57142857142857,12.5,100.0,1.884691206665961,37.64550018310547,33.42952870846572,36.045428782254945,38.661910885582145,21.6817984805479,38.99626473819509,32.68553374235282
342,Web Developer,0,14.285714285714285,12.5,100.0,0.9389395004027931,36.2187614440918,28.073655141674188,35.497930987191054,31.967068927092736,15.38077075491081,32.86213437248679,26.636283441247553
343,AI Engineer,0,25.0,8.333333333333332,100.0,4.187621438165198,55.678985595703125,34.39665772174691,39.45639649499525,40.91248881885031,22.81959731970225,39.727664124731916,30.640952802813466
343,Cloud Engineer,0,33.33333333333333,8.333333333333332,100.0,2.7407637322455525,49.13640213012695,36.1149082126892,37.612679301573145,43.060301932528176,24.84106848551671,42.004463121002786,33.81699752137666
343,Data Scientist,1,25.0,8.333333333333332,100.0,4.810941577473057,52.74722671508789,34.05039191055081,38.92367986238585,40.47965655485518,22.412225777118596,39.2102949105057,30.750950474456026
343,Software Engineer,0,28.57142857142857,12.5,100.0,1.9650799261944036,45.332298278808594,34.59460673075045,37.83785650884684,40.11825841343806,23.052478506765237,40.35275851978975,32.69971998697548
343,Web Developer,0,14.285714285714285,12.5,100.0,0.8168289078794044,43.97227096557617,29.218364981018336,37.25902304772052,33.397956226272925,16.727488212962747,34.23040075863109,26.61473451315519
344,AI Engineer,0,37.5,100.0,100.0,4.595237036332227,43.03297805786133,55.26923226412904,64.83728040635236,44.0865403301613,47.375567369563576,64.21170201021083,57.42857124170569
344,Cloud Engineer,0,33.33333333333333,100.0,100.0,2.182036654680895,48.445884704589844,54.260854870557274,65.52952031367786,42.8260685881966,46.18924102418503,63.45123455571193,55.28702607631624
344,Data Scientist,1,25.0,100.0,70.0,4.800072502326955,39.29966735839844,45.864960979108815,57.099939967859704,32.33120122388601,41.605836446010365,53.11170600442326,47.023542206292994
344,Software Engineer,0,28.57142857142857,100.0,100.0,1.8491365146025902,33.91056442260742,50.3639551405815,62.09839252397154,37.95494392572688,41.604653106566474,58.92539372163661,53.267494679047516
344,Web Developer,0,0.0,100.0,100.0,0.11092524260846609,29.723388671875,39.475147087172516,60.73099551872694,24.343933858965652,28.7942906907912,46.42177447150735,41.196045631048555
345,AI Engineer,0,37.5,100.0,100.0,4.936668685872327,48.658424377441406,56.164263959497056,66.21425224538008,45.20532994937133,48.42854583470242,65.20442783131318,57.48882388574217
345,Cloud Engineer,0,33.33333333333333,100.0,100.0,3.188112501942566,49.802947998046875,54.61532574166508,66.07486011538218,43.269157177081354,46.60626557842951,63.69071631338082,55.464568872891824
345,Data Scientist,1,50.0,100.0,100.0,5.949413729651552,51.458656311035156,61.111210506103006,67.09417000938925,51.38901313262876,54.24848294835648,70.84564523135914,62.81460242287969
345,Software Engineer,0,42.857142857142854,100.0,100.0,2.9224680430460657,45.2692756652832,57.22876155624939,64.9673254711529,46.53595194531174,49.68089594852869,66.81222511740292,59.33925906641989
345,Web Developer,0,14.285714285714285,100.0,100.0,0.8689496460601922,51.66118240356445,47.87951980744369,65.96849201145183,34.849399759304625,38.681788008757295,56.17550277709961,47.21216758459885
346,AI Engineer,0,25.0,100.0,100.0,6.357810786622655,51.67100524902344,52.454322405346915,67.2374190851491,40.56790300668364,44.06390871217284,60.589000926298255,52.59255484469812
346,Cloud Engineer,0,16.666666666666664,100.0,100.0,2.5837055053153812,54.100852966308594,49.33601710407692,66.92720580114398,36.670021380096166,40.39531424009051,57.58642503327014,48.495163716624276
346,Data Scientist,1,25.0,100.0,100.0,5.970466212351244,53.89262390136719,52.72946351705776,67.66071310316578,40.91182939632221,44.38760413771502,60.98105127671185,52.524199919826685
346,Software Engineer,0,42.857142857142854,100.0,100.0,3.5228346591546,47.0384407043457,57.58419130452504,65.51414046850006,46.980239130656315,50.09904859355888,67.12443071253159,59.4452061163214
346,Web Developer,0,0.0,100.0,100.0,0.11506806286431437,41.552703857421875,41.25016578804293,63.46179352006604,26.56270723505366,30.882547985932856,48.50930068072151,41.19677671697605
347,AI Engineer,0,37.5,60.0,100.0,5.123591628384229,54.84758758544922,49.12067688207502,55.377964433961566,46.400846102593775,40.141972802441195,56.88486839743222,48.11004558147957
347,Cloud Engineer,0,50.0,60.0,100.0,2.726282426091993,52.54231643676758,52.790289829428936,54.292753583736825,50.987862286786175,44.459164505210516,61.625114665311926,52.83404983989859
347,Data Scientist,1,25.0,60.0,100.0,4.959176686473113,48.115966796875,43.711271522502216,53.78657157308033,39.63908940312777,33.77796649706143,50.54987649356618,42.933972356436435
347,Software Engineer,0,42.857142857142854,100.0,100.0,4.060239998922839,47.843570709228516,57.7855716062227,65.8239563172657,47.231964507778386,50.33596659555612,67.26651247809914,59.540042352751094
347,Web Developer,0,0.0,100.0,100.0,0.12305388476890294,39.816070556640625,40.990868666211426,63.0628748710945,26.23858583276429,30.57749254848403,48.202835980583636,41.1981859796651
348,AI Engineer,0,37.5,100.0,100.0,5.356312103472441,58.583343505859375,57.715948341399766,68.60145898676888,47.14493542674972,50.25405687223502,66.95588414809284,57.56287860649513
348,Cloud Engineer,0,33.33333333333333,100.0,100.0,3.4591192295841275,59.18401336669922,56.063136556109164,68.30226136837308,45.07892069513646,48.30957241895196,65.34619843726064,55.512393589534454
348,Data Scientist,1,50.0,100.0,100.0,6.455145928648993,62.61715316772461,62.86084486445604,69.78591517608622,53.576056080570055,56.30687631112475,72.81479173548081,62.90384928152629
348,Software Engineer,0,28.57142857142857,100.0,100.0,2.323241668532937,51.033836364746094,53.00356170499185,66.15932569998746,41.254452131239816,44.71007259410806,61.94714759377872,53.35116029444699
348,Web Developer,0,0.0,100.0,100.0,0.11352473870659781,45.4133186340332,41.82902650591097,64.35234847063225,27.286283132388714,31.563560595189372,49.190585641299975,41.19650436565411
349,AI Engineer,0,50.0,8.333333333333332,100.0,6.541664714609957,54.464210510253906,43.31754795039625,39.719304539071146,52.06360160466198,33.31476229458382,49.807409697887955,41.35048985159784
349,Cloud Engineer,0,50.0,8.333333333333332,100.0,3.8725876597108106,56.79429626464844,43.26669925532056,39.64107577741623,52.000040735817365,33.25494030037712,50.21860130160463,40.87947625367447
349,Data Scientist,1,50.0,8.333333333333332,70.0,5.749106680088749,51.427734375,38.24319282492998,31.912604346046116,45.72065769782915,32.63905038227057,43.97744332107843,35.91650902197645
349,Software Engineer,0,42.857142857142854,12.5,100.0,2.843792838706006,44.01604461669922,39.52897561831079,37.736885566631976,46.28621952288849,28.857618374483277,46.002831402946924,38.73713991271283
349,Web Developer,0,0.0,12.5,100.0,0.10110783565043721,34.25945281982422,22.6540840983212,34.85243707434031,25.1926051229015,9.004804821554352,26.634021085851334,20.60607785335008
350,AI Engineer,0,12.5,60.0,100.0,3.248640330302957,44.00804138183594,38.46350225682083,52.4438496258782,33.07937782102604,27.604120302142157,44.67788965561811,37.485054175935815
350,Cloud Engineer,0,16.666666666666664,60.0,100.0,1.0202236675374783,40.145286560058594,39.00815986747274,51.03819466790679,33.76019983434093,28.24489396173264,45.71191331452014,38.80749045113406
350,Data Scientist,1,0.0,60.0,100.0,3.902264869426783,42.81839370727539,34.00809878650533,52.320151979238965,27.510123483131657,22.3624691605945,39.32089300716625,32.45334085931061
350,Software Engineer,0,14.285714285714285,100.0,100.0,0.9415186244577652,38.17464065551758,45.867423891996296,62.872959833840454,32.33427986499538,36.31461634352506,53.795524821561926,47.22497387490431
350,Web Developer,0,14.285714285714285,100.0,100.0,0.9173963205514699,43.36629867553711,46.64255424941329,64.06546807602044,33.303192811766614,37.226534411074454,54.71169976627126,47.220716997744375
351,AI Engineer,0,37.5,100.0,100.0,6.551316629833435,56.625938415527344,57.60158825680411,68.42552039508325,47.00198532100516,50.119515596240134,66.61045972038718,57.7737617582059
351,Cloud Engineer,0,33.33333333333333,100.0,100.0,3.1844753773433503,54.50679016113281,55.320356497438084,67.15952281657141,44.150445621797616,47.43571352639775,64.52080610686657,55.46392702737431
351,Data Scientist,1,25.0,100.0,100.0,5.398030936250124,52.724605560302734,52.468395474482925,67.25906996074296,40.58549434310367,44.08046526409757,60.7749303929946,52.42318192992649
351,Software Engineer,0,28.57142857142857,100.0,100.0,2.408273431909568,47.192996978759766,52.4401905616004,65.29260086400062,40.55023820200051,44.04728301364754,61.26935240801643,53.36616589974875
351,Web Developer,0,14.285714285714285,100.0,100.0,0.8640083091545396,44.542724609375,46.81100993777943,64.32463067350682,33.51376242222429,37.42471757385815,54.91930434283088,47.21129558396845
352,AI Engineer,0,12.5,100.0,100.0,4.365632105357694,52.14701461791992,47.85189700849165,66.88753385921791,34.81487126061455,38.64929059822546,55.52594375610352,47.09393507741607
352,Cloud Engineer,0,16.666666666666664,100.0,100.0,2.468572055266739,49.23995590209961,48.58961252693828,65.77889106708454,35.73701565867285,39.517191208162686,56.728619668997965,48.47484604896864
352,Data Scientist,1,25.0,100.0,100.0,6.126132380925227,55.049713134765625,52.92637682735362,67.96365665746711,41.15797103419204,44.61926685571015,61.18524349437041,52.551670420163276
352,Software Engineer,0,28.57142857142857,100.0,100.0,2.5022835079383396,48.71957778930664,52.683279194586746,65.66658337628729,40.854098993233436,44.33326964069029,61.53874902164235,53.38275591316559
352,Web Developer,0,14.285714285714285,100.0,100.0,1.0401294510967967,54.42864990234375,48.32031690301608,66.6466413892555,35.40039612877011,39.20037282707775,56.66387939453125,47.24237578548767
353,AI Engineer,0,37.5,8.333333333333332,100.0,4.906066807160676,54.33628463745117,38.67801938335844,39.312337512859145,46.26419089586472,27.856493392186405,44.637775720334524,35.91479610322443
353,Cloud Engineer,0,50.0,8.333333333333332,100.0,5.084984825322518,58.19855880737305,43.659198211571,40.24492032549385,52.49066443113042,33.71670377831883,50.46641233855603,41.093428694664766
353,Data Scientist,1,25.0,8.333333333333332,70.0,4.748632189490774,50.78923797607422,29.24734719150141,31.53438029461756,34.475850656043434,22.05570257823696,33.57064983891505,25.445837053047388
353,Software Engineer,0,42.857142857142854,12.5,100.0,2.493602280625111,49.53834533691406,40.30479214263087,38.93044945020135,47.2559901782886,29.770343697212798,46.97735505945543,38.67534157893384
353,Web Developer,0,0.0,12.5,100.0,0.11782956631679775,45.188053131103516,24.295882404613046,37.37828062248161,27.24485300576631,10.936332240721233,28.56259761137121,20.609028746997083
354,AI Engineer,0,12.5,60.0,100.0,3.6311378351847847,48.85258483886719,39.247558401107796,53.65008984785815,34.059448001384744,28.526539295420935,45.53280908921186,37.55255373562085
354,Cloud Engineer,0,0.0,60.0,100.0,1.141633296443139,47.190032958984375,34.249749938314125,52.69192298202173,27.812187422892663,22.646764633310738,40.09235875746783,31.966170581725258
354,Data Scientist,1,25.0,60.0,100.0,4.83919797661537,48.455047607421875,43.74413683760559,53.837133596316285,39.680171047006986,33.81663157365363,50.60971428366268,42.91279964293213
354,Software Engineer,0,14.285714285714285,100.0,100.0,1.0074049309691775,39.49149703979492,46.07483529561461,63.19205430094556,32.59354411951827,36.558629759546605,54.02791124231675,47.23660087017103
354,Web Developer,0,14.285714285714285,100.0,100.0,0.9287353429522255,47.44912338256836,47.256678808828084,65.01027509050475,34.070848511035116,37.949033892738925,55.43219824398265,47.22271800169745
355,AI Engineer,0,37.5,8.333333333333332,100.0,6.869416100314092,59.59261703491211,39.76097163695059,40.97841790300092,47.61788121285492,29.130554867000697,45.56536379047468,36.26126950789856
355,Cloud Engineer,0,33.33333333333333,8.333333333333332,100.0,3.35052364386424,54.56560134887695,37.020752082244506,39.00628525473515,44.192606769472306,25.906767155581775,42.962557100782206,33.92460221166231
355,Data Scientist,1,50.0,8.333333333333332,100.0,6.184727816822101,55.248008728027344,43.381577148394086,39.817810997529364,52.14363810215927,33.39009076281657,49.9457270304362,41.287500987282336
355,Software Engineer,0,57.14285714285714,12.5,100.0,3.8714147962220338,50.609535217285156,45.67214250202608,39.495603849270886,53.9651781275326,36.08487353179539,53.04874150893268,44.80083790521565
355,Web Developer,0,0.0,12.5,100.0,0.1087689755021702,39.48054504394531,23.438397102917122,36.05907246602634,26.172996378646406,9.92752600343191,27.555390301872702,20.607429819206263
356,AI Engineer,0,25.0,100.0,100.0,4.53405169058784,49.64262390136719,51.876501338793254,66.34846359814347,39.84562667349157,43.38411922210971,60.23105127671186,52.27071500422138
356,Cloud Engineer,0,16.666666666666664,100.0,100.0,2.2721286318937945,45.26663589477539,47.96414801233371,64.81663796769288,34.955185015417136,38.78135060274554,56.0274455500584,48.44017956249106
356,Data Scientist,1,25.0,100.0,100.0,5.175696540653846,51.557003021240234,52.25990493428411,66.93831528351402,40.324881167855146,43.83518227562837,60.56888288610122,52.38394644835068
356,Software Engineer,0,28.57142857142857,100.0,100.0,2.2896265233564015,42.89954376220703,51.77837554283451,64.2744239120531,39.722969428543145,43.26867710921707,60.51168419333065,53.34522821000407
356,Web Developer,0,14.285714285714285,100.0,100.0,0.8284214873162263,44.121891021728516,46.74254687635671,64.21930288670264,33.42818359544589,37.344172795713774,54.84503959206974,47.205015556585224
357,AI Engineer,0,25.0,60.0,100.0,4.225253760635754,46.4034423828125,43.344304421517236,53.22200680233421,39.18038052689655,33.346240495902634,50.24766630284926,42.80445654599455
357,Cloud Engineer,0,33.33333333333333,60.0,100.0,1.9584644649514937,44.465118408203125,45.630204097639854,52.25159604765106,42.03775512204982,36.03553423251748,53.33698167987898,45.83580745459928
357,Data Scientist,1,0.0,60.0,100.0,4.0536830036876745,39.82240676879883,33.58141346587298,51.66371302441996,26.976766832341223,21.860486430438797,38.79218942978803,32.48006170653312
357,Software Engineer,0,28.57142857142857,100.0,100.0,1.8572354826368038,39.98387908935547,51.27616718579884,63.50179567045975,39.09520898224855,42.67784374799864,59.997155133415674,53.268923908700614
357,Web Developer,0,14.285714285714285,100.0,100.0,0.9529937092177383,42.10662078857422,46.45894217466879,63.78298796102891,33.073677718336,37.0105202054927,54.48940366857192,47.22699888986195
358,AI Engineer,0,12.5,60.0,100.0,3.4846606128923514,49.54993438720703,39.330189250014904,53.77721423079216,34.16273656251864,28.623752058841067,45.65587077421301,37.526704814039824
358,Cloud Engineer,0,16.666666666666664,60.0,100.0,1.3178519573543546,43.47225570678711,39.55184948295455,51.874640230186486,34.43981185369319,28.884528803475945,46.299025516883994,38.86001309051351
358,Data Scientist,1,0.0,60.0,100.0,3.824187762202322,39.09882354736328,33.43845169643484,51.44377184066898,26.798064620543553,21.692296113452752,38.66449827306411,32.439562546271
358,Software Engineer,0,28.57142857142857,100.0,100.0,1.75208993840082,39.48576354980469,51.18567802323083,63.36258157420127,38.98209752903854,42.57138590968333,59.909252391142005,53.25036881265897
358,Web Developer,0,14.285714285714285,100.0,100.0,0.8990409158611814,40.0212287902832,46.138040455921654,63.28929300911024,32.67255056990208,36.63298877167254,54.12139331593233,47.21747780868138
359,AI Engineer,0,25.0,60.0,100.0,4.743125293997398,60.154449462890625,45.4846362135332,56.51482494389723,41.8557952669165,35.86427789827435,52.674314611098346,42.89584564011719
359,Cloud Engineer,0,33.33333333333333,60.0,100.0,3.1043364294601647,59.23752212524414,48.017945449872315,55.92504428185483,45.022431812340386,38.84464170573213,55.94387645347446,46.038020154218465
359,Data Scientist,1,25.0,60.0,100.0,5.4491312123128,59.35428237915039,45.47051203871948,56.49309544418381,41.838140048399346,35.847661222022914,52.53310865514418,43.020434919819905
359,Software Engineer,0,14.285714285714285,100.0,100.0,1.393954464138813,53.633975982666016,48.254189567020724,66.54490702618573,35.31773695877591,39.12257596120085,56.52364282047048,47.304815493671555
359,Web Developer,0,14.285714285714285,100.0,100.0,0.9251843584812202,53.42628860473633,48.15272094448263,66.3888014530502,35.19090118060329,39.00320111115604,56.486992106718176,47.222091357379036
360,AI Engineer,0,37.5,60.0,100.0,2.541920197697496,55.89234924316406,48.890140416129235,55.02329294789113,46.112675520161545,39.87075343074028,57.06923810173483,47.654456505476034
360,Cloud Engineer,0,50.0,60.0,100.0,2.6856560907328597,50.3354606628418,52.4531675130362,53.774103866209536,50.566459391295254,44.062550015336704,61.235669528736786,52.82688048659992
360,Data Scientist,0,25.0,60.0,70.0,0.7310471555148471,40.315608978271484,37.40699842006795,44.087689877027614,31.75874802508494,31.655292258903472,43.879225113812616,36.893714203914385
360,Software Engineer,1,42.857142857142854,100.0,100.0,2.5653568804709552,44.34537887573242,57.036610363430505,64.67170825143154,46.295762954288136,49.45483572168295,66.64918450748219,59.276239449494874
360,Web Developer,0,0.0,100.0,100.0,0.12122016851778372,33.86642837524414,40.09814728156429,61.689457356252746,25.12268410195536,29.527232095957984,47.152899125043085,41.19786238267961
361,AI Engineer,0,37.5,100.0,100.0,2.7289031097390613,46.90494155883789,55.57007670028654,65.30011800044083,44.46259587535818,47.729502000337106,64.89498968685375,57.09921819583631
361,Cloud Engineer,0,33.33333333333333,100.0,100.0,2.626398303284282,43.42440414428711,53.57428703380238,64.4732621032857,41.96785879225297,45.381514157414564,62.56509092742322,55.36544283783448
361,Data Scientist,0,50.0,100.0,100.0,1.5872874544678937,34.911312103271484,57.97478993366091,62.26890759024755,47.46848741707614,50.55857639254224,67.9255256652832,62.044815433141395
361,Software Engineer,1,42.857142857142854,100.0,100.0,2.4583081799636344,33.176536560058594,55.345226711003335,62.069579555389744,44.181533388754175,47.46497260118039,64.67821233412799,59.257348502346524
361,Web Developer,0,14.285714285714285,100.0,100.0,0.9430975950467398,36.7043571472168,45.64711821133953,62.53402801744543,32.05889776417442,36.05543318981121,53.53606302597944,47.225252516772954
362,AI Engineer,0,25.0,100.0,100.0,2.201886315051902,47.0076789855957,51.13143479509714,65.20220737707253,38.91429349387143,42.50757034717311,59.76606099745807,51.859156408538574
362,Cloud Engineer,0,16.666666666666664,100.0,100.0,1.2494840019855058,37.746639251708984,46.682751821387505,62.84525921239104,33.35343977673438,37.273825672220596,54.70038731892903,48.25971286309548
362,Data Scientist,0,50.0,100.0,70.0,1.851985763237685,43.68620681762695,54.8307288871297,57.43189059558414,43.53841110891212,52.15379869074083,64.17991885016947,56.79740925233607
362,Software Engineer,1,42.857142857142854,100.0,100.0,2.8424178427790148,40.38288116455078,56.48379485109947,63.821222847845334,45.60474356387434,48.80446453070526,65.94992020550896,59.32513256049042
362,Web Developer,0,14.285714285714285,100.0,100.0,1.1003698885503854,45.80538558959961,47.0358633217225,64.67055895649615,33.79482915215313,37.68925096673236,55.142126868752875,47.25300645092066
363,AI Engineer,0,25.0,100.0,100.0,1.7529667982850206,47.69794845581055,51.167637288114335,65.2579035201759,38.95954661014292,42.550161515428634,59.887873256907746,51.77993531734442
363,Cloud Engineer,0,33.33333333333333,100.0,100.0,2.6106203756552318,49.342994689941406,54.45970892650616,65.8354496305223,43.074636158132705,46.42318697236019,63.60954808253868,55.36265849766465
363,Data Scientist,0,25.0,100.0,100.0,0.7797834678237553,38.82491683959961,49.6907050461135,62.98570007094384,37.11338130764188,40.81259417189825,58.322044148164636,51.60819708255713
363,Software Engineer,1,28.57142857142857,100.0,100.0,3.2757135703393265,39.94265365600586,51.48275508395178,63.81962320607966,39.35344385493973,42.92088833406092,59.98988005694221,53.51924357123635
363,Web Developer,0,0.0,100.0,100.0,0.12930148577133424,39.95856475830078,41.01317993661081,63.09719990247817,26.266474920763525,30.603741101895082,48.22798201617072,41.19928849748906
364,AI Engineer,0,25.0,60.0,100.0,1.7412311915732046,55.130577087402344,44.28077124184633,54.662724987455896,40.350964052307916,34.44796616687804,51.787748897776886,42.36609962204233
364,Cloud Engineer,0,33.33333333333333,60.0,100.0,2.5931430258089505,54.50936508178711,47.23204288280607,54.71596340944524,44.040053603507594,37.92005045036008,55.10949579874674,45.947809553574125
364,Data Scientist,0,25.0,60.0,70.0,0.7745630425951038,43.76543045043945,37.93099902395518,44.89384465223874,32.41374877994399,32.27176355759433,44.48801713831285,36.90139347810502
364,Software Engineer,1,14.285714285714285,100.0,100.0,0.7750348772170709,42.67868423461914,46.518057866775436,63.87393517965452,33.14757233346929,37.08006807855933,54.59035604140338,47.195594390097135
364,Web Developer,0,0.0,100.0,100.0,0.12843584964762078,38.3706169128418,40.77485791437341,62.73055063749756,25.96857239296677,30.323362252204017,47.94775592579562,41.199135738173105
365,AI Engineer,0,37.5,100.0,100.0,4.080033711036391,49.727745056152344,56.19616681507831,66.26333356165892,45.245208518847896,48.46607860597448,65.39313148049747,57.33765300782995
365,Cloud Engineer,0,33.33333333333333,100.0,100.0,1.717408167550133,37.84828186035156,52.60152017085192,62.97669769874655,40.7519002135649,44.23708255394344,61.58106934790518,55.205032813881395
365,Data Scientist,0,50.0,100.0,100.0,1.6759065613422435,41.298362731933594,58.94614039399137,63.76329291383288,48.68267549248922,51.70134163998985,69.0526522468118,62.060454099060394
365,Software Engineer,1,28.57142857142857,100.0,100.0,1.676927460475481,34.85924530029297,50.48042591411527,62.27757832940811,38.100532392644084,41.74167754601796,59.092807994169355,53.237104845966265
365,Web Developer,0,14.285714285714285,100.0,100.0,0.9957512377962864,35.16353988647461,45.42389366864064,62.190605644062515,31.77986708580079,35.79281608075368,53.26415409761317,47.234544336081704
366,AI Engineer,0,12.5,100.0,100.0,1.0662011062798713,50.20909118652344,47.06629384392049,65.67891360603153,33.832867304900624,37.72505158108293,55.18395726821002,46.51168254816704
366,Cloud Engineer,0,16.666666666666664,100.0,100.0,1.1264907126590356,37.09721374511719,46.56688900199976,62.66700872102528,33.20861125249971,37.1375164729409,54.585782817765775,48.238008164979036
366,Data Scientist,0,25.0,100.0,100.0,0.7203940685668077,39.180259704589844,49.735098065973496,63.053997024574606,37.168872582466875,40.86482125408647,58.38475171257468,51.59771660033532
366,Software Engineer,1,28.57142857142857,100.0,100.0,3.0262306444916947,37.80168151855469,51.124186824456956,63.26797972993378,38.905233530571195,42.499043322890536,59.61206144445083,53.47521717255736
366,Web Developer,0,14.285714285714285,100.0,100.0,0.9920546865521583,41.811649322509766,46.42055560135928,63.72393169439889,33.025694501699114,36.96535953101093,54.437349880442895,47.233892003509204
367,AI Engineer,0,37.5,8.333333333333332,100.0,4.673305111161453,47.59558868408203,37.632000735953184,37.7030780553126,44.956667586608155,26.625883218768458,43.4482411403282,35.873720509812806
367,Cloud Engineer,0,33.33333333333333,8.333333333333332,100.0,3.2667089798570985,45.1948356628418,35.60256502973816,36.82445902011,42.41987295383938,24.23831179969196,41.30889256795247,33.90981138860223
367,Data Scientist,0,50.0,8.333333333333332,100.0,2.6795083031718945,41.074806213378906,40.72981384414929,35.73817514484506,48.82893397185328,30.270369228410928,47.444573645498245,40.66893283781466
367,Software Engineer,1,57.14285714285714,12.5,100.0,4.221666034428473,41.383872985839844,44.340830853040245,37.447432081600375,52.30103856630031,34.51862453298852,51.420683468089386,44.86264694725208
367,Web Developer,0,14.285714285714285,12.5,100.0,0.9850430238839339,41.534637451171875,28.87795207125837,36.73531087885903,32.97244008907297,16.327002436774553,33.800230138442096,26.64441935715599
368,AI Engineer,0,12.5,8.333333333333332,100.0,1.2256073481110001,39.836647033691406,27.201004823937026,35.11693049836466,31.917922696587954,14.354123322278856,31.78489849614162,24.97118561045096
368,Cloud Engineer,0,0.0,8.333333333333332,100.0,1.0600752086322707,39.574493408203125,22.76185195919198,35.018233783372274,26.368981615656637,9.131590540225854,26.591577268114275,19.794915232895892
368,Data Scientist,0,25.0,8.333333333333332,70.0,0.9348666091589011,37.244850158691406,26.64362418184421,27.52865258745263,31.221196893971936,18.992499037463777,31.180463753494557,24.772819597694706
368,Software Engineer,1,28.57142857142857,12.5,100.0,1.710777641672489,36.24284362792969,33.19304319044033,35.68160490836973,38.36630398805041,21.40358022404744,38.74873711081112,32.654843113236325
368,Web Developer,0,14.285714285714285,12.5,100.0,0.8623866485951605,46.42795181274414,29.593550769200895,37.836231952616764,33.86693846150112,17.168883257883405,34.66375620224896,26.62277411445797
369,AI Engineer,0,37.5,100.0,100.0,2.522044222538342,51.466487884521484,56.22327981605898,66.30504587085996,45.27909977007373,48.49797625418703,65.69996845020968,57.0627136863303
369,Cloud Engineer,0,50.0,100.0,100.0,3.3702177618527394,54.264686584472656,61.14523565194881,67.14651638761354,51.43154456493602,54.288512531704484,71.34082704431871,62.35945019326813
369,Data Scientist,0,25.0,100.0,70.0,0.7253308961624312,39.71900939941406,45.316651044336474,56.256386222056115,31.645813805420595,40.9607659345135,53.18570754107307,46.304470158146316
369,Software Engineer,1,42.857142857142854,100.0,100.0,2.5452976474246958,44.299922943115234,57.02678308858099,64.65658936704767,46.28347886072624,49.443274221859994,66.64116287231445,59.27269958483966
369,Web Developer,0,0.0,100.0,100.0,0.12027231458419825,40.355072021484375,41.071301650410284,63.18661792370813,26.339127063012857,30.672119588717987,48.297953886144306,41.19769511433839
370,AI Engineer,0,25.0,8.333333333333332,100.0,2.1557021185432412,52.8050537109375,33.66078004108878,38.32427698629043,39.99264171802764,21.95385887186915,39.220499674479164,30.282378805233122
370,Cloud Engineer,0,33.33333333333333,8.333333333333332,100.0,2.2775988521258705,45.61185836791992,35.5167519163402,36.692438845651594,42.31260656209192,24.13735519569435,41.38248481002508,33.73526254253201
370,Data Scientist,0,25.0,8.333333333333332,100.0,0.7957256698808144,33.47834396362305,30.557777111692243,33.55042632568038,36.11388805628198,18.303267190226173,35.80990383671779,30.042382961351514
370,Software Engineer,1,42.857142857142854,12.5,100.0,4.353607141148401,38.18623352050781,38.880976099248436,36.73996322961297,45.476220124060546,28.095265999115803,44.97404120950139,39.003577730790894
370,Web Developer,0,0.0,12.5,100.0,0.1319449765575617,28.09055519104004,21.73337502513964,33.43596157713791,24.041718781424553,7.921617676634871,25.545392092536478,20.61151970174545
371,AI Engineer,0,37.5,100.0,100.0,2.5848251671907336,49.69473648071289,55.96693424718555,65.91066807259315,44.95866780898193,48.196393231983,65.38730643777286,57.07379267656307
371,Cloud Engineer,0,50.0,100.0,100.0,3.454112188795195,53.544952392578125,61.049859687205995,66.99978413416306,51.3123246090075,54.176305514359996,71.21381512810203,62.37425509214033
371,Data Scientist,0,25.0,100.0,100.0,0.7433864712549298,33.842010498046875,48.93780954539527,61.8273993006081,36.172261931744096,39.92683475928855,57.44270773494945,51.60177408316263
371,Software Engineer,1,28.57142857142857,100.0,100.0,1.688268965299285,37.201904296875,50.83352598932614,62.8208092143479,38.54190748665768,42.15708939920722,59.506218405330884,53.23910628799399
371,Web Developer,0,0.0,100.0,100.0,0.1232662389006902,32.48490905761719,39.89122629447768,61.37111737611951,24.864032868097105,29.283795640561976,46.90910159840303,41.19822345392365
372,AI Engineer,0,12.5,8.333333333333332,100.0,1.82530629225435,58.511077880859375,30.09212429263372,39.56480660405189,35.53182203245882,17.75544034427497,35.080386292700666,25.07701483588802
372,Cloud Engineer,0,16.666666666666664,8.333333333333332,100.0,2.535419370333224,50.09151840209961,30.394040665864928,37.78570358851014,35.909217498997826,18.110636077488145,35.3102679533117,26.918015182999984
372,Data Scientist,0,25.0,8.333333333333332,70.0,1.8837258147380944,47.10397720336914,28.26482211938275,30.022803260588844,33.24769431589511,20.899790728685588,32.920309702555336,24.94026533985574
372,Software Engineer,1,14.285714285714285,12.5,100.0,1.60957676559771,43.55454635620117,29.274618468269832,37.34556687426128,33.468273085337295,16.793668786199802,34.156684651094324,26.754631193929008
372,Web Developer,0,14.285714285714285,12.5,100.0,1.068295475652999,43.85448455810547,29.23841700506377,37.289872315482725,33.42302125632972,16.75107882948679,34.209614922018616,26.659110966291706
373,AI Engineer,0,25.0,100.0,100.0,2.6685557134942495,49.68240737915039,51.602644463896695,65.92714532907183,39.50330557987087,43.061934663407875,60.238071890438306,51.941509831793105
373,Cloud Engineer,0,16.666666666666664,100.0,100.0,2.400101643645608,48.678653717041016,48.49514663743632,65.63355892938921,35.61893329679541,39.406054867572145,56.62956634222292,48.462763035153145
373,Data Scientist,0,25.0,100.0,100.0,2.1664934426848115,47.66435623168945,51.22462745115614,65.34558069408637,39.030784313945176,42.61720876606605,59.881945217356964,51.852910607532614
373,Software Engineer,1,28.57142857142857,100.0,100.0,2.8228814336870385,40.25010299682617,51.46094766457698,63.78607333011843,39.32618458072123,42.895232546561154,60.044135822969324,53.439332017709475
373,Web Developer,0,0.0,100.0,100.0,0.12298250985714032,35.23504638671875,40.30370433448638,62.0056989761329,25.379630418107983,29.769063922925156,47.39441995059743,41.198173384092435
374,AI Engineer,0,50.0,100.0,100.0,3.618002347533998,51.02678680419922,60.69671837275998,66.45648980424612,50.87089796594998,53.760845144423506,70.76943296544692,62.40317688485894
374,Cloud Engineer,0,50.0,100.0,100.0,3.4589543223944816,49.987327575683594,60.51694228471171,66.17991120724878,50.64617785588964,53.54934386436672,70.58599898394417,62.375109586304916
374,Data Scientist,0,50.0,100.0,100.0,2.409152357333608,41.35087585449219,59.064004231773865,63.94462189503671,48.830005289717334,51.84000497855749,69.0619192684398,62.18985041600005
374,Software Engineer,1,42.857142857142854,100.0,100.0,2.9994491802837,40.85111618041992,56.57758480410554,63.96551508323929,45.72198100513193,48.91480565188888,66.03254991419175,59.35284397299124
374,Web Developer,0,14.285714285714285,100.0,100.0,0.8856545509695948,39.19080352783203,46.01146871182024,63.09456724895422,32.5143358897753,36.48408083743558,53.97484768138212,47.215115508994636
375,AI Engineer,0,25.0,60.0,100.0,2.376549798008122,59.69822311401367,45.06121593680327,55.86340913354349,41.32651992100409,35.36613639623914,52.59380407894359,42.47821467023673
375,Cloud Engineer,0,33.33333333333333,60.0,100.0,3.6753707072582382,61.350486755371094,48.420545286061056,56.54442864522215,45.52568160757633,39.31828857183655,56.31675256467332,46.138790909124
375,Data Scientist,0,25.0,60.0,100.0,1.6110598842047388,46.902679443359375,43.02706089913462,52.73393984482249,38.783826123918274,32.973012822511315,50.335766960592835,42.34312821485966
375,Software Engineer,1,42.857142857142854,100.0,100.0,4.3427142122178655,49.48008346557617,58.0734196516691,66.2667994641063,47.59177456458639,50.674611354904826,67.55530884686638,59.58989074333256
375,Web Developer,0,0.0,100.0,100.0,0.11001436351205232,43.5584831237793,41.5502746230937,63.923499420144154,26.93784327886713,31.235617203639652,48.86326172772576,41.195884887678595
376,AI Engineer,0,25.0,60.0,100.0,2.8023249936386905,59.20487594604492,45.051080140952536,55.84781560146545,41.313850176190684,35.3542119305324,52.50674281400793,42.553351469465646
376,Cloud Engineer,0,33.33333333333333,60.0,100.0,3.5642519184693437,59.610599517822266,48.142894382110406,56.117273408374984,45.17861797763801,38.991640449541656,56.00971364040001,46.11918171110243
376,Data Scientist,0,25.0,60.0,100.0,1.873070796743971,56.66686248779297,44.53098999268054,55.04767691181621,40.66373749085068,34.74234116785946,52.05885808608111,42.38936543471953
376,Software Engineer,1,28.57142857142857,100.0,100.0,4.069000912071758,53.88768768310547,53.693503289276585,67.22077429119474,42.116879111595736,45.52176857561951,62.450768414665674,53.65923545507149
376,Web Developer,0,0.0,100.0,100.0,0.12790628923053324,47.67756652832031,42.17082092263262,64.87818603481942,27.713526153290783,31.965671673685446,49.59015879911535,41.1990422863348
377,AI Engineer,0,37.5,60.0,100.0,3.597463381721212,42.489192962646484,47.037998451655156,52.173843771777165,43.79749806456895,37.69176288430018,54.703975228702326,47.84072883206845
377,Cloud Engineer,0,33.33333333333333,60.0,100.0,2.3017470153748327,41.89616394042969,45.29635331003734,51.7379794513395,41.620441637546676,35.64276860004394,52.883636773801314,45.8963867282034
377,Data Scientist,0,50.0,60.0,100.0,1.6195211474303732,34.49485778808594,49.91715684032744,49.87254898511915,47.39644605040931,41.07900804744406,58.44026902142693,52.63873902601712
377,Software Engineer,1,57.14285714285714,100.0,100.0,4.744364569630833,32.62939453125,60.60606386513213,62.470867484818655,50.757579831415164,53.65419278250839,70.46401079963235,65.54312315934662
377,Web Developer,0,0.0,100.0,100.0,0.11586484475326708,28.511964797973633,39.29417444640903,60.452576071398504,24.117718058011295,28.581381701657687,46.2079937878777,41.196917325544696
378,AI Engineer,0,12.5,100.0,100.0,0.6840569309844586,40.4881591796875,45.55083241660079,63.34743448707814,31.938540520750994,35.94215578423623,53.46849867876838,46.44424534076197
378,Cloud Engineer,0,16.666666666666664,100.0,100.0,1.432514493876436,43.846282958984375,47.62515295126245,64.29510710450634,34.53144118907807,38.38253288383818,55.77679503197763,48.29201236166446
378,Data Scientist,0,0.0,100.0,100.0,0.12776492312508173,26.624059677124023,39.01277369003736,60.01965183082671,23.765967112546708,28.250321988279257,45.874834060668945,41.19901733937501
378,Software Engineer,1,14.285714285714285,100.0,100.0,1.031241647068482,28.776077270507812,44.47109783763644,60.72476590405606,30.588872297045555,34.67187980898405,52.13695481244256,47.24080734948267
378,Web Developer,0,0.0,100.0,100.0,0.12099085047684291,29.61382484436035,39.46022235422558,60.70803439111627,24.325277942781977,28.776732181441858,46.402439678416535,41.19782191479003
379,AI Engineer,0,37.5,100.0,100.0,5.22364667949849,55.540287017822266,57.23959005459811,67.8686000839971,46.54948756824764,49.69363535835072,66.4188741796157,57.53946706108797
379,Cloud Engineer,0,33.33333333333333,100.0,100.0,3.7871286770223183,54.37287139892578,55.39066667805888,67.2676923252188,44.2383333475736,47.51843138595162,64.49717338412415,55.570277609670605
379,Data Scientist,0,50.0,100.0,100.0,2.7773992440065127,47.43543243408203,60.031924751713284,65.4337303872512,50.039905939641606,52.97873500201563,70.13566454719094,62.25483516070704
379,Software Engineer,1,42.857142857142854,100.0,100.0,3.4579248839936745,44.898380279541016,57.253445774530206,65.00530119158493,46.566807218162765,49.709936205329655,66.74677299050724,59.43375145011653
379,Web Developer,0,0.0,100.0,100.0,0.12294260541899268,35.99031066894531,40.41698799115464,62.17998152485329,25.52123498894331,29.902338813123112,47.52770188275505,41.19816634213276
380,AI Engineer,0,37.5,8.333333333333332,100.0,2.1723442515077807,46.882965087890625,37.14996306757642,36.96148164242528,44.3541205011372,26.058780079501677,43.322484035117945,35.432374475756276
380,Cloud Engineer,0,50.0,8.333333333333332,100.0,3.007851391687124,49.79133987426758,42.08654535655988,37.8254543947075,50.52484836236652,31.86652394889397,48.98278546800801,40.726875735787935
380,Data Scientist,0,25.0,8.333333333333332,70.0,0.7326378523152145,31.246829986572266,25.713586842499787,26.097825911538134,30.058650219791406,17.898337461764456,30.121989605473534,24.73713217001641
380,Software Engineer,1,42.857142857142854,12.5,100.0,4.008438468741235,36.06283187866211,38.5106905521105,36.170293157093084,45.013363190138136,27.659635943659417,44.59932327270508,38.94266561213081
380,Web Developer,0,0.0,12.5,100.0,0.12148393335531384,31.49428367614746,22.242365141425417,34.21902329450064,24.677956426781773,8.52042957814755,26.146050060496613,20.609673635297998
381,AI Engineer,0,37.5,60.0,100.0,2.574526114210669,49.7352409362793,47.971465057573496,53.60994624242076,44.964331321966874,38.78995889126294,55.98268957699047,47.66021049074306
381,Cloud Engineer,0,33.33333333333333,60.0,100.0,1.7353835088195257,37.75977325439453,44.59094018114877,50.65272848381863,40.73867522643597,34.8128708013515,52.1536854762657,45.79644022704658
381,Data Scientist,0,50.0,60.0,100.0,1.6934475239071969,43.097496032714844,51.218641533493305,51.874833128451236,49.023301916866636,42.610166509992126,59.95838165283203,52.651784857160095
381,Software Engineer,1,28.57142857142857,100.0,100.0,1.69447910833393,35.54935073852539,50.5865744770289,62.44088381081369,38.23321809628612,41.86655820826929,59.214591306798596,53.240202195588346
381,Web Developer,0,14.285714285714285,100.0,100.0,1.0061733195454032,35.19903564453125,45.430781344611496,62.201202068633066,31.788476680764372,35.800919228954704,53.27041805491728,47.2363835269786
382,AI Engineer,0,37.5,100.0,100.0,3.394527620328855,47.386966705322266,55.74222414884767,65.56496022899641,44.67778018605959,47.932028410409025,64.98005294799805,57.21668134476392
382,Cloud Engineer,0,33.33333333333333,100.0,100.0,3.1888648557114427,47.44176483154297,54.26126111975483,65.53014531244332,42.826576399693536,46.189718964417445,63.2740369310566,55.46470164120398
382,Data Scientist,0,25.0,100.0,100.0,2.0541761129768052,37.54357147216797,49.68966213777172,62.984095596571876,37.112077672214646,40.811367220907904,58.09592437744141,51.83308990229003
382,Software Engineer,1,42.857142857142854,100.0,100.0,3.5699415564429127,36.48670196533203,56.00849652826624,63.08999465887114,45.010620660332805,48.245290033254406,65.26235917035271,59.45351909819581
382,Web Developer,0,0.0,100.0,100.0,0.11660673837507907,28.178483963012695,39.24426360520816,60.37579016185871,24.05532950651021,28.522663064950788,46.14914422876694,41.197048247948544
383,AI Engineer,0,37.5,100.0,100.0,2.9479031668231284,51.98964309692383,56.36563193956204,66.52404913778776,45.45703992445256,48.665449340661226,65.79228995828068,57.1378652647335
383,Cloud Engineer,0,33.33333333333333,100.0,100.0,5.07031933780662,56.188846588134766,55.85554155555787,67.982884444448,44.81942694444734,48.065343006538676,64.81763959398457,55.796723020397245
383,Data Scientist,0,50.0,100.0,100.0,4.17975812071256,50.24189758300781,60.66324835555805,66.40499747008931,50.82906044444757,53.72146865359771,70.63092310288374,62.50231025659634
383,Software Engineer,1,28.57142857142857,100.0,100.0,3.944358870633788,43.32196807861328,52.08994904238706,64.75376775751856,40.11243630298383,43.63523416751419,60.58622966093176,53.63723980070009
383,Web Developer,0,0.0,100.0,100.0,0.11118135241294005,39.00295639038086,40.86712066141907,62.87249332526011,26.08390082677384,30.431906660493027,48.05934524536133,41.1960908268964
384,AI Engineer,0,25.0,60.0,100.0,2.4293695206531627,50.52531814575195,43.693203149960766,53.758774076862714,39.61650393745096,33.75670958818914,50.97505614336799,42.48753579776233
384,Cloud Engineer,0,33.33333333333333,60.0,100.0,3.1018904379364005,49.37932586669922,46.53884911236201,53.64951145491591,43.17356139045251,37.10452836748471,54.20419476079005,46.037588508655446
384,Data Scientist,0,0.0,60.0,70.0,1.0967576139417214,35.40891647338867,27.97585111309956,43.03977094323009,19.96981389137445,20.559824838940656,32.71922055412741,26.664133696577952
384,Software Engineer,1,28.57142857142857,100.0,100.0,2.570632350284031,39.993019104003906,51.38454771814319,63.66853495098952,39.23068464767899,42.805350256639045,59.99876807717716,53.394817473579536
384,Web Developer,0,14.285714285714285,100.0,100.0,0.941997999606369,39.07380294799805,46.00237014214066,63.08056944944717,32.50296267767583,36.47337663781254,53.95420052023495,47.225058470518775
385,AI Engineer,0,37.5,100.0,100.0,4.029738219741331,49.60769271850586,56.17061464073708,66.22402252421088,45.21326830092135,48.436017224396565,65.37194577385398,57.328777332895534
385,Cloud Engineer,0,33.33333333333333,100.0,100.0,2.0256694544609357,44.72287368774414,53.67894813799742,64.63427918666271,42.09868517249678,45.50464486823226,62.794232611562684,55.25943186451271
385,Data Scientist,0,25.0,100.0,70.0,1.068539402064961,39.79684829711914,45.379808154877615,56.353551007504024,31.72476019359702,41.035068417503076,53.19944381713867,46.36503636507029
385,Software Engineer,1,42.857142857142854,100.0,100.0,2.864747580386769,39.427852630615234,56.343890031650304,63.60598466407739,45.42986253956288,48.63987062547095,65.78138575834387,59.3290731024212
385,Web Developer,0,0.0,100.0,100.0,0.11868803077293753,30.40391731262207,39.57839080150925,60.889832002321924,24.472988501886565,28.91575388412853,46.54186776105096,41.19741553484228
386,AI Engineer,0,37.5,100.0,100.0,3.7931005266226796,42.58774948120117,55.082127501173574,64.54942692488243,43.852659376466974,47.155444119027734,64.13313226138844,57.28701773999224
386,Cloud Engineer,0,33.33333333333333,100.0,100.0,2.0751938273805712,43.348838806152344,53.4802715616966,64.32862291543066,41.85033945212075,45.270907719643056,62.55175586775237,55.26817145973382
386,Data Scientist,0,50.0,100.0,100.0,1.7135278954520023,39.54275131225586,58.68844188115618,63.366833663317195,48.36055235144523,51.398166919007274,68.74283846686868,62.067093158020946
386,Software Engineer,1,42.857142857142854,100.0,100.0,2.6299134479400714,36.76227951049805,55.90882894376572,62.93665991348572,44.886036179707155,48.12803405148908,65.3109905018526,59.2876317849306
386,Web Developer,0,14.285714285714285,100.0,100.0,1.0181042083445586,43.63421630859375,46.69784807754074,64.15053550390883,33.372310096925936,37.29158597357735,54.758979348575366,47.238488977943156
387,AI Engineer,0,12.5,60.0,100.0,1.2351163933499576,50.733280181884766,39.170259486285204,53.531168440438776,33.96282435785651,28.435599395629655,45.86469650268555,37.12972642235587
387,Cloud Engineer,0,16.666666666666664,60.0,100.0,1.933800835226709,50.80430603027344,40.74404936315835,53.7087938920385,35.93006170394794,30.287116897833357,47.5929167504404,38.96870995131451
387,Data Scientist,0,0.0,60.0,70.0,0.11319632294322346,31.03809928894043,27.172694341782545,41.80414514120391,18.96586792722819,19.614934519744175,31.9478998745189,26.490564056989978
387,Software Engineer,1,14.285714285714285,100.0,100.0,0.9345593337680121,35.921878814697266,45.52846572226979,62.35148572656891,31.910582152837243,35.915842026199755,53.397978614358344,47.22374576478259
387,Web Developer,0,14.285714285714285,100.0,100.0,0.8902443046926309,39.152706146240234,46.00644256763993,63.086834719446045,32.508053209549914,36.47816772663521,53.9681246140424,47.21592546553399
388,AI Engineer,0,37.5,100.0,100.0,3.319063253758514,55.54365539550781,56.95440779738995,67.4298581498307,46.19300974673744,49.358126820458764,66.41946859920726,57.20336410360444
388,Cloud Engineer,0,50.0,100.0,100.0,4.0408049323369255,50.814048767089844,60.72822805491401,66.50496623832925,50.91028506864252,53.79791535872237,70.7318909588982,62.47778910570652
388,Data Scientist,0,25.0,100.0,100.0,1.6576483528775208,40.18880844116211,50.02696851910594,63.503028490932216,37.53371064888243,41.208198257771706,58.56273090138155,51.76311441521368
388,Software Engineer,1,28.57142857142857,100.0,100.0,2.2836741207574183,40.149925231933594,51.36503990290365,63.63852292754408,39.206299878629565,42.782399885769,60.026457393870636,53.34417778601601
388,Web Developer,0,14.285714285714285,100.0,100.0,0.9400827985408873,36.88917541503906,45.674388732036995,62.575982664672296,32.09298591504625,36.08751615533764,53.56867801441866,47.22472049386016
389,AI Engineer,0,25.0,100.0,100.0,2.381659623775227,50.86835479736328,51.737502163170774,66.13461871257041,39.67187770396347,43.220590780200915,60.44735672894646,51.890881110077984
389,Cloud Engineer,0,33.33333333333333,100.0,100.0,3.0409730387254266,50.29116439819336,54.666487282204486,66.15357017775048,43.333109102755614,46.666455626122925,63.77687214870078,55.43860308526527
389,Data Scientist,0,0.0,100.0,100.0,1.075218612889637,30.583328247070312,39.74878202899399,61.15197235229845,24.685977536242493,29.11621415175764,46.57352851418888,41.36621504933347
389,Software Engineer,1,14.285714285714285,100.0,100.0,1.689863342633181,34.455509185791016,45.42180587926363,62.18739366040558,31.77725734907954,35.79035985795721,53.139207503374884,47.3570347075235
389,Web Developer,0,14.285714285714285,100.0,100.0,0.9234982913329408,32.9824333190918,45.08588974156371,61.67059960240571,31.35736217695464,35.395164401839665,52.879252938663264,47.221793816117575
390,AI Engineer,0,37.5,60.0,100.0,3.318802307925907,55.08100891113281,48.88497168285881,55.015341050552,46.10621460357351,39.86467256806918,56.92606039608226,47.79155334845752
390,Cloud Engineer,0,33.33333333333333,60.0,100.0,3.124177632950691,48.64788055419922,46.43247539473915,53.485859581649976,43.04059424342394,36.97938281734018,54.075116176231234,46.04152154306973
390,Data Scientist,0,50.0,60.0,100.0,2.5327663450983753,52.69266891479492,52.78381528898399,54.282792752283065,50.97976911122999,44.4515473988047,61.65164745555205,52.799899943252655
390,Software Engineer,1,42.857142857142854,100.0,100.0,3.131485315246906,44.330467224121094,57.1192928809052,64.79891212446954,46.399116101131504,49.55210927165318,66.64655303955078,59.376144467396514
390,Web Developer,0,0.0,100.0,100.0,0.11211383961304328,35.25996398925781,40.30581167433063,62.00894103743173,25.382264592913288,29.77154314627133,47.39881717457491,41.19625538346113
391,AI Engineer,0,37.5,8.333333333333332,100.0,2.4574618264852557,35.7194938659668,35.518210020534475,34.451092339283804,42.314429192334764,24.1390706123935,41.352459701837276,35.48268934192877
391,Cloud Engineer,0,33.33333333333333,8.333333333333332,100.0,2.331056282551279,36.896270751953125,34.21743238850899,34.693485725911266,40.68845715230291,22.608743986481166,39.844439936619175,33.744696206724726
391,Data Scientist,0,50.0,8.333333333333332,100.0,1.6401432999479517,27.36101722717285,38.51684074573479,32.333601147284284,46.06271759883515,27.66687146557034,45.024493236167764,40.48551548430455
391,Software Engineer,1,57.14285714285714,12.5,100.0,3.4163093117826517,29.266008377075195,42.402347653328675,34.46515023589027,49.87793456666085,32.238056062739616,49.28223677242504,44.72052517266752
391,Web Developer,0,14.285714285714285,12.5,100.0,0.9745022537404708,37.18640899658203,28.224136687548373,35.72944105776673,32.15517085943547,15.55780786770397,33.03289570527918,26.64255922124832
392,AI Engineer,0,25.0,100.0,100.0,4.243570197909555,53.84178924560547,52.46280391652725,67.25046756388808,40.578504895659066,44.07388696062029,60.972080455106855,52.21945356433698
392,Cloud Engineer,0,16.666666666666664,100.0,100.0,2.7550581577011513,49.92508316040039,48.735354531048564,66.00310953494652,35.91919316381071,39.6886523894689,56.849524479286345,48.52540241998648
392,Data Scientist,0,25.0,100.0,100.0,2.161506715893201,41.07330322265625,50.235221490782415,63.82341767812679,37.794026863478024,41.45320175386168,58.718818215762866,51.852030596922326
392,Software Engineer,1,28.57142857142857,100.0,100.0,2.840314498805813,39.07044982910156,51.286614649186106,63.51786869105555,39.10826831148263,42.69013488139542,59.83596173454733,53.442408440965735
392,Web Developer,0,14.285714285714285,100.0,100.0,1.0190102565033343,39.41802978515625,46.06555600624894,63.177778471152216,32.58194500781117,36.54771294852816,54.014946432674634,47.23864886879471
393,AI Engineer,0,25.0,100.0,100.0,2.705335903869282,54.18223190307617,52.28313517104182,66.97405410929511,40.35391896380228,43.86251196593155,61.03215857113109,51.94800045362399
393,Cloud Engineer,0,16.666666666666664,100.0,100.0,2.5236822830453964,56.04108428955078,49.61804831922275,67.36109997829142,37.02256039902845,40.727115669673836,57.92881879619523,48.484571383282514
393,Data Scientist,0,25.0,100.0,70.0,1.728800678704559,48.91353225708008,46.846349940367695,58.60976913902722,33.55793742545962,42.76041169455023,54.808270398308245,46.48155306094787
393,Software Engineer,1,42.857142857142854,100.0,100.0,3.0044733490598254,50.92434310913086,58.089322468728604,66.29126533650555,47.61165308591076,50.69332055144542,67.81017819572898,59.35373059101056
393,Web Developer,0,0.0,100.0,100.0,0.09813657513144194,42.42115020751953,41.377893017397646,63.65829694984253,26.72236627174706,31.032815314585466,48.662555918974036,41.19378880737614
394,AI Engineer,0,25.0,100.0,100.0,1.8799292140268937,44.62592697143555,50.72587842781937,64.57827450433749,38.40734803477421,42.03044520919926,59.34575181848862,51.802340449534164
394,Cloud Engineer,0,33.33333333333333,100.0,100.0,2.6689440935069935,44.06221008300781,53.67633979314388,64.63026634842649,42.095424741429866,45.5015762272281,62.67764491660922,55.37295091846202
394,Data Scientist,0,0.0,100.0,100.0,0.12289308230548628,25.777238845825195,38.885019789219605,59.82310736803016,23.606274736524504,28.10002328143483,45.72539509043974,41.19815760275979
394,Software Engineer,1,14.285714285714285,100.0,100.0,1.0146166778025036,29.12957000732422,44.52162800276901,60.80250461964464,30.65203500346126,34.731327062081185,52.19933588364545,47.23787353137691
394,Web Developer,0,14.285714285714285,100.0,100.0,0.9665054814850897,33.60083770751953,45.18510147835069,61.82323304361644,31.48137684793837,35.51188409217729,52.988383124856384,47.22938332026207
395,AI Engineer,0,12.5,100.0,100.0,1.5538355247096898,47.724735260009766,46.76678561770792,65.21813171955064,33.4584820221349,37.37268896200931,54.74554151647231,46.59773568083113
395,Cloud Engineer,0,0.0,100.0,100.0,0.5716672500442794,41.29189682006836,41.27953461051689,63.50697632387214,26.59941826314612,30.917099541784587,48.46327590942383,41.27735304412546
395,Data Scientist,0,25.0,100.0,70.0,1.1852319182117277,45.437355041503906,46.243388043957346,57.682135452242065,32.80423505494669,42.05104475759688,54.1948273602654,46.38562916203737
395,Software Engineer,1,28.57142857142857,100.0,100.0,2.1689385908194025,40.45852279663086,51.39411920811754,63.68326032018082,39.24264901014693,42.81661083307946,60.08091578764074,53.32393033955636
395,Web Developer,0,0.0,100.0,100.0,0.13164965382645685,35.76478958129883,40.384465885268796,62.12994751579814,25.48058235658599,29.864077512080932,47.48790404375862,41.199702880087024
396,AI Engineer,0,50.0,8.333333333333332,100.0,5.3679238494390455,51.612281799316406,42.71369751397999,38.79030386766152,51.30878855914165,32.60435001644704,49.30412816066369,41.143359110685324
396,Cloud Engineer,0,50.0,8.333333333333332,100.0,4.402046845287361,56.17487335205078,43.253204696267396,39.62031491733444,51.98317253700091,33.23906434854987,50.10929137585211,40.97291022759974
396,Data Scientist,0,50.0,8.333333333333332,100.0,2.5964150445816276,43.35813903808594,41.05984977906681,36.24592273702585,49.241478890500176,30.658646798902122,47.84751473221125,40.65426932159284
396,Software Engineer,1,42.857142857142854,12.5,100.0,3.2325954618187778,42.28334045410156,39.32739038738805,37.42675444213546,46.03423798423507,28.62045927928006,45.69706008013557,38.80575214032096
396,Web Developer,0,0.0,12.5,100.0,0.11493127285131027,35.25523376464844,22.805524755624962,35.08542270096148,25.381905944531205,9.18297030073525,26.80974713493796,20.60851728344435
397,AI Engineer,0,50.0,8.333333333333332,100.0,3.0309227839948893,40.79726028442383,40.74089412692948,35.755221733737656,48.842784325328516,30.28340485521115,47.39559495215323,40.73094715795989
397,Cloud Engineer,0,50.0,8.333333333333332,100.0,2.9342921037271936,42.37038040161133,40.962367542467454,36.095950065334534,49.119626094750984,30.543961814667586,47.67320438459809,40.71389468497148
397,Data Scientist,0,50.0,8.333333333333332,70.0,3.4345893718480474,31.237215042114258,34.867437328761014,26.71913435194002,41.50096332761793,28.667573327954134,40.414410497628005,35.50806479111044
397,Software Engineer,1,42.857142857142854,12.5,100.0,4.3446929565988155,31.860361099243164,37.930758108376295,35.278089397501994,44.288447635470376,26.9773624804427,43.857710782219385,39.00200463939979
397,Web Developer,0,14.285714285714285,12.5,100.0,0.9842418048658165,36.79002380371094,28.166139841286512,35.64021514044079,32.08267480160814,15.489576283866485,32.96294537712546,26.644277965564555
398,AI Engineer,0,25.0,100.0,100.0,2.5947556859874576,53.2618522644043,52.12849119255876,66.73614029624424,40.16061399069846,43.680577873598544,60.86973863489488,51.9284862975272
398,Cloud Engineer,0,33.33333333333333,100.0,100.0,3.3081880120088294,55.010223388671875,55.41442837676877,67.30424878477247,44.26803547096097,47.546386325610314,64.60964726466759,55.48575866878587
398,Data Scientist,0,25.0,100.0,100.0,1.7589813596627417,40.24803161621094,50.05105194638105,63.54007991750931,37.563814932976314,41.23653170162477,58.57318204991958,51.78099671052872
398,Software Engineer,1,42.857142857142854,100.0,100.0,3.3201391604023636,45.56269836425781,57.33242562869902,65.12680865953695,46.66553203587379,49.80285368082238,66.86400559369255,59.40943632242394
398,Web Developer,0,0.0,100.0,100.0,0.1201154697042091,38.06377029418945,40.72758286458405,62.65781979166777,25.909478580730067,30.267744546569467,47.89360652250402,41.19766743583016
399,AI Engineer,0,37.5,60.0,100.0,3.822152599615789,50.365577697753906,48.25315954460545,54.04332237631608,45.31644943075682,39.12136417012406,56.09392547607422,47.880379870520436
399,Cloud Engineer,0,33.33333333333333,60.0,100.0,1.921320281650243,43.64710998535156,45.50193120671693,52.054253138538876,41.877414008396165,35.88462494907875,53.19262725231694,45.82925259872259
399,Data Scientist,0,25.0,60.0,100.0,1.0134952770348074,38.44090270996094,41.668159698049365,50.643322612383635,37.0851996225617,31.374305527116896,48.84251224293429,42.23767563712379
399,Software Engineer,1,28.57142857142857,100.0,100.0,1.876621551495202,36.37326431274414,50.7374828796359,62.673050584055225,38.42185359954488,42.044097505454,59.35998781989602,53.27234497967562
399,Web Developer,0,14.285714285714285,100.0,100.0,0.9349192566792291,36.401512145996094,45.6004647104013,62.46225340061738,32.00058088800162,36.000546718119175,53.4826197904699,47.22380928059046
400,AI Engineer,0,25.0,100.0,100.0,2.0865893698888307,55.81542205810547,52.43530171419914,67.20815648338329,40.54412714274893,44.04153142846958,61.320368598489196,51.838809888803915
400,Cloud Engineer,0,33.33333333333333,100.0,100.0,2.953799733871093,55.50612258911133,55.43565501511402,67.33690515145749,44.29456876889253,47.57135884131062,64.69715888827454,55.42321956087921
400,Data Scientist,0,25.0,100.0,100.0,0.770214358393354,39.44200134277344,49.78183235517502,63.12589593103849,37.227290443968776,40.91980277079414,58.43094141343061,51.60650841618707
400,Software Engineer,1,28.57142857142857,100.0,100.0,1.7491964787955874,40.041160583496094,51.26855355934375,63.49008239899038,39.08569194917969,42.668886540404415,60.007263632381665,53.249858202140395
400,Web Developer,0,0.0,100.0,100.0,0.12771476315164026,35.0749626159668,40.28040160686777,61.96984862595041,25.350502008584705,29.74164894925619,47.36616987340591,41.199008487615
401,AI Engineer,0,37.5,100.0,100.0,3.309041888585963,55.501983642578125,56.94665382967462,67.41792896873018,46.183317287093274,49.34900450549955,66.41211476045497,57.20159562739752
401,Cloud Engineer,0,50.0,100.0,100.0,4.028604386965537,52.92144012451172,61.04250667672159,66.9884718103409,51.30313334590199,54.1676549137901,71.10378355138442,62.47563606828804
401,Data Scientist,0,25.0,100.0,100.0,1.6526433565271041,41.66069793701172,50.24700119403083,63.84154029850897,37.80875149253853,41.467060228271556,58.82247610653148,51.76223118056361
401,Software Engineer,1,42.857142857142854,100.0,100.0,4.454805102207871,43.06312942504883,57.1276901790885,64.81183104475154,46.40961272386063,49.56198844598648,66.42290519265568,59.60967148862492
401,Web Developer,0,0.0,100.0,100.0,0.1128539719493416,33.57435607910156,40.05308150765764,61.62012539639636,25.06635188457205,29.474213538420752,47.10135695513557,41.19638599504989
402,AI Engineer,0,12.5,100.0,100.0,1.1538441448175258,45.792964935302734,46.41702136201804,64.68003286464314,33.021276702522556,36.96120160237417,54.40464087093578,46.527148966732504
402,Cloud Engineer,0,16.666666666666664,100.0,100.0,1.2190896307809327,40.40012741088867,47.07621588958377,63.450588548077604,33.845269861979716,37.73672457598091,55.16864993525486,48.25434915052997
402,Data Scientist,0,0.0,100.0,100.0,0.13938638428903172,36.8287467956543,40.5452199769915,62.37726150306384,25.681524971239373,30.05319997293118,47.67566119923311,41.201068185462766
402,Software Engineer,1,14.285714285714285,100.0,100.0,1.1250430947500283,37.92399597167969,45.85735585996446,62.85747055379147,32.32169482495557,36.302771599958184,53.751293406767005,47.25736054613236
402,Web Developer,0,14.285714285714285,100.0,100.0,1.0962187775944665,44.205326080322266,46.79523172868751,64.3003565056731,33.49403966085939,37.40615497492649,54.85976342593923,47.25227390192844
403,AI Engineer,0,25.0,100.0,100.0,2.5752123731244505,49.02815246582031,51.49050472584172,65.7546226551411,39.36313090730215,42.930005559813786,60.12261514102712,51.925037477610196
403,Cloud Engineer,0,33.33333333333333,100.0,100.0,3.9826054261869213,51.054161071777344,54.922181641361306,66.54694611491482,43.65272705170164,46.967272519248596,63.911518620509725,55.604773506582
403,Data Scientist,0,25.0,100.0,70.0,1.7457329743840315,39.9088134765625,45.49818196764198,56.535664565603035,31.872727459552472,41.17433172663762,53.21920237821691,46.484541113126596
403,Software Engineer,1,42.857142857142854,100.0,100.0,4.705734077872088,43.306983947753906,57.2019077038439,64.92601185206753,46.50238462980488,49.649303180992824,66.46593834372128,59.65395307256566
403,Web Developer,0,14.285714285714285,100.0,100.0,0.9900372037381724,48.83074951171875,47.47311800731853,65.34325847279774,34.34139750914818,38.20366824390417,55.67601461971507,47.233535977130266
404,AI Engineer,0,25.0,100.0,100.0,1.4403865965089655,39.125244140625,49.834844610570094,63.20745324703091,37.29355576321262,40.982170130082466,58.3750430836397,51.72477410526629
404,Cloud Engineer,0,33.33333333333333,100.0,100.0,2.328925943090756,42.28474044799805,53.35871662532998,64.14161532102048,41.698395781662484,45.12790191215292,62.36397380454868,55.312947715447386
404,Data Scientist,0,25.0,100.0,100.0,0.8297051001207824,26.15831756591797,47.798203399905816,60.07415907677817,34.74775424988226,38.58612164694801,56.08676192339729,51.61700678237426
404,Software Engineer,1,14.285714285714285,100.0,100.0,0.8302105252065807,28.03482437133789,44.329755234481674,60.50731574535642,30.412194043102094,34.50559439350785,52.00614547729492,47.20533126915411
404,Web Developer,0,14.285714285714285,100.0,100.0,1.142586910340054,34.65766143798828,45.37003725224925,62.10774961884499,31.712546565311566,35.72945559088147,53.17488143023322,47.260456513589425
405,AI Engineer,0,12.5,100.0,100.0,1.8407822696003988,54.63337326049805,47.84612332951477,66.87865127617657,34.80765416189346,38.64249803472326,55.96471292832319,46.64837334169419
405,Cloud Engineer,0,16.666666666666664,100.0,100.0,2.4622447998321153,52.900184631347656,49.1376977480103,66.62209909950303,36.422122185012874,40.16199735060035,57.374542385924094,48.47372947448017
405,Data Scientist,0,0.0,100.0,70.0,1.0603266834645253,34.07871627807617,35.77085644423111,55.03208683727863,19.713570555288882,29.730419346154246,41.896244049072266,36.069469414729035
405,Software Engineer,1,14.285714285714285,100.0,100.0,1.6664584970186267,38.336341857910156,46.00042005323932,63.07756931267587,32.50052506654915,36.471082415575665,53.824060327866505,47.35290444065034
405,Web Developer,0,14.285714285714285,100.0,100.0,0.9107077097582957,38.68400573730469,45.939207017059445,62.98339541086068,32.42400877132432,36.39906707889347,53.88541277717142,47.21953665466323
406,AI Engineer,0,50.0,8.333333333333332,100.0,3.1751569769202486,46.62737274169922,41.637046124459594,37.13391711455321,49.96297432224116,31.337701322893633,48.42443832696654,40.756400250829074
406,Cloud Engineer,0,50.0,8.333333333333332,100.0,3.1041746413635076,45.9464111328125,41.52425453279307,36.96039158891241,49.821984832658,31.205005332697723,48.30426863128064,40.74387395631906
406,Data Scientist,0,50.0,8.333333333333332,100.0,1.5484200697345802,38.30561828613281,40.14477242004678,34.83811141545658,48.09763219172514,29.582085200055033,46.95589342304305,40.46932903191395
406,Software Engineer,1,42.857142857142854,12.5,100.0,2.3981123978104075,36.819358825683594,38.382620683524095,35.97326259003707,44.85327585440513,27.508965510028354,44.73282802806181,38.65849042314301
406,Web Developer,0,14.285714285714285,12.5,100.0,0.9200042750784091,41.62903594970703,28.882356033717816,36.742086205719716,32.977945042147276,16.332183569079785,33.81688869700712,26.63294193089619
407,AI Engineer,0,25.0,100.0,100.0,1.7350678906338568,36.041236877441406,49.41644571521129,62.5637626387866,36.77055714401411,40.48993613554269,57.83080650778378,51.776776686582444
407,Cloud Engineer,0,16.666666666666664,100.0,100.0,1.5431842722191325,35.54909133911133,46.3971746750329,62.40590975646088,32.99646834379113,36.93785255886224,54.312584746117686,48.31154232254847
407,Data Scientist,0,50.0,100.0,70.0,1.7923703615491047,35.00923538208008,53.52024086154438,55.41575517160674,41.900301076930475,50.61204807240515,62.648688596837665,56.786888887332196
407,Software Engineer,1,28.57142857142857,100.0,100.0,1.7934622060413656,29.70231819152832,49.724367059635455,61.11441086097762,37.15545882454432,40.85219654074759,58.18276203379912,53.25766980106612
407,Web Developer,0,14.285714285714285,100.0,100.0,1.0649489937389331,38.18346405029297,45.88726195660479,62.90347993323813,32.35907744575598,36.33795524306445,53.797081891228174,47.24675570477746
408,AI Engineer,0,12.5,100.0,100.0,1.1538441448175258,44.45314407348633,46.21604823274558,64.37084343499319,32.77006029093197,36.72476262675951,54.16820189532112,46.527148966732504
408,Cloud Engineer,0,16.666666666666664,100.0,100.0,1.2190896307809327,38.731651306152344,46.82594447387332,63.065555600830756,33.53243059234166,37.44228761632156,54.874212975595505,48.25434915052997
408,Data Scientist,0,0.0,100.0,100.0,0.13938638428903172,34.847373962402344,40.248014052003704,61.92002161846723,25.31001756500463,29.703545943533776,47.32600716983571,41.201068185462766
408,Software Engineer,1,14.285714285714285,100.0,100.0,1.1250430947500283,36.034454345703125,45.57392461606798,62.42142248625842,31.967405770084966,35.969323077727026,53.417844884535846,47.25736054613236
408,Web Developer,0,14.285714285714285,100.0,100.0,1.0962187775944665,42.696311950683594,46.56887960924171,63.952122475756475,33.21109951155214,37.13985836381377,54.59346681482652,47.25227390192844
409,AI Engineer,0,25.0,60.0,100.0,1.5412480955286543,37.687110900878906,41.63425384946113,50.59115976840174,37.042817311826425,31.334416293483688,48.70949015897863,42.330808487446234
409,Cloud Engineer,0,33.33333333333333,60.0,100.0,4.105552791068718,47.96580505371094,46.47737034338361,53.554928733410684,43.09671292922952,37.032200403980724,53.95474991143918,46.214705394502325
409,Data Scientist,0,0.0,60.0,70.0,0.12456265465872605,22.42609214782715,25.88259822037288,39.81938187749674,17.3532477754661,18.097174376909273,30.42813390844009,26.49256988023389
409,Software Engineer,1,28.57142857142857,100.0,100.0,1.9091571495746578,30.581165313720703,49.8735483694943,61.343920568452766,37.34193546186788,41.02770396411094,58.3378527024213,53.27808655580729
409,Web Developer,0,0.0,100.0,100.0,0.11795836569367407,29.789615631103516,39.48613609951958,60.74790169156858,24.357670124399473,28.807218940611268,46.43346158195944,41.19728677041653
410,AI Engineer,0,25.0,60.0,100.0,3.090581101163685,60.58931350708008,45.30198419123656,56.23382183267164,41.62748023904571,35.649393166160664,52.75105532477884,42.604220194323005
410,Cloud Engineer,0,16.666666666666664,60.0,100.0,2.8433083716329657,52.619022369384766,41.15268294448599,54.33746094023486,36.44085368060749,30.767862287630575,47.913160810283586,39.12921128126855
410,Data Scientist,0,50.0,60.0,100.0,2.7960735113807202,59.33491134643555,53.81964772867244,55.87638112103453,52.27455966084056,45.67017379843817,62.8238078846651,52.84636591377307
410,Software Engineer,1,42.857142857142854,100.0,100.0,3.4570354893512665,50.37478256225586,58.07477270774106,66.2688810888324,47.59346588467634,50.67620318557772,67.71319692275104,59.43359449812081
410,Web Developer,0,0.0,100.0,100.0,0.12376922877544039,42.21867752075195,41.35136701242911,63.6174877114294,26.68920876553639,31.0016082499166,48.62682544483858,41.19831221684273
411,AI Engineer,0,37.5,60.0,100.0,4.751596079939903,61.61865997314453,50.08053840796266,56.85467447378871,47.60067300995333,41.27122165642666,58.07976352467257,48.04439930822469
411,Cloud Engineer,0,33.33333333333333,60.0,100.0,3.444893362828836,56.18775939941406,47.6115645810031,55.29984294513298,44.51445572625388,38.366546565886004,55.40568303126914,46.09811843657764
411,Data Scientist,0,50.0,60.0,100.0,4.204238369626427,52.5169563293457,53.00817920484582,54.6279680074551,51.26022400605728,44.71550494687743,61.620639352237475,53.094865594639955
411,Software Engineer,1,57.14285714285714,100.0,100.0,6.982601076003027,50.229488372802734,63.581813417320866,67.04894371895517,54.47726677165109,57.155074608612786,73.56990971284755,65.93810607223584
411,Web Developer,0,0.0,100.0,100.0,0.11183252578303574,39.43571090698242,40.93213151491482,62.972510022945876,26.165164393643526,30.508390017546844,48.13571368946749,41.19620573984407
412,AI Engineer,0,37.5,100.0,100.0,2.3416525624934117,35.094764709472656,53.74046259079491,62.4853270627614,42.17557823849364,45.5770148126999,62.81084083108342,57.030879863969425
412,Cloud Engineer,0,33.33333333333333,100.0,100.0,3.9260958200933005,39.52359390258789,53.18412012506884,63.873005320618724,41.48015015633606,44.92249426478687,61.87671264947629,55.594801223153716
412,Data Scientist,0,25.0,100.0,100.0,1.0155507184111396,25.207195281982422,47.683411900059035,59.89755676932159,34.604264875073795,38.451072823598864,55.91891681446749,51.649803067954906
412,Software Engineer,1,42.857142857142854,100.0,100.0,2.722685244649021,28.398948669433594,54.66824508711239,61.02806936478829,43.33530635889049,46.66852363189693,63.83510858872358,59.304003278467476
412,Web Developer,0,14.285714285714285,100.0,100.0,0.9368153402301368,36.0301513671875,45.545045006112645,62.376992317096374,31.93130625764081,35.93534706601488,53.41708553538603,47.22414388357003
413,AI Engineer,0,12.5,8.333333333333332,100.0,2.0690237363477952,47.31890106201172,28.449855386420595,37.038239056031685,33.47898589969242,15.823359278141874,33.105296265845205,25.120023796610393
413,Cloud Engineer,0,16.666666666666664,8.333333333333332,100.0,2.757097284370793,45.29265594482422,29.70746298437925,36.729430232378334,35.05099539714073,17.30289762868147,34.46340987261604,26.957134814888963
413,Data Scientist,0,0.0,8.333333333333332,100.0,1.1703916333386228,40.71694564819336,22.949767258896465,35.3073342444561,26.603875740287247,9.352667363407605,26.793186486936087,19.814382837255835
413,Software Engineer,1,14.285714285714285,12.5,100.0,1.81583437542207,41.03408432006836,28.92748780432356,36.81151969895932,33.03435975540445,16.385279769792426,33.71189723295324,26.791029595662717
413,Web Developer,0,14.285714285714285,12.5,100.0,1.0052417811795538,46.35181427001953,29.603558407679863,37.85162831950748,33.879448009599834,17.180656950211603,34.650320165297565,26.64798384373757
414,AI Engineer,0,37.5,60.0,100.0,2.8789455548853278,48.4636116027832,47.82638357365028,53.38674395946196,44.78297946706285,38.61927479252974,55.758284400491156,47.71393156850918
414,Cloud Engineer,0,50.0,60.0,100.0,4.203293222290191,51.92940902709961,52.919905337408466,54.49216205755148,51.14988167176059,44.61165333812761,61.51695453419405,53.09469880393356
414,Data Scientist,0,25.0,60.0,70.0,1.6070727508950167,39.09257125854492,37.35494660141599,44.007610156024604,31.693683251769993,31.594054825195286,43.663394927978516,37.0483069560403
414,Software Engineer,1,42.857142857142854,100.0,100.0,3.0334063203973574,41.53595733642578,56.68540454852347,64.13139161311304,45.85675568565434,49.041652410027616,66.15340423583984,59.35883640948189
414,Web Developer,0,14.285714285714285,100.0,100.0,0.9114004466011238,44.95390701293945,46.87979611893109,64.43045556758629,33.599745148663864,37.505642492860105,54.991865943459906,47.21965890234138
415,AI Engineer,0,37.5,8.333333333333332,100.0,2.6565849595337245,49.234519958496094,37.57533240437114,37.615896006724824,44.8858321721306,26.55921459337781,43.73746430640127,35.51782871834909
415,Cloud Engineer,0,50.0,8.333333333333332,100.0,5.467289399678506,52.79237747192383,42.90561669740702,39.08556414985695,51.54868753842544,32.83013729106708,49.512380338182645,41.160894207786406
415,Data Scientist,0,25.0,8.333333333333332,100.0,0.7640243308227472,33.379398345947266,30.538180068182164,33.52027702797257,36.089391751894375,18.2802118449202,35.79244284536324,30.03678860740009
415,Software Engineer,1,28.57142857142857,12.5,100.0,1.7351386073573827,36.535255432128906,33.24055910592294,35.75470631680453,38.42569888240369,21.459481301085813,38.800339193905096,32.65914210718071
415,Web Developer,0,0.0,12.5,100.0,0.12668835031413975,31.52059555053711,22.24709258512769,34.22629628481183,24.683865731409615,8.52599127662081,26.150693332447727,20.610592061820146
416,AI Engineer,0,0.0,100.0,100.0,0.5037493051350814,42.34650421142578,41.42753802748413,63.73467388843712,26.784422534355162,31.091221208804857,48.64938309613397,41.265367524435604
416,Cloud Engineer,0,0.0,100.0,100.0,1.2512670324769932,39.75242233276367,41.150553404786095,63.30854369967091,26.438191755982626,30.765356946807174,48.19160394107594,41.39728241749594
416,Data Scientist,0,0.0,100.0,100.0,0.1294310468816981,29.6623592376709,39.468768542682895,60.721182373358296,24.335960678353615,28.7867865208034,46.41100457135369,41.19931136121442
416,Software Engineer,1,14.285714285714285,100.0,100.0,1.0446895963566512,31.89569091796875,44.941057077148805,61.44778011869047,31.176321346436012,35.224773031939776,52.68747486787684,47.24318051700411
416,Web Developer,0,14.285714285714285,100.0,100.0,1.0179239867591001,41.890323638916016,46.43623714385127,63.74805714438657,33.04529642981409,36.983808404530905,54.45123358333812,47.23845717413396
417,AI Engineer,0,37.5,100.0,100.0,2.488154306719812,40.53480529785156,54.57844394068571,63.774529139516474,43.22305492585714,46.56287522433613,63.77084799373851,57.05673311295056
417,Cloud Engineer,0,33.33333333333333,100.0,100.0,2.3577866668932717,45.019203186035156,53.77321514460593,64.77930535067578,42.21651893075741,45.61554722894815,62.846526052437575,55.31804078435371
417,Data Scientist,0,25.0,100.0,70.0,1.0790870234892866,30.2767333984375,43.953373063289014,54.15903548198311,29.941716329111273,39.35690948622238,51.51942354090073,46.36689771002752
417,Software Engineer,1,42.857142857142854,100.0,100.0,2.893025688705263,31.53745460510254,55.16457204407117,61.79164929857103,43.955715055088966,47.252437698907265,64.38896257737105,59.33406335683034
417,Web Developer,0,0.0,100.0,100.0,0.11985960798737846,26.806560516357422,39.03896301865172,60.05994310561803,23.798703773314653,28.281132963119667,45.9070400911219,41.197622283762485
418,AI Engineer,0,37.5,60.0,100.0,4.129934213465878,43.0225830078125,47.19787758319176,52.41981166644885,43.9973469789897,37.87985598022559,54.79810288373162,47.93469427296457
418,Cloud Engineer,0,33.33333333333333,60.0,100.0,2.2594745188320107,46.84857177734375,46.03287361109303,52.871087606809795,42.54109201386629,36.50926307187415,53.757591097962624,45.888926875872315
418,Data Scientist,0,50.0,60.0,100.0,1.8656920457250432,43.808536529541016,51.351134286289906,52.0786681327537,49.188917857862386,42.766040336811656,60.083859387566065,52.68218094924559
418,Software Engineer,1,28.57142857142857,100.0,100.0,1.866828555024728,34.618473052978516,50.47279524120049,62.26583883261613,38.09099405150061,41.73270028376528,59.050318774055036,53.27061680382789
418,Web Developer,0,0.0,100.0,100.0,0.13347656471070005,31.89612579345703,39.804440353725155,61.237600544192546,24.75555044215645,29.181694533794307,46.805198669433594,41.200025276125416
419,AI Engineer,0,50.0,100.0,100.0,3.9163064403852634,52.35450744628906,60.94062208300115,66.83172628154023,51.17577760375144,54.04779068588371,71.00373660816867,62.45581878359741
419,Cloud Engineer,0,50.0,100.0,100.0,3.7769798921598143,49.856231689453125,60.54498173724194,66.22304882652605,50.68122717155243,53.58233145557875,70.56286441578585,62.43123174567526
419,Data Scientist,0,50.0,100.0,100.0,3.9776457122063915,42.316551208496094,59.44412953810537,64.52943005862365,49.30516192263172,52.28721122130044,69.2323325662052,62.4666433609776
419,Software Engineer,1,42.857142857142854,100.0,100.0,4.564277303950772,41.881595611572266,56.966880937328455,64.56443221127455,46.208601171660575,49.37280110273936,66.21439922557158,59.628990112461906
419,Web Developer,0,14.285714285714285,100.0,100.0,0.8787045864648534,39.91008377075195,46.11831825358252,63.25895115935772,32.64789781697815,36.60978618068532,54.101779488956225,47.213889044670275
420,AI Engineer,0,37.5,100.0,100.0,2.0287457597532432,43.20864486694336,54.91060859400449,64.28555168308384,43.63826074250562,46.95365716941705,64.24270203534294,56.97566101642705
420,Cloud Engineer,0,50.0,100.0,100.0,4.52601294227882,42.99071502685547,59.62750919537014,64.81155260826175,49.534386494212676,52.50295199455311,69.35130265179802,62.56341404863744
420,Data Scientist,0,25.0,100.0,100.0,0.6842082857206349,23.441457748413086,47.36884990512006,59.413615238646244,34.211062381400076,38.08099988837654,55.60731607324937,51.5913308739507
420,Software Engineer,1,28.57142857142857,100.0,100.0,1.5538722579021016,26.952207565307617,49.27591197348146,60.42447995920225,36.594889966851824,40.324602321742894,57.69744839387782,53.215389221982726
420,Web Developer,0,14.285714285714285,100.0,100.0,0.9422232442548578,29.318580627441406,44.53912058075444,60.829416278083755,30.67390072594305,34.75190656559346,52.23269069896025,47.22509821957439
421,AI Engineer,0,25.0,100.0,100.0,5.391455304388777,42.20341873168945,50.88923110541173,64.82958631601805,38.61153888176467,42.222624829896155,58.91825036441578,52.4220215243039
421,Cloud Engineer,0,16.666666666666664,100.0,100.0,1.3250762996757974,37.88157653808594,46.71433125899759,62.8938429625604,33.392914073746994,37.31097795176188,54.724199781230844,48.27305268033494
421,Data Scientist,0,25.0,100.0,100.0,0.9799441881836818,28.736309051513672,48.207437985954606,60.703750747622465,35.25929748244326,39.067574101123064,56.54170159732595,51.643519562620654
421,Software Engineer,1,28.57142857142857,100.0,100.0,1.8144972398769352,29.61006736755371,49.713684691114594,61.097976447868604,37.14210586389324,40.839629048370114,58.166482476627124,53.261381865860635
421,Web Developer,0,14.285714285714285,100.0,100.0,0.9039693748591131,32.07072448730469,44.946204079324566,61.45569858357625,31.182755099155713,35.23082832861714,52.718363144818476,47.21834753673984
422,AI Engineer,0,25.0,8.333333333333332,100.0,1.9051565470570835,52.07425308227539,33.513578111066536,38.09781247856391,39.808639305499845,21.780680130666514,39.091534857656434,30.23816488085321
422,Cloud Engineer,0,33.33333333333333,8.333333333333332,100.0,2.0128858840801205,47.290435791015625,35.72883158459769,37.01871525835543,42.577706147413785,24.386860687761992,41.67870435527726,33.68854848934747
422,Data Scientist,0,25.0,8.333333333333332,70.0,0.8474830102114427,44.31227111816406,27.690629785922987,29.13943043988153,32.52995389907041,20.224270336379995,32.42765568751915,24.75739896258633
422,Software Engineer,1,28.57142857142857,12.5,100.0,3.560105736698043,45.423423767089844,34.84752942556818,38.22696834702797,40.43441178196023,23.350034618315505,40.36883948830997,32.98119513000554
422,Web Developer,0,0.0,12.5,100.0,0.1405272321201218,39.17912673950195,23.397948095743313,35.996843224220484,26.12243511967914,9.879938936168601,27.5021988363827,20.613034217432965
423,AI Engineer,0,25.0,100.0,100.0,2.1212093288984346,43.59246063232422,50.6070504941834,64.39546229874368,38.25881311772925,41.89064764021576,59.16337540570428,51.84491929333502
423,Cloud Engineer,0,16.666666666666664,100.0,100.0,1.9915008935749878,44.91700744628906,47.86960958431293,64.6711942322763,34.837011980391175,38.670128922721105,55.96574641209022,48.390657020434794
423,Data Scientist,0,25.0,100.0,100.0,0.9938608658144933,36.45529556274414,49.3673734642838,62.488266868128925,36.70921683035475,40.43220407562799,57.90387568754309,51.645975446908444
423,Software Engineer,1,42.857142857142854,100.0,100.0,2.6645348829261777,37.29151916503906,55.99340810719478,63.066781703376584,44.99176013399348,48.22753894964092,65.4043857350069,59.29374144992815
423,Web Developer,0,14.285714285714285,100.0,100.0,0.9168070961597086,44.62903594970703,46.83187645688001,64.35673301058463,33.53984557110002,37.44926641985884,54.93453575583065,47.22061301696936
424,AI Engineer,0,25.0,8.333333333333332,100.0,1.7990725098846156,37.0094108581543,31.2379391718725,34.596829495188466,36.9640906315073,19.10345784926177,36.43303328869389,30.21944416841101
424,Cloud Engineer,0,16.666666666666664,8.333333333333332,100.0,1.6485227081596734,36.638065338134766,28.242988206944165,34.476392113247435,33.22040192534688,15.579986125816664,32.9361291773179,26.761504007322298
424,Data Scientist,0,25.0,8.333333333333332,70.0,1.004313853864759,25.9525146484375,24.960190942012005,24.938755295403084,29.116905344181678,17.011989343543537,29.187698663449755,24.78507499381927
424,Software Engineer,1,42.857142857142854,12.5,100.0,2.6925592797494873,27.417844772338867,37.016560607813254,33.87163170432808,43.14570075976657,25.901836009192063,43.07373731276569,38.71045163760285
424,Web Developer,0,14.285714285714285,12.5,100.0,0.9264496668154135,34.97664260864258,27.8854638413187,35.20840590972107,31.731829801648377,15.159369225080821,32.642936930936926,26.63407935296743
425,AI Engineer,0,0.0,100.0,100.0,1.3433188889337464,53.91629409790039,43.28894194802512,66.59837222773095,29.1111774350314,33.2811081741472,50.69111072315889,41.41352686275302
425,Cloud Engineer,0,0.0,100.0,100.0,1.9278530165733803,46.88700866699219,42.32222925253483,65.11112192697667,27.902786565668546,32.14379912062922,49.45064858829274,41.516679944101185
425,Data Scientist,0,0.0,100.0,100.0,1.0422941632312805,43.32084274291992,41.65447053592268,64.08380082449642,27.06808816990335,31.358200630497272,48.821325189927045,41.36040485233493
425,Software Engineer,1,14.285714285714285,100.0,100.0,1.61709424177809,43.58810806274414,46.78078034567834,64.2781236087359,33.475975432097925,37.38915334785687,54.750842599307795,47.344193101490255
425,Web Developer,0,14.285714285714285,100.0,100.0,0.8952196951125359,46.457969665527344,47.10297840409598,64.77381292937842,33.87872300511998,37.76820988717174,55.25728876450482,47.216803475608096
426,AI Engineer,0,37.5,60.0,100.0,3.5173700125342067,54.332794189453125,48.8025246302981,54.88849943122785,46.00315578787263,39.767676035644826,56.79402250402114,47.82659470809428
426,Cloud Engineer,0,50.0,60.0,100.0,4.348848817910477,57.10185623168945,53.71760575743999,55.7193934729846,52.14700719679999,45.55012442051764,62.42973933500402,53.12038508551362
426,Data Scientist,0,25.0,60.0,100.0,1.9634513380660787,40.738582611083984,42.15530509237251,51.392777065188476,37.69413136546564,31.947417755732364,49.247985166661884,42.405314942011664
426,Software Engineer,1,42.857142857142854,100.0,100.0,3.70608343360018,45.8334846496582,57.430935212488755,65.27836186536732,46.78866901561095,49.9187473088103,66.91179140876321,59.47754413534121
426,Web Developer,0,0.0,100.0,100.0,0.13407810061067607,37.11729049682617,40.58770528961553,62.44262352248543,25.734631612019413,30.103182693665328,47.726580675910505,41.20013142951953
427,AI Engineer,0,25.0,100.0,100.0,2.4078373903372343,54.09515380859375,52.225448679839644,66.88530566129175,40.281810849799555,43.7946455056937,61.016791848575366,51.895500715941864
427,Cloud Engineer,0,33.33333333333333,100.0,100.0,3.0698762248010603,49.29591369628906,54.52153515483018,65.93056690486695,43.15191894353773,46.49592371156492,63.60123967189414,55.443703647513914
427,Data Scientist,0,25.0,100.0,70.0,1.6322697006020355,40.89339828491211,45.62885019782712,56.73669261204172,32.0360627472839,41.3280590562672,53.392952638513904,46.46451818245918
427,Software Engineer,1,42.857142857142854,100.0,100.0,3.0809664488690998,43.258419036865234,56.95090782286015,64.53985818901562,46.188634778575185,49.35400920336489,66.45736806532916,59.36722937332985
427,Web Developer,0,14.285714285714285,100.0,100.0,0.9256900991406081,41.016300201416016,46.2912985450835,63.52507468474384,32.864123181354365,36.81329240598058,54.296994153191065,47.2221806057307
428,AI Engineer,0,25.0,100.0,100.0,2.7065748680949078,53.542266845703125,52.18732625706971,66.82665578010725,40.234157821337135,43.749795596552595,60.91922356100643,51.9482190943697
428,Cloud Engineer,0,33.33333333333333,100.0,100.0,3.4558343765856354,55.68207550048828,55.53735314822775,67.49336381778627,44.42169143528469,47.69100370379736,64.72820940204694,55.511813909593535
428,Data Scientist,0,0.0,100.0,70.0,1.2219041068269838,38.78513717651367,36.501056192501096,56.1554710653863,20.62632024062637,30.5894778735307,42.72678891350242,36.09798307767535
428,Software Engineer,1,28.57142857142857,100.0,100.0,2.8639566172378212,43.2843132019043,51.922240472871316,64.49575457364817,39.902800591089154,43.4379299680839,60.57958468268899,53.446580579512556
428,Web Developer,0,0.0,100.0,100.0,0.126368972424898,35.18461608886719,40.29664775919382,61.994842706452026,25.370809698992264,29.760762069639778,47.385520486270686,41.19877099513381
429,AI Engineer,0,25.0,100.0,100.0,2.37852578735927,47.22814178466797,51.19100013580408,65.29384636277551,38.98875016975511,42.57764721859305,59.80496619729435,51.890328080122224
429,Cloud Engineer,0,16.666666666666664,100.0,100.0,2.139248441704588,49.51913833618164,48.58209135001626,65.76732002566605,35.72761418752034,39.50834276472502,56.777887157365384,48.41673011716355
429,Data Scientist,0,25.0,100.0,100.0,1.9310297684671855,46.0357666015625,50.94501945550445,64.91541454692992,38.68127431938057,42.288258182946414,59.59454704733456,51.811358194435385
429,Software Engineer,1,28.57142857142857,100.0,100.0,2.516078735298549,41.3193473815918,51.57531391753355,63.96202141159007,39.469142396916936,43.02978107945123,60.2328260085162,53.385190365052686
429,Web Developer,0,0.0,100.0,100.0,0.1096162503222941,36.942569732666016,40.55782789744824,62.39665830376652,25.697284871810307,30.068032820527353,47.69574759988224,41.195814632409814
430,AI Engineer,0,25.0,8.333333333333332,100.0,1.9170115490282094,51.82115936279297,33.47739230343984,38.042142005292064,39.763407045966474,21.738108592282167,39.04687126010072,30.240256940024583
430,Cloud Engineer,0,33.33333333333333,8.333333333333332,100.0,2.025411241201184,48.545448303222656,35.91896226499691,37.31122399743115,42.815369497912805,24.61054384117283,41.90017715154909,33.69075884648648
430,Data Scientist,0,0.0,8.333333333333332,70.0,0.1253171961568981,34.088050842285156,17.298671872432973,26.613341342204574,19.540006507207888,7.99843749697997,20.329263874128753,14.335840289517883
430,Software Engineer,1,28.57142857142857,12.5,100.0,1.920721918323627,40.639408111572266,33.884019504484385,36.74464539151443,39.23002438060548,22.21649353468751,39.52460143145393,32.69189210323358
430,Web Developer,0,0.0,12.5,100.0,0.11867290154084498,32.0700569152832,22.328309472523607,34.35124534234401,24.78538684065451,8.621540555910126,26.247657102697037,20.609177570860147
431,AI Engineer,0,25.0,100.0,100.0,1.9524782052554348,53.943634033203125,52.13441683576878,66.74525667041351,40.16802104471099,43.68754921855152,60.990053064682904,51.815143212692135
431,Cloud Engineer,0,33.33333333333333,100.0,100.0,2.062883401578546,47.6979866027832,54.13079716732093,65.32943153946809,42.66349645915116,46.03623196155404,63.31925253774605,55.26599903165111
431,Data Scientist,0,0.0,100.0,100.0,0.1276356912737948,34.68531799316406,40.22194305266567,61.87991238871642,25.277428815832103,29.672874179606683,47.29740905761719,41.198994533754195
431,Software Engineer,1,14.285714285714285,100.0,100.0,1.0537720970113742,37.3576774597168,45.761717433509226,62.71033451309111,32.202146791886534,36.190255804128505,53.65135484583238,47.2447833112373
431,Web Developer,0,14.285714285714285,100.0,100.0,1.003804225062993,37.150047302246094,45.72307772909637,62.650888813994406,32.15384716137046,36.144797328348666,53.614714229808136,47.23596545148171
432,AI Engineer,0,12.5,60.0,100.0,1.3219627142773736,42.1092643737793,37.8896840632085,51.56105240493615,32.362105079010625,26.92904007436294,44.342811360078706,37.14505224369601
432,Cloud Engineer,0,0.0,60.0,100.0,1.1434166923865,41.94327163696289,33.46300324940241,51.48154346061909,26.828754061753013,21.721180293414598,39.166459700640516,31.966485298656444
432,Data Scientist,0,25.0,60.0,100.0,1.008364385246046,39.548622131347656,41.833547977489054,50.89776611921393,37.29193497186132,31.568879973516534,49.037992140826056,42.236770185631656
432,Software Engineer,1,28.57142857142857,100.0,100.0,1.845276350697582,36.51228713989258,50.753634523588524,62.69789926705926,38.44204315448566,42.06309943951591,59.38452125998105,53.26681347365251
432,Web Developer,0,14.285714285714285,100.0,100.0,0.9301861615716871,48.37555694580078,47.39586146610587,65.22440225554749,34.24482683263234,38.11277819541867,55.5956865198472,47.222974028512645
433,AI Engineer,0,25.0,100.0,100.0,2.313025629165941,51.33885192871094,51.79778163368154,66.22735635951005,39.74722704210192,43.29150780433121,60.53038563447841,51.87876922867635
433,Cloud Engineer,0,33.33333333333333,100.0,100.0,5.604407049785085,58.047115325927734,56.214395023023584,68.53496670208757,45.267993778779484,48.48752355649834,65.14556937124215,55.89097379309933
433,Data Scientist,0,25.0,100.0,100.0,1.7996522910181434,44.7357063293457,50.73030379305458,64.58508275854551,38.41287974131823,42.03565152124069,59.36512464635513,51.78817393370909
433,Software Engineer,1,28.57142857142857,100.0,100.0,3.9095088270525205,44.7829475402832,52.30386845510036,65.08287454630823,40.37983556887545,43.88690406482395,60.84404956593233,53.63108979300927
433,Web Developer,0,0.0,100.0,100.0,0.1228927635033875,42.87091827392578,41.449071655614375,63.76780254709904,26.811339569517973,31.11655488895809,48.7419267542222,41.1981575465006
434,AI Engineer,0,25.0,60.0,100.0,4.483275404873447,38.28327178955078,42.164982079163636,51.40766473717482,37.70622759895455,31.958802446074866,48.81469502168543,42.84998977733061
434,Cloud Engineer,0,16.666666666666664,60.0,100.0,1.8231970933642854,41.2381706237793,39.29253849090487,51.47570024241775,34.11567311363109,28.579457048123373,45.90477520811791,38.94919164392703
434,Data Scientist,0,25.0,60.0,100.0,1.1107290728411117,25.899005889892578,39.80146024441005,47.77147729909239,34.75182530551257,29.178188522835356,46.629236333510455,42.25483454226608
434,Software Engineer,1,28.57142857142857,100.0,100.0,2.0566628806246787,24.88983917236328,49.0419753079482,60.06457739684338,36.302469134935244,40.04938271523317,57.333501030417054,53.30411697893377
434,Web Developer,0,0.0,100.0,100.0,0.12337424911332162,22.20366859436035,38.34905642652105,58.99854834849393,22.936320533151317,27.469478148848296,45.09476504606359,41.19824251454941
435,AI Engineer,0,25.0,100.0,100.0,1.710165525457604,52.08588790893555,51.81940801515897,66.26062771562918,39.77426001894872,43.316950606069376,60.662215513341565,51.77238215155134
435,Cloud Engineer,0,33.33333333333333,100.0,100.0,2.5468782243169703,53.49126434326172,55.072388051803465,66.77803290021046,43.84048506475433,47.1439859432982,64.34159566841873,55.3514098827226
435,Data Scientist,0,25.0,100.0,100.0,0.760743903021224,45.41679382324219,50.67663065893951,64.50250870606078,38.34578832367439,41.9725066575759,59.485316557042744,51.604837159356684
435,Software Engineer,1,28.57142857142857,100.0,100.0,1.70308606657136,44.5875358581543,51.94359328870885,64.52860505955206,39.92949161088606,43.46305092789276,60.809565151438996,53.241721070571415
435,Web Developer,0,0.0,100.0,100.0,0.1261443990684352,43.91047668457031,41.60549316254581,64.00845101930125,27.00686645318227,31.300580191230367,48.92537823845358,41.198731364541494
436,AI Engineer,0,37.5,8.333333333333332,100.0,3.440001244495482,54.61516571044922,38.49994170990837,39.03837186139749,46.041593804052134,27.646990246951024,44.68699002733417,35.6560786509894
436,Cloud Engineer,0,33.33333333333333,8.333333333333332,100.0,3.234116186253639,48.44627380371094,36.08539183182802,37.56726948486362,43.02340645645169,24.806343331562378,41.882675769282315,33.90405971914279
436,Data Scientist,0,50.0,8.333333333333332,70.0,2.65277416137275,44.48468017578125,36.73728481723977,29.595822795753485,43.838272688216385,30.867393902635023,42.75219846239277,35.37009740102657
436,Software Engineer,1,42.857142857142854,12.5,100.0,3.3027638370757657,41.72367858886719,39.25396636389144,37.31379440598683,45.94245795486431,28.534078075166406,45.5982962215648,38.818134794778075
436,Web Developer,0,14.285714285714285,12.5,100.0,0.9752149969106277,38.112701416015625,28.363187461938935,35.9433653260599,32.32898432742367,15.721397014045808,33.19635907341453,26.642684999454815
437,AI Engineer,0,37.5,100.0,100.0,3.3161941618051047,55.18568801879883,56.90028232709059,67.34658819552399,46.12535290886325,49.29444979657717,66.35629788567039,57.202857793259724
437,Cloud Engineer,0,33.33333333333333,100.0,100.0,3.1217224364617002,49.532135009765625,54.56474528360076,65.99704402605246,43.205931604500954,46.54675915717736,63.64292578603707,55.45285297898344
437,Data Scientist,0,50.0,100.0,100.0,2.5307759208112492,54.82902526855469,61.10397017840489,67.08303104369983,51.37996272300612,54.239964915770464,71.4404162238626,62.21131339779023
437,Software Engineer,1,42.857142857142854,100.0,100.0,4.454606617788351,45.38486099243164,57.475920141532995,65.3475694485123,46.844900176916255,49.9716707547447,66.83262252807617,59.60963646196265
437,Web Developer,0,0.0,100.0,100.0,0.11202573274534085,37.7369384765625,40.67734463139618,62.58053020214797,25.846680789245223,30.20864074281903,47.835930319393384,41.19623983519036
438,AI Engineer,0,25.0,100.0,100.0,2.0625182645533635,47.723690032958984,51.217931244626854,65.33527883788747,39.022414055783564,42.60933087603159,59.89241588816923,51.834562046685896
438,Cloud Engineer,0,16.666666666666664,100.0,100.0,1.9363986905553663,52.08139419555664,48.93600226625013,66.31179835833353,36.17000283281267,39.924708548529566,57.230049956078616,48.380933102254865
438,Data Scientist,0,25.0,100.0,100.0,0.9663620465179278,40.90577697753906,50.030820853608546,63.50895515939776,37.538526067010686,41.212730416010054,58.68925476074219,51.6411227140914
438,Software Engineer,1,42.857142857142854,100.0,100.0,2.5908107171246253,41.42475891113281,56.60233544423862,64.00359299113633,45.75291930529828,48.94392405204544,66.13378098431755,59.280731303021994
438,Web Developer,0,0.0,100.0,100.0,0.10733867940973309,41.03337097167969,41.17110644766342,63.34016376563603,26.463883059579267,30.789536997251073,48.41765370088466,41.19541270813114
439,AI Engineer,0,25.0,8.333333333333332,100.0,3.4520048627585314,46.69053649902344,32.93804787093396,37.2123813398984,39.08922650533412,21.10358573051054,38.14146722531786,30.511138113035816
439,Cloud Engineer,0,16.666666666666664,8.333333333333332,100.0,2.1239007486439627,45.86826705932617,29.698825171195523,36.71614128901875,35.04019813066107,17.29273549552414,34.564988304586976,26.8453942497607
439,Data Scientist,0,25.0,8.333333333333332,70.0,1.0599351693797554,35.040889739990234,26.331790403072162,27.048908312418714,30.831404670506874,18.625635768320194,30.791529561959056,24.79489052008662
439,Software Engineer,1,28.57142857142857,12.5,100.0,1.962611200187619,34.315086364746094,32.941654634740054,35.29485328421546,38.05206829342507,21.107828982047124,38.40854465260225,32.69928432944487
439,Web Developer,0,14.285714285714285,12.5,100.0,0.9777586764725108,37.540645599365234,28.27776064137566,35.811939448270245,32.22220080171958,15.62089487220666,33.09540804694681,26.643133884083383
440,AI Engineer,0,37.5,8.333333333333332,100.0,3.109917207770896,52.01762771606445,38.06079840524197,38.362766777295334,45.49266467321913,27.130351064990553,44.228600969501564,35.59782852686153
440,Cloud Engineer,0,50.0,8.333333333333332,100.0,3.8450773517198713,51.73206329345703,42.50323776344321,38.466519636066465,51.04571387097068,32.35675030993318,49.32526607139439,40.87462149344077
440,Data Scientist,0,25.0,8.333333333333332,100.0,1.7360047652402357,40.178619384765625,31.70386028916754,35.313631214103914,37.546492028126096,19.65160034019711,36.9923053816253,30.20831456641494
440,Software Engineer,1,42.857142857142854,12.5,100.0,3.2767700305956255,44.11300277709961,39.608465921154284,37.85917834023736,46.38558240144286,28.951136377828572,46.01994166654699,38.813547652458055
440,Web Developer,0,14.285714285714285,12.5,100.0,0.9845201578213978,42.9282112121582,29.08690970549694,37.05678416230298,33.23363713187118,16.572834947643457,34.04615491979263,26.644327086674362
441,AI Engineer,0,12.5,100.0,100.0,1.0721822696694119,38.70184326171875,45.341103829708224,63.024775122628036,31.676379787135282,35.69541627024497,53.15326645795037,46.51273804758872
441,Cloud Engineer,0,16.666666666666664,100.0,100.0,1.8785372300962375,44.75312805175781,47.828083125611435,64.60730737273555,34.7851039070143,38.62127426542523,55.93682651893765,48.37072225629149
441,Data Scientist,0,0.0,100.0,70.0,0.1342362520019138,21.003511428833008,33.67066215212524,51.80101869557729,17.088327690156547,27.259602531912048,39.58885495802936,35.90604169152975
441,Software Engineer,1,28.57142857142857,100.0,100.0,2.057423237676687,29.11922264099121,49.67649688180019,61.040764433538754,37.095621102250234,40.79587868447081,58.07986281899846,53.30425115959001
441,Web Developer,0,0.0,100.0,100.0,0.12711907069074888,29.865095138549805,39.49883213138608,60.767434048286276,24.373540164232608,28.82215544868951,46.4467814950382,41.198903365416015
442,AI Engineer,0,25.0,60.0,100.0,1.7079277526658474,51.6002197265625,43.74622212188425,53.84034172597577,39.68277765235532,33.81908484927559,51.164744657628674,42.3602225445881
442,Cloud Engineer,0,33.33333333333333,60.0,100.0,2.5435456025856515,54.17747497558594,47.174819753392406,54.62792782573191,43.968524691740505,37.85272912163812,55.05092695647595,45.93905706712296
442,Data Scientist,0,25.0,60.0,70.0,0.7597484601928347,45.13370895385742,38.13401861210754,45.206182480165445,32.66752326513443,32.51061013189123,44.729478050680726,36.89877914003403
442,Software Engineer,1,28.57142857142857,100.0,100.0,1.7008575573393236,46.39453125,52.214308321100894,64.94508972477061,40.26788540137612,43.78153920129517,61.12844669117647,53.24132780423635
442,Web Developer,0,0.0,100.0,100.0,0.12597933755838503,44.736690521240234,41.72940047881979,64.19907765972275,27.16175059852474,31.446353504493878,49.071180680218866,41.198702236039715
443,AI Engineer,0,25.0,60.0,100.0,3.119380631057235,60.4114875793457,45.27963023156044,56.199431125477595,41.59953778945055,35.6230943900711,52.71967427870806,42.60930246430422
443,Cloud Engineer,0,33.33333333333333,60.0,100.0,3.8918575936550703,58.51008224487305,48.02695764244588,55.9389091935065,45.03369705305735,38.85524428523045,55.81550470987955,46.17699447731168
443,Data Scientist,0,25.0,60.0,100.0,1.8501697876301106,49.34245300292969,43.42889341858397,53.35214372089841,39.28611677322997,33.44575696303997,50.76631523581112,42.38532408017002
443,Software Engineer,1,28.57142857142857,100.0,100.0,2.548903002065312,51.04107666015625,53.038496949333236,66.21307222974343,41.29812118666655,44.751172881568515,61.94842529296876,53.39098288271741
443,Web Developer,0,14.285714285714285,100.0,100.0,1.0492652369314828,49.62979507446289,47.60185904670915,65.54132161032177,34.50232380838645,38.35512829024607,55.817022660199335,47.24398798298791
444,AI Engineer,0,25.0,100.0,100.0,2.52861853044413,52.73023223876953,52.03882761538205,66.59819633135699,40.04853451922756,43.57509131221418,60.77592333625345,51.91681503478426
444,Cloud Engineer,0,16.666666666666664,100.0,100.0,2.277585794009844,43.794464111328125,47.744140819134024,64.4781653627703,34.68017602391753,38.52251861074591,55.76765052945006,48.44114259109977
444,Data Scientist,0,50.0,100.0,70.0,2.610455161588274,49.27659606933594,55.78305768463863,58.89701182252097,44.7288221057983,53.27418551133956,65.16645812988281,56.93125679322146
444,Software Engineer,1,42.857142857142854,100.0,100.0,3.227538939959603,43.645233154296875,57.030915814138474,64.66294740636688,46.2886447676731,49.448136251927615,66.52562938017005,59.3930951070517
444,Web Developer,0,14.285714285714285,100.0,100.0,0.9596576517566316,44.695682525634766,46.84830102660871,64.38200157939801,33.56037628326089,37.46858944306907,54.94629691628849,47.228174879721756
445,AI Engineer,0,25.0,100.0,100.0,2.7836689902607743,58.725250244140625,52.976337885160206,68.0405198233234,41.22042235645026,44.67804457077671,61.83386769014247,51.96182393945779
445,Cloud Engineer,0,33.33333333333333,100.0,100.0,3.540523515810247,56.269500732421875,55.638170303901475,67.64846713420741,44.547712879876855,47.809612122237034,64.83187267827051,55.52675905180965
445,Data Scientist,0,25.0,100.0,100.0,1.8606011455827192,52.29719161987305,51.87366891481837,66.34410602279749,39.842086143522955,43.380786958609846,60.69950440350701,51.79892961392637
445,Software Engineer,1,14.285714285714285,100.0,100.0,1.5898175575997022,49.509613037109375,47.66491458920636,65.63833013724056,34.581143236507955,38.42931128141925,55.79581406537224,47.339379568988186
445,Web Developer,0,14.285714285714285,100.0,100.0,1.0551810514404205,50.198280334472656,47.68801920788696,65.67387570444147,34.610024009858705,38.456493185749366,55.917343588436346,47.245031950254194
446,AI Engineer,0,25.0,100.0,100.0,6.360682994191073,51.910316467285156,52.49064991922143,67.29330756803297,40.613312399026796,44.10664696378992,60.6312323177562,52.59306170485725
446,Cloud Engineer,0,16.666666666666664,100.0,100.0,2.6063852772850984,51.070220947265625,48.88482426701593,66.23306297489631,36.10603033376993,39.86449913766582,57.051607618144914,48.49916602932481
446,Data Scientist,0,25.0,100.0,100.0,2.0448640132365616,38.9838752746582,49.90431089318421,63.31432445105263,37.38038861648027,41.06389516845202,58.35009563670439,51.831446590571154
446,Software Engineer,1,28.57142857142857,100.0,100.0,2.6870408785577053,36.84165573120117,50.92930449146383,62.9681607560982,38.661630614329795,42.26976998995745,59.4426451290355,53.4153601550396
446,Web Developer,0,0.0,100.0,100.0,0.11607813054477979,29.787275314331055,39.48550301673137,60.74692771804826,24.35687877091422,28.80647413733103,46.43304858488195,41.19695496421379
447,AI Engineer,0,25.0,60.0,100.0,1.5808396983141824,36.05308151245117,41.3950881816148,50.223212587099695,36.74386022701851,31.053044919546828,48.42113203160903,42.337795240878975
447,Cloud Engineer,0,16.666666666666664,60.0,100.0,1.4023669790117166,39.667293548583984,38.99378241247268,51.01607550636824,33.74222801559086,28.227979308791397,45.62756160661285,38.87492750610011
447,Data Scientist,0,25.0,60.0,70.0,1.066347607325431,31.47631072998047,36.131398750595885,42.12522884707059,30.164248438244858,30.154586765406926,42.3193489523495,36.952884871880954
447,Software Engineer,1,28.57142857142857,100.0,100.0,1.9513838947618516,32.03459930419922,50.09789747984416,61.689073045914085,37.622371849805205,41.2916440939343,58.594341053682214,53.28553833436974
447,Web Developer,0,14.285714285714285,100.0,100.0,0.9836739598029004,41.9932861328125,46.44654401389231,63.763913867526625,33.058180017365395,36.99593413399096,54.4694034352022,47.23241305172993
448,AI Engineer,0,25.0,100.0,100.0,2.7899928381191486,51.08076477050781,51.83061364129404,66.27786714045237,39.78826705161756,43.33013369564005,60.48484084185432,51.96293991260926
448,Cloud Engineer,0,16.666666666666664,100.0,100.0,2.5130117401984218,43.75299835205078,47.77323484717071,64.52292540590366,34.716543558963394,38.55674687902437,55.76033304251876,48.48268834630952
448,Data Scientist,0,50.0,100.0,100.0,2.8802886308767284,51.1798210144043,60.609016446792154,66.32156376429562,50.761270558490196,53.65766640799077,70.79643900254193,62.27299211133119
448,Software Engineer,1,42.857142857142854,100.0,100.0,5.069809891399292,41.26221466064453,56.949803682806575,64.53815951201011,46.18725460350822,49.35271021506656,66.10509670481963,59.71820174554105
448,Web Developer,0,0.0,100.0,100.0,0.127497042206964,35.25956726074219,40.30805964544237,62.01239945452672,25.38507455680297,29.774187818167494,47.39874716366039,41.19897006627182
449,AI Engineer,0,25.0,8.333333333333332,100.0,1.899047929954187,51.902191162109375,33.4868525304762,38.05669620073262,39.77523232976192,21.74923827114847,39.06117098939185,30.237086889599755
449,Cloud Engineer,0,33.33333333333333,8.333333333333332,100.0,2.6883139304049957,48.75092315673828,36.049218896404824,37.51161881498178,42.978190287172694,24.763786936946847,41.936437419816556,33.807741673993036
449,Data Scientist,0,25.0,8.333333333333332,70.0,0.7009879394745596,34.48005294799805,26.193822799787554,26.836650461211626,30.658945166401114,18.46332094092654,30.6925583633722,24.731546891279823
449,Software Engineer,1,28.57142857142857,12.5,100.0,1.5919797158349809,37.628787994384766,33.38311515653296,35.97402331774301,38.6038939456662,21.62719430180348,38.993315528420844,32.63387877338264
449,Web Developer,0,14.285714285714285,12.5,100.0,0.9653305057824557,39.49509811401367,28.56906429296942,36.260098912260645,32.586330366211776,15.963605050552257,33.440311431884766,26.64094067749102
450,AI Engineer,0,25.0,100.0,100.0,1.6488562175947192,44.185386657714844,50.62513643129643,64.42328681737912,38.281420539120546,41.91192521328992,59.26800941018497,51.76156286192848
450,Cloud Engineer,0,33.33333333333333,100.0,100.0,2.4555728279564955,42.31253433227539,53.38188274070145,64.17725549851505,41.727353425876814,45.15515616553112,62.36887860765644,55.33529716571781
450,Data Scientist,0,25.0,100.0,100.0,0.7334712902472875,36.84490966796875,49.38675714373241,62.51808791343448,36.73344642966551,40.45500840439107,57.972631117876844,51.60002434533776
450,Software Engineer,1,28.57142857142857,100.0,100.0,1.642030556787023,36.90361785888672,50.781847262351064,62.7413034805401,38.47730907793883,42.09629089688361,59.45357962215648,53.23094656884477
450,Web Developer,0,14.285714285714285,100.0,100.0,1.0100633287957173,46.36214828491211,47.105831742056175,64.77820268008642,33.88228967757022,37.771566755360205,55.240379109102136,47.23706999919925
451,AI Engineer,0,12.5,8.333333333333332,100.0,0.7191244017817767,39.18757629394531,27.02767177102573,34.850264263116514,31.701256380448836,14.150202083559684,31.67035660089231,24.881806266981098
451,Cloud Engineer,0,16.666666666666664,8.333333333333332,100.0,1.5059508672327468,43.91701126098633,29.313444319232858,36.12324767061466,34.55847206570775,16.83934625792101,34.220649046056415,26.736344270688132
451,Data Scientist,0,0.0,8.333333333333332,100.0,0.13431465971522558,26.111295700073242,20.603508220634936,31.697704954822978,23.67105194246034,6.592362612511691,24.215718849032534,19.63154572426347
451,Software Engineer,1,14.285714285714285,12.5,100.0,1.0841071831160565,28.745920181274414,26.97450410465857,33.80692939178242,30.593130130823216,14.087651887833612,31.54339767904843,26.661901267608716
451,Web Developer,0,0.0,12.5,100.0,0.12719332124156904,28.843551635742188,21.84561174354756,33.60863345161163,24.182014679434452,8.053660874761839,25.67827381807215,20.610681174336747
452,AI Engineer,0,12.5,100.0,100.0,2.1180565871285855,53.36791229248047,47.69789533194135,66.65060820298669,34.6223691649267,38.46811215522513,55.74139628690832,46.697304103610925
452,Cloud Engineer,0,0.0,100.0,100.0,1.814657487433167,49.55615234375,42.70562147467747,65.70095611488841,28.382026843346846,32.59484879373821,49.9216739430147,41.49670426248821
452,Data Scientist,0,25.0,100.0,100.0,2.1862101457132814,53.82307815551758,52.15139324518462,66.77137422336095,40.18924155648079,43.7075214649231,60.96877849803252,51.856390025714106
452,Software Engineer,1,28.57142857142857,100.0,100.0,2.8485717560374337,45.642234802246094,52.273620983742525,65.0363399749885,40.34202622967816,43.85131880440297,60.99568849451401,53.443865604006604
452,Web Developer,0,0.0,100.0,100.0,0.1241017422428817,42.35704040527344,41.37217132212745,63.64949434173454,26.71521415265931,31.026083908385232,48.651242424460015,41.198370895689926
453,AI Engineer,0,12.5,60.0,100.0,1.2644512423544136,43.613155364990234,38.1066409911017,51.89483229400261,32.633301238877124,27.18428351894317,44.60820388793946,37.13490316041548
453,Cloud Engineer,0,16.666666666666664,60.0,100.0,1.9797299118801297,45.917327880859375,40.01789200224426,52.59162872140142,35.02236500280532,29.43281412028736,46.73050884172028,38.97681508248865
453,Data Scientist,0,0.0,60.0,100.0,0.11588481210851809,31.673973083496094,31.768478684340693,48.87458259129337,24.71059835542587,19.727621981577286,37.35423054414637,31.78515614331327
453,Software Engineer,1,28.57142857142857,100.0,100.0,1.7761528780054332,35.918975830078125,50.654269306212534,62.54502970186543,38.31783663276567,41.946199183779456,59.27981926413143,53.25461521376567
453,Web Developer,0,14.285714285714285,100.0,100.0,0.9113882085350892,44.952877044677734,46.87963978798193,64.43021505843373,33.59954973497741,37.50545857409638,54.9916841843549,47.219656742682666
454,AI Engineer,0,37.5,100.0,100.0,6.498080568917124,58.39619445800781,57.85914125403875,68.82175577544422,47.323926567548426,50.422519122398526,66.9228578455308,57.764367159220676
454,Cloud Engineer,0,33.33333333333333,100.0,100.0,3.6109499525575552,61.15620040893555,56.38173922089063,68.79241931419071,45.47717402611329,48.68439908340074,65.69423144471412,55.539187246529764
454,Data Scientist,0,25.0,100.0,100.0,2.078162611127964,51.46446228027344,51.78139373371021,66.20214420570801,39.726742167137765,43.272227922012014,60.55255216710708,51.83732281372846
454,Software Engineer,1,28.57142857142857,100.0,100.0,2.7307966946675672,49.374027252197266,52.81572359202973,65.87034398773804,41.01965449003716,44.489086578858505,61.65424010332893,53.42308176964722
454,Web Developer,0,0.0,100.0,100.0,0.11796834865609494,41.2115478515625,41.19942743003279,63.38373450774275,26.49928428754099,30.822855800038575,48.4490966796875,41.197288532115785
455,AI Engineer,0,25.0,8.333333333333332,100.0,1.7481591333843354,44.52850341796875,32.35816604936963,36.32025546056866,38.36437422837871,20.4213718227878,37.75993197571997,30.210459454910957
455,Cloud Engineer,0,33.33333333333333,8.333333333333332,100.0,4.119657314373182,43.78343963623047,35.51879787592387,36.69558647578033,42.31516401157151,24.139762206969273,41.059822680903416,34.06033168292859
455,Data Scientist,0,0.0,8.333333333333332,70.0,0.11427912426654556,28.93745231628418,16.524426382749276,25.422194434998886,18.57219964510326,7.087560450293266,19.420334722481524,14.33389239447841
455,Software Engineer,1,28.57142857142857,12.5,100.0,1.7515426894068857,33.3109016418457,32.759366649687884,35.01441023028906,37.82420831210986,20.893372529044573,38.23133558385512,32.66203694518945
455,Web Developer,0,14.285714285714285,12.5,100.0,0.8987601087941884,38.531612396240234,28.414555875755163,36.02239365500794,32.39319484469396,15.781830442064898,33.27028454051298,26.62919296037545
456,AI Engineer,0,12.5,8.333333333333332,100.0,1.8138050462145598,44.916236877441406,28.05117295521506,36.42488146956163,32.980632860685496,15.354321123782427,32.68129670386221,25.07498520423394
456,Cloud Engineer,0,0.0,8.333333333333332,100.0,1.5539881832522031,43.15886306762695,23.37359435429854,35.95937592969006,27.133659609539848,9.851287475645341,27.22411309036554,19.882076346064114
456,Data Scientist,0,25.0,8.333333333333332,100.0,1.8721685806119048,46.125144958496094,32.616263697532865,36.717328765435184,38.686996288582755,20.725016114744548,38.04169224757774,30.232343475009944
456,Software Engineer,1,28.57142857142857,12.5,100.0,2.439384224672416,42.049198150634766,34.17328735629607,37.189672855840115,39.5916091953701,22.55680865446597,39.77338790893555,32.78342074553043
456,Web Developer,0,14.285714285714285,12.5,100.0,0.8826060874663881,49.376914978027344,30.03892815982406,38.52142793819086,34.42366019978008,17.692856658616538,35.184161466710705,26.626342250729365
457,AI Engineer,0,12.5,100.0,100.0,2.3111696149274397,53.36190414428711,47.72596106388218,66.69378625212643,34.65745132985273,38.5011306633908,55.740336025462426,46.73138287322249
457,Cloud Engineer,0,16.666666666666664,100.0,100.0,2.990517848524051,49.260589599609375,48.67099945055334,65.9041017188,35.838749313191684,39.61294053006276,56.73226090973498,48.56695413013169
457,Data Scientist,0,0.0,100.0,70.0,1.1244477709228948,39.85100173950195,36.646317426563726,56.378949887021115,20.807896783204658,30.76037344301615,42.91488265991211,36.0807849007511
457,Software Engineer,1,28.57142857142857,100.0,100.0,2.6355338494078193,43.072166442871094,51.85615504384184,64.3940846828336,39.8201938048023,43.36018240451981,60.542147019330194,53.40627067930726
457,Web Developer,0,14.285714285714285,100.0,100.0,0.9657808958028279,43.45220184326172,46.66269741085968,64.09645755516874,33.32837176357461,37.25023224807021,54.72685914881089,47.2292554522005
458,AI Engineer,0,25.0,8.333333333333332,100.0,2.3898059758596943,53.21175003051758,33.756900067623256,38.47215395018962,40.11279175119574,22.06694125602736,39.29226961322859,30.323691250641904
458,Cloud Engineer,0,33.33333333333333,8.333333333333332,100.0,3.039572695373692,46.41325759887695,35.75125787747093,37.053217247391174,42.60573901350533,24.413244561730505,41.52390820372338,33.86972851486986
458,Data Scientist,0,25.0,8.333333333333332,70.0,1.5973435605892317,44.270687103271484,27.796871266245773,29.302878871147342,32.66275574947389,20.34926031323032,32.42031733194987,24.889727295005944
458,Software Engineer,1,28.57142857142857,12.5,100.0,3.4700196149702482,43.39014434814453,34.52902459446722,37.736960914564946,40.03628074308402,22.975323052314373,40.01002547320198,32.965297579112395
458,Web Developer,0,14.285714285714285,12.5,100.0,0.905882844249381,42.79478454589844,29.055100108522176,37.007846320803345,33.193875135652725,16.535411892379027,34.022609037511494,26.63044991369107
459,AI Engineer,0,25.0,60.0,100.0,2.8682105531126387,50.460296630859375,43.7492760775958,53.845040119378154,39.68659509699476,33.822677738348006,50.96358175838695,42.564978332902236
459,Cloud Engineer,0,16.666666666666664,60.0,100.0,2.5834642637262766,48.49955749511719,40.49578659715984,53.326851175117724,35.61973324644982,29.99504305548218,47.18619642070695,39.08335643869678
459,Data Scientist,0,50.0,60.0,100.0,2.9610377970218225,53.81795883178711,53.01684949432134,54.64130691434051,51.27106186790168,44.72570528743687,61.850228029138904,52.87547725829797
459,Software Engineer,1,42.857142857142854,100.0,100.0,5.211942494658582,46.84538269042969,57.808598777763244,65.85938273502038,47.26074847220405,50.36305738560382,67.0903616512523,59.74328396964564
459,Web Developer,0,0.0,100.0,100.0,0.13107143393070056,42.50447082519531,41.39533133886891,63.685125136721396,26.74416417358613,31.053330986904587,48.677259557387416,41.19960084128189
460,AI Engineer,0,37.5,100.0,100.0,3.129553983323979,58.217750549316406,57.327095679896054,68.003224122917,46.65886959987008,49.79658315281889,66.89136774399701,57.169921291174816
460,Cloud Engineer,0,33.33333333333333,100.0,100.0,3.5964680525855983,58.81875228881836,56.02894971787725,68.24966623263167,45.036187147346574,48.26935260926736,65.28174059998754,55.53663161712294
460,Data Scientist,0,50.0,100.0,100.0,2.6664723622456683,55.60380172729492,61.240541113431085,67.29314017450936,51.55067639178886,54.40063660403657,71.57714148128734,62.23525982863159
460,Software Engineer,1,28.57142857142857,100.0,100.0,2.415488997272552,47.9609260559082,52.55646225797711,65.47148039688786,40.6955778224714,44.18407324467896,61.4048693039838,53.3674392348128
460,Web Developer,0,0.0,100.0,100.0,0.11803238594510462,41.63351821899414,41.26273259074089,63.48112706267829,26.57841573842611,30.89733245969516,48.52356203864603,41.19729983281384
461,AI Engineer,0,12.5,60.0,100.0,1.7231318053168385,56.71651840209961,40.14094753111247,55.024534663249945,35.17618441389059,29.57758533072055,46.92056207095876,37.21584678917356
461,Cloud Engineer,0,16.666666666666664,60.0,100.0,3.1227667879140912,62.3682975769043,42.65699298805609,56.65178408418886,38.32124123507011,32.537638809477755,49.633621141022324,39.17852747237699
461,Data Scientist,0,0.0,60.0,100.0,1.1896181484130905,50.00039291381836,34.678501659334714,53.351541014361096,28.3481270741684,23.151178422746728,40.5883046318503,31.97463849677878
461,Software Engineer,1,14.285714285714285,100.0,100.0,1.845663849588935,49.54512023925781,47.708617613327014,65.70556555896464,34.63577201665877,38.480726603914135,55.80208004222197,47.38452891463334
461,Web Developer,0,0.0,100.0,100.0,0.12302996786167465,46.516536712646484,41.99593500207622,64.60913077242496,27.494918752595282,31.75992353185438,49.385271184584674,41.19818175903441
462,AI Engineer,0,37.5,60.0,100.0,4.3097403960073795,52.782630920410156,48.68885569746263,54.713624149942504,45.86106962182829,39.633947879367796,56.52046428007238,47.96642477576601
462,Cloud Engineer,0,33.33333333333333,60.0,100.0,5.313171617628306,61.47613525390625,48.685062697396845,56.95137850881567,45.85632837174606,39.62948552634923,56.33892582912071,46.427814599189304
462,Data Scientist,0,25.0,60.0,100.0,1.93595246781764,46.783294677734375,43.0578870718328,52.781364725896616,38.82235883979101,33.00927890803859,50.314699060776654,42.400462200203116
462,Software Engineer,1,28.57142857142857,100.0,100.0,2.5439263375451038,45.685855865478516,52.23446733045354,64.97610358531314,40.29308416306693,43.80525568288652,61.00338632920209,53.390104647802076
462,Web Developer,0,0.0,100.0,100.0,0.10989569078099254,41.22356033325195,41.20001840360494,63.384643697853754,26.500023004506176,30.823551063064635,48.451216529397406,41.195863945431945
463,AI Engineer,0,50.0,100.0,100.0,4.202838644401594,55.613075256347656,61.47238708511239,67.64982628478829,51.84048385639049,54.673396570720456,71.5787779864143,62.50638329018852
463,Cloud Engineer,0,50.0,100.0,100.0,4.053318424269027,54.89595031738281,61.342390311247776,67.4498312480735,51.67798788905972,54.52045918970327,71.45222652659697,62.479997368988656
463,Data Scientist,0,50.0,100.0,70.0,4.268665735808652,50.865638732910156,56.270145670307826,59.64637795431972,45.33768208788478,53.84723020036215,65.44687742345474,57.22388218867212
463,Software Engineer,1,57.14285714285714,100.0,100.0,5.746030387908152,49.397010803222656,63.271456178669624,66.57147104410711,54.08932022333703,56.78994844549368,73.42300190645106,65.71988771551321
463,Web Developer,0,0.0,100.0,100.0,0.11354629043105383,40.14054489135742,41.03811367726827,63.135559503489645,26.297642096585342,30.633074914433262,48.26009615729836,41.196508168899605
464,AI Engineer,0,37.5,100.0,100.0,2.0265794858340125,43.08641052246094,54.891948501244244,64.25684384806806,43.61493562655531,46.931704119110876,64.22113126866958,56.975278732794244
464,Cloud Engineer,0,50.0,100.0,100.0,2.806023917525752,45.36551284790039,59.725730514813925,64.96266233048296,49.65716314351741,52.618506488016386,69.77038462021773,62.259886573681015
464,Data Scientist,0,25.0,100.0,100.0,0.6834776951291067,31.104671478271484,48.51822237601009,61.181880578477056,35.64777797001262,39.43320279530599,56.95964790793026,51.591201946199256
464,Software Engineer,1,42.857142857142854,100.0,100.0,2.398428329309427,34.9769287109375,55.60630355603704,62.47123624005698,44.507879445046306,47.77212183063181,64.9959285960478,59.24678146987814
464,Web Developer,0,14.285714285714285,100.0,100.0,0.9412171479363272,39.51509475708008,46.068446785752464,63.18222582423456,32.58555848219058,36.551113865591134,54.03207554536707,47.22492067316524
465,AI Engineer,0,37.5,8.333333333333332,100.0,4.654910569326149,54.937744140625,38.73056487315934,39.393176727937444,46.32987275811585,27.918311615481574,44.74391563265931,35.87047441419481
465,Cloud Engineer,0,33.33333333333333,8.333333333333332,100.0,2.9147117854491493,51.740509033203125,36.53161645613117,38.25376890686847,43.58118723683064,25.33131347780138,42.46401139801623,33.84769423664788
465,Data Scientist,0,50.0,8.333333333333332,100.0,2.6762649216435253,52.43245315551758,42.432974378240836,38.35842212037051,50.95788463946771,32.27408750381275,49.44886428234624,40.66836047636848
465,Software Engineer,1,42.857142857142854,12.5,100.0,3.3089054259016524,45.23450469970703,39.7815115188413,38.125402336678924,46.601889398551634,29.154719433930946,46.217853770536536,38.81921860457088
465,Web Developer,0,0.0,12.5,100.0,0.11846585721096271,36.47010040283203,22.98828493900645,35.36659221385608,25.610356173758063,9.397982281184058,27.024135365205655,20.609141033625466
466,AI Engineer,0,37.5,100.0,100.0,2.792530458212052,54.073570251464844,56.65491510645154,66.9691001637716,45.81864388306442,49.00578247817828,66.16004180908203,57.11044655144919
466,Cloud Engineer,0,50.0,100.0,100.0,4.077126199251508,54.26472473144531,61.251277639604524,67.30965790708387,51.56409704950566,54.41326781129944,71.34083377613742,62.48419874104438
466,Data Scientist,0,25.0,100.0,70.0,1.5588344829312757,38.27264404296875,45.224721778885005,56.11495658290001,31.530902223606255,40.85261385751177,52.93046659581801,46.45155902639964
466,Software Engineer,1,28.57142857142857,100.0,100.0,2.147542306566304,40.23373031616211,51.35719089340926,63.62644752832194,39.19648861676158,42.773165756952075,60.04124652638155,53.32015452468817
466,Web Developer,0,14.285714285714285,100.0,100.0,0.8840436396731652,39.712013244628906,46.089408532645315,63.21447466560817,32.611760665806635,36.5757747442886,54.06682586669922,47.214831230530564
467,AI Engineer,0,25.0,100.0,100.0,1.5495772913808716,40.98973083496094,50.13089621895127,63.66291725992503,37.66362027368909,41.33046613994267,58.70407014734605,51.74404305142015
467,Cloud Engineer,0,33.33333333333333,100.0,100.0,4.745418232817119,43.175228118896484,53.85476361942371,64.90476454270313,42.31845452427964,45.71148661108671,62.5211186876484,55.73938753128145
467,Data Scientist,0,25.0,100.0,100.0,0.8926021561198652,29.695087432861328,48.33815343834718,60.90485144361104,35.42269179793397,39.2213569862908,56.71089778226965,51.62810626284468
467,Software Engineer,1,14.285714285714285,100.0,100.0,0.8931458957223755,30.385726928710938,44.691830923665,61.06435526717692,30.864788654581247,34.931565792547055,52.42101063447841,47.216437511009836
467,Web Developer,0,14.285714285714285,100.0,100.0,1.229202447442352,38.724876403808594,45.99311182768764,63.066325888750214,32.49138978460955,36.46248450316193,53.892625247730926,47.27574160837218
468,AI Engineer,0,25.0,100.0,100.0,2.7152384176348665,49.640716552734375,51.60339324555539,65.92829730085444,39.50424155694424,43.06281558300634,60.23071468577666,51.949747956053216
468,Cloud Engineer,0,16.666666666666664,100.0,100.0,2.490556729407177,52.595340728759766,49.09621795205837,66.55828402880775,36.37027244007297,40.11319759065691,57.32074640311446,48.47872569734636
468,Data Scientist,0,25.0,100.0,100.0,1.9539896397027585,43.653045654296875,50.591055294099945,64.3708542986153,38.238819117624935,41.871829757764644,59.17406688017004,51.815409936418135
468,Software Engineer,1,42.857142857142854,100.0,100.0,3.3958280264125325,44.12177658081055,57.127640691083464,64.81175490935917,46.409550863854335,49.56193022480408,66.60972527896656,59.42279318113163
468,Web Developer,0,0.0,100.0,100.0,0.11091958341110714,40.46782684326172,41.08681196400092,63.2104799446168,26.358514955001155,30.69036701647168,48.317851795869714,41.19604463236667
469,AI Engineer,0,25.0,100.0,100.0,2.0963858544817544,42.795204162597656,50.48373850256191,64.20575154240294,38.10467312820239,41.74557470889637,59.02268308751724,51.84053868020266
469,Cloud Engineer,0,16.666666666666664,100.0,100.0,1.9681953334829396,41.571231842041016,47.36424740966192,63.89371396358245,34.20530926207741,38.07558518783756,55.37531542310527,48.3865442745362
469,Data Scientist,0,25.0,100.0,70.0,0.982230198609622,32.95270538330078,44.34024033728656,54.75421590351778,30.425300421608203,39.812047455631244,51.99165389117073,46.34980532916641
469,Software Engineer,1,42.857142857142854,100.0,100.0,2.633353135515601,33.43949890136719,55.41092780553242,62.17065816235756,44.26365975691552,47.54226800650873,64.72461745318245,59.288238788620404
469,Web Developer,0,14.285714285714285,100.0,100.0,0.9060781515022898,38.43595886230469,45.90130555207105,62.92508546472469,32.37663194008881,36.35447712008358,53.841639799230244,47.218719673794524
470,AI Engineer,0,25.0,8.333333333333332,100.0,2.6740087838125306,49.388004302978516,33.22596862968532,37.65533635336203,39.44912745377332,21.44231603492391,38.61749095542758,30.373844687339464
470,Cloud Engineer,0,16.666666666666664,8.333333333333332,100.0,2.452738782629355,45.80560302734375,29.738751271495964,36.77756605871174,35.09010575603662,17.339707378230546,34.55392994600184,26.903424491052238
470,Data Scientist,0,25.0,8.333333333333332,100.0,1.9243192148832113,40.645992279052734,31.802213390757057,35.464943678087785,37.669433405113,19.76730987147889,37.074782951205385,30.241546528116643
470,Software Engineer,1,42.857142857142854,12.5,100.0,3.3442639555952933,39.91332244873047,38.98863796064886,36.90559686253672,45.610797450811084,28.221927012528077,45.27882160859949,38.82545834510505
470,Web Developer,0,14.285714285714285,12.5,100.0,0.9071917298864977,39.67082595825195,28.586702653220765,36.28723485110887,32.60837831652596,15.984356062612665,33.47132222792681,26.630680893509382
471,AI Engineer,0,37.5,8.333333333333332,100.0,2.4016977424183747,52.62773132324219,38.04608102651575,38.34012465617808,45.47426794981136,27.113036501783238,44.3362663119447,35.472848621211085
471,Cloud Engineer,0,50.0,8.333333333333332,100.0,3.2093982800799115,51.993404388427734,42.447087066942814,38.38013394914279,50.975525500345185,32.290690666991544,49.37138508815392,40.7624428337396
471,Data Scientist,0,25.0,8.333333333333332,100.0,0.6907196790016334,34.695701599121094,30.72462985838507,33.80712285905396,36.32245398964801,18.49956453927656,36.02473165474686,30.023852492372832
471,Software Engineer,1,28.57142857142857,12.5,100.0,1.5686599674209618,36.86216354370117,33.264623526668316,35.79172850256664,38.4557794083354,21.487792384315668,38.85802886065315,32.629763523662525
471,Web Developer,0,0.0,12.5,100.0,0.1145331805964834,30.650827407836914,22.11480408826501,34.022775520407706,24.518505110331265,8.37035775090001,25.997204836677103,20.608447031869968
472,AI Engineer,0,25.0,100.0,100.0,1.9944380343687471,54.430233001708984,52.21370065541166,66.8672317775564,40.26712581926457,43.780824300484305,61.07592347088982,51.822547888418015
472,Cloud Engineer,0,33.33333333333333,100.0,100.0,2.1072158990056304,51.02256393432617,54.63613364166643,66.10687226923041,43.295167052083045,46.63074546078404,63.90594265507716,55.273822413550015
472,Data Scientist,0,0.0,100.0,100.0,0.13037865238864488,39.20490646362305,40.90029276740176,62.92352733446424,26.125365959252193,30.47093266753147,48.09498349358054,41.199478585715646
472,Software Engineer,1,28.57142857142857,100.0,100.0,1.9982982623616807,43.10719299316406,51.765823688328865,64.25511336665978,39.70727961041108,43.25391022156337,60.54832817526425,53.29381734041677
472,Web Developer,0,0.0,100.0,100.0,0.12346600029715096,35.67548370361328,40.369842455586564,62.10744993167164,25.46230306948321,29.846873477160663,47.472144182990576,41.19825870593479
473,AI Engineer,0,25.0,100.0,100.0,2.8068596817061873,44.7429313659668,50.88246865715095,64.819182549463,38.60308582143868,42.214669008412876,59.36639965281768,51.96591641441874
473,Cloud Engineer,0,16.666666666666664,100.0,100.0,2.5794395202589033,41.75299835205078,47.48319901417978,64.07671643207146,34.35399876772473,38.21552825197622,55.40739186604817,48.49441089573196
473,Data Scientist,0,25.0,100.0,100.0,1.9949031862602125,42.09501266479492,50.363487377658274,64.02074981178195,37.95435922207284,41.60410279724503,58.89911988202263,51.822629974045924
473,Software Engineer,1,28.57142857142857,100.0,100.0,2.599304043827813,38.539676666259766,51.170847106513136,63.33976477925098,38.963558883141424,42.5539377723684,59.742295882281134,53.39987718420491
473,Web Developer,0,14.285714285714285,100.0,100.0,0.9404674954666108,43.206424713134766,46.6220338312902,64.03389820198493,33.27754228911276,37.202392742694364,54.683486714082605,47.224788381552926
474,AI Engineer,0,25.0,100.0,100.0,1.5158868567727597,37.48464584350586,49.600079905041795,62.846276776987374,37.00009988130224,40.705976358872704,58.08552573708927,51.73809768060696
474,Cloud Engineer,0,16.666666666666664,100.0,100.0,1.3447471455347304,37.218570709228516,46.617831011547814,62.7453810434069,33.27228876443478,37.19744824887979,54.60719875260895,48.27652400607475
474,Data Scientist,0,25.0,100.0,100.0,1.0225339890056573,32.91149139404297,48.8401038074573,61.67708278070353,36.05012975932162,39.811886832302704,57.2784984813017,51.65103540982453
474,Software Engineer,1,28.57142857142857,100.0,100.0,1.8712062973507315,29.37888526916504,49.687513734977365,61.05771343842672,37.10939216872171,40.808839688208664,58.12568563573501,53.271389346591306
474,Web Developer,0,14.285714285714285,100.0,100.0,0.9432571997053161,37.34501647949219,45.74324105187963,62.68190931058404,32.17905131484954,36.168518884564264,53.64912055520451,47.22528068230094
475,AI Engineer,0,12.5,60.0,100.0,0.7441371781083914,46.54694366455078,38.468662126398876,52.4517878867675,33.0858276579986,27.610190736939852,45.12593123492073,37.043083031430896
475,Cloud Engineer,0,16.666666666666664,60.0,100.0,3.5502110315110422,49.39509582519531,40.77512936183928,53.756609274624545,35.96891170229911,30.32368160216387,47.344232596603085,39.253958809482334
475,Data Scientist,0,0.0,60.0,100.0,0.13898642795521052,35.648284912109375,32.36809070100969,49.797062616937986,25.46011337626211,20.43304788354081,38.05557969037224,31.789232899050923
475,Software Engineer,1,14.285714285714285,100.0,100.0,1.1218148876775642,36.074703216552734,45.579477715634546,62.42996571636084,31.97434714454318,35.97585613604064,53.42494762645049,47.25679086253133
475,Web Developer,0,0.0,100.0,100.0,0.13161739319152913,37.01436233520508,40.57189695925949,62.41830301424537,25.714871199074366,30.08458465795234,47.708416882683245,41.199697187033806
476,AI Engineer,0,25.0,100.0,100.0,4.122254814792681,51.48764419555664,52.091484851552394,66.67920746392676,40.11435606444049,43.63704100182635,60.55664309333353,52.198044967316356
476,Cloud Engineer,0,16.666666666666664,100.0,100.0,2.67629642634687,54.778717041015625,49.45158535343771,67.1050031078529,36.814481691797134,40.5312768863973,57.70604810527727,48.511503290923955
476,Data Scientist,0,25.0,100.0,100.0,2.0997134608935655,45.90166473388672,50.950206729217044,64.92339496802622,38.68775841152131,42.294360857902404,59.570882011862366,51.841125904863574
476,Software Engineer,1,42.857142857142854,100.0,100.0,3.6490806670923193,46.795902252197266,57.56674743789344,65.48730375060529,46.95843429736681,50.07852639752169,67.08162980921128,59.46748482360453
476,Web Developer,0,0.0,100.0,100.0,0.11919169765937805,42.5457878112793,41.3997469263408,63.69191834821661,26.749683657926003,31.058525795695065,48.68455079022576,41.19750441723401
477,AI Engineer,0,12.5,60.0,100.0,1.0471090242813448,40.89768981933594,37.66671982654259,51.21803050237321,32.08339978317824,26.666729207697166,44.12900408576517,37.09654865134377
477,Cloud Engineer,0,16.666666666666664,60.0,100.0,1.809027595069683,42.29948043823242,39.449609538328644,51.717348007685096,34.31201192291081,28.764246515680764,46.092065175374344,38.94669114422798
477,Data Scientist,0,0.0,60.0,100.0,0.12649259564780665,30.999855041503906,31.66895214557276,48.72146483934271,24.586190181965947,19.61053193596795,37.23526853673599,31.78702810511432
477,Software Engineer,1,14.285714285714285,100.0,100.0,1.0209721845964455,34.07120132446289,45.2638260263589,61.94434773285984,31.579782532948627,35.60450120748106,53.071388469022864,47.23899509139937
477,Web Developer,0,14.285714285714285,100.0,100.0,0.9948142301206182,43.933040618896484,46.73917822735256,64.21412034977317,33.42397278419071,37.34020967923831,54.81171305039349,47.23437898178599
478,AI Engineer,0,12.5,60.0,100.0,1.1534898087160734,45.702735900878906,38.40343385643924,52.351436702214215,33.00429232054906,27.533451595810877,44.97695339427275,37.115321730949894
478,Cloud Engineer,0,16.666666666666664,60.0,100.0,1.2187152583242777,36.495235443115234,38.49042593854926,50.24168093110143,33.113032423186574,27.635795221822658,45.06778664682425,38.84251837891996
478,Data Scientist,0,25.0,60.0,100.0,0.7793719322339523,35.95070266723633,41.259511189920545,50.01463259987776,36.57438898740068,30.89354257637711,48.40306517657112,42.19635975274717
478,Software Engineer,1,28.57142857142857,100.0,100.0,3.2739847920671266,37.568931579589844,51.126437455748544,63.271442239613144,38.90804681968568,42.50169112441005,59.57098792580997,53.51893849271773
478,Web Developer,0,14.285714285714285,100.0,100.0,1.0732731038140144,41.89208221435547,46.44480329772542,63.76123584265449,33.05600412215678,36.993886232618145,54.45154392018038,47.24822466537895
479,AI Engineer,0,25.0,60.0,100.0,2.751836506147478,57.85497283935547,44.841021401825444,55.52464831050068,41.05127675228181,35.10708400214758,52.26852461870979,42.54444173637897
479,Cloud Engineer,0,33.33333333333333,60.0,100.0,3.4332956024406363,52.169654846191406,47.00710923396147,54.369911641992,43.75888654245185,37.65542262818997,54.69660575717103,46.09607177297972
479,Data Scientist,0,25.0,60.0,100.0,1.6321716925087393,43.56908416748047,42.53018837899838,51.969520583074434,38.16273547374798,32.388456916468684,49.74748544132008,42.346853828089785
479,Software Engineer,1,42.857142857142854,100.0,100.0,3.0807814551471364,46.23588180541992,57.39749948908506,65.22692229090009,46.746874361356326,49.87941116362948,66.98280267154469,59.36719672737891
479,Web Developer,0,14.285714285714285,100.0,100.0,0.9256345169524646,43.681175231933594,46.691021462332905,64.1400330189737,33.36377682791614,37.28355466156813,54.76726621740004,47.22217079710926
480,AI Engineer,0,25.0,8.333333333333332,100.0,1.8046774643240697,48.78826904296875,33.005608642760585,37.316320988862444,39.173677470117404,21.183068991483047,38.511655321308204,30.220433278017968
480,Cloud Engineer,0,16.666666666666664,8.333333333333332,100.0,2.994251836899874,54.73784255981445,31.15981415950715,38.963816655652025,36.866434366050605,19.011546070008407,36.13020751055549,26.99898561827645
480,Data Scientist,0,25.0,8.333333333333332,100.0,0.8455546007524196,42.985355377197266,31.991303163359117,35.75585102055249,37.90579562086557,19.98976842748132,37.48761173323089,30.051176302093562
480,Software Engineer,0,42.857142857142854,12.5,100.0,2.2669266963008377,45.40409469604492,39.650653208851864,37.924081859772095,46.43831651106483,29.000768481002194,46.24778141694911,38.63534000522956
480,Web Developer,1,14.285714285714285,12.5,100.0,2.822515955266047,52.465484619140625,30.793200086161,39.68184628640154,35.366500107701256,18.580235395483527,35.72920316808364,26.96867928622342
481,AI Engineer,0,37.5,8.333333333333332,100.0,4.386358492344937,57.93159484863281,39.13935966781332,40.02209179663589,46.84086625143334,28.399246668015685,45.2722422281901,35.823082871198125
481,Cloud Engineer,0,33.33333333333333,8.333333333333332,100.0,2.9851396610634886,57.85479736328125,37.45932388698504,39.68101110818211,44.740821525397976,26.422733984688282,43.54300345626531,33.86012268528571
481,Data Scientist,0,25.0,8.333333333333332,100.0,1.7179982315244968,44.9625129699707,32.41874334689094,36.41345130290915,38.44009585028036,20.492639231636407,37.836521896661495,30.205136942818047
481,Software Engineer,0,28.57142857142857,12.5,100.0,2.2575249246474587,51.73897171020508,35.59947449522788,39.3838069157352,41.374343119034855,24.234675876738685,41.48334794885972,32.75132792787896
481,Web Developer,1,14.285714285714285,12.5,100.0,2.9308058601202522,51.01560974121094,30.59196234019968,39.37224975415335,35.114952925249604,18.343485106117267,35.47334289550781,26.987789269432984
482,AI Engineer,0,25.0,100.0,100.0,1.9994976396515103,52.012611389160156,51.85181635432175,66.31048669895654,39.81477044290219,43.35507806390794,60.64928436279297,51.8234407599385
482,Cloud Engineer,0,16.666666666666664,100.0,100.0,1.1346363777611528,46.4861946105957,47.97645798158686,64.8355763819285,34.97057247698358,38.795832919513956,56.242661794026695,48.23944563529118
482,Data Scientist,0,50.0,100.0,70.0,1.6817585617151471,54.299949645996094,56.39725623115669,59.841932663317984,45.49657028894587,53.99677203665493,66.0529322904699,56.76736915794974
482,Software Engineer,0,42.857142857142854,100.0,100.0,2.581154044461197,50.673927307128906,57.98826220273852,66.1357880042131,47.48532775342315,50.57442612086884,67.76598717184628,59.27902718431668
482,Web Developer,1,0.0,100.0,100.0,2.736911488630269,48.496795654296875,42.68505607143907,65.66931703298319,28.35632008929884,32.570654201693024,49.73472864487592,41.65945496858181
483,AI Engineer,0,12.5,60.0,100.0,1.318211917244853,52.12751007080078,39.39185829820685,53.87208968954899,34.23982287275856,28.69630388024335,46.110737071317786,37.14439033833733
483,Cloud Engineer,0,16.666666666666664,60.0,100.0,3.1394915828354324,52.36321258544922,41.15873895857602,54.34677788498876,36.44842369822004,30.774987010089447,47.86801790723614,39.18147890677488
483,Data Scientist,0,0.0,60.0,100.0,0.9100689891337403,44.43437576293945,33.80166671281098,52.00256417355535,27.252083391013723,22.11960789742468,39.606066311106964,31.92530629220007
483,Software Engineer,0,14.285714285714285,100.0,100.0,1.4119500750024085,45.650508880615234,47.05936884334265,64.70672129745023,33.82421105417831,37.716904521579586,55.11479568481446,47.30799118970631
483,Web Developer,1,14.285714285714285,100.0,100.0,2.8284988803087474,48.44633102416992,47.6912244856718,65.67880690103354,34.61403060708975,38.46026410079035,55.60817606308881,47.55797039064272
484,AI Engineer,0,0.0,8.333333333333332,100.0,2.2165689407638904,48.917083740234375,24.336714568816408,37.441099336640626,28.337559877687177,10.984370080960478,28.240269679649206,19.99900236209559
484,Cloud Engineer,0,0.0,8.333333333333332,100.0,0.9132613055366887,48.75518798828125,24.116934060739357,37.10297547806055,28.062834242590863,10.72580477734042,28.211699841069244,19.769006897055494
484,Data Scientist,0,0.0,8.333333333333332,100.0,3.160240638674948,45.73870086669922,24.001507892472794,36.925396757650454,27.918551532257656,10.590009285262107,27.67937858431947,20.165532661726953
484,Software Engineer,0,14.285714285714285,12.5,100.0,0.7624867912971361,43.3227424621582,29.1127843880183,37.096591366182004,33.26598048502288,16.603275750609768,34.11577808155733,26.605144727875967
484,Web Developer,1,14.285714285714285,12.5,100.0,2.688455028115486,51.144771575927734,30.574983990606484,39.346129216317664,35.093729988258104,18.323510577184095,35.49613616045784,26.945021475549794
485,AI Engineer,0,50.0,100.0,100.0,2.719514597770838,56.474422454833984,61.37909055789073,67.50629316598574,51.723863197363414,54.56363595045968,71.73078043320601,62.24462022313603
485,Cloud Engineer,0,50.0,100.0,100.0,3.971949332779871,61.152076721191406,62.26860390809569,68.87477524322414,52.83575488511962,55.61012224481846,72.55624883315143,62.46563811754939
485,Data Scientist,0,50.0,100.0,100.0,1.3262182039292283,47.632659912109375,59.84383171740579,65.1443564883166,49.80478964675724,52.75744907930093,70.1704693962546,61.998744388928685
485,Software Engineer,0,42.857142857142854,100.0,100.0,2.053977715226657,47.02555465698242,57.36192985583136,65.1721997782021,46.70241231978921,49.83756453627219,67.12215670417338,59.18599606739294
485,Web Developer,1,0.0,100.0,100.0,2.1583013884363407,44.63848876953125,42.01951852369514,64.64541311337713,27.52439815461893,31.787668851406043,49.05385095932905,41.55734730384171
486,AI Engineer,0,25.0,100.0,100.0,1.6612567802776275,53.76033020019531,52.06323804707094,66.63575084164759,40.079047558838674,43.603809467142284,60.95770532944623,51.763751196519586
486,Cloud Engineer,0,16.666666666666664,100.0,100.0,2.3326812530478707,55.35391616821289,49.486322946522435,67.15844555875248,36.85790368315306,40.57214464296759,57.80755383360619,48.4508653191653
486,Data Scientist,0,25.0,100.0,100.0,0.9100543370922685,52.5751953125,51.772787447438844,66.18890376529053,39.715984309298555,43.26210287933982,60.74856387867648,51.63118605948687
486,Software Engineer,0,28.57142857142857,100.0,100.0,1.6653719336550847,50.68584060668945,52.85268188105168,65.92720289392565,41.065852351314604,44.53256691888433,61.88573657765108,53.2350656353509
486,Web Developer,1,0.0,100.0,100.0,2.2994064818789375,50.16932678222656,42.87030998961582,65.95432306094742,28.587887487019785,32.78859998778333,50.029881196863506,41.58224820268452
487,AI Engineer,0,25.0,100.0,100.0,4.6723288611072045,61.865211486816406,53.73063105218854,69.20097084952083,42.16328881523568,45.5654482966924,62.38797849767349,52.29511685784245
487,Cloud Engineer,0,33.33333333333333,100.0,100.0,3.0360768580211586,67.11695861816406,57.189621988094444,70.03531587911966,46.48702748511806,49.634849397758174,66.74612995222503,55.43773905337628
487,Data Scientist,0,0.0,100.0,100.0,4.878147550436023,50.837623596191406,43.35736567199411,66.70363949537555,29.196707089992643,33.36160667293425,50.14781592873966,42.0373201559593
487,Software Engineer,0,14.285714285714285,100.0,100.0,1.6871425436699263,54.18806076049805,48.3812804956252,66.74043153173108,35.476600619531496,39.27209470073552,56.62142248714672,47.356554566529994
487,Web Developer,1,0.0,100.0,100.0,2.525412580715761,50.01311492919922,42.88077912648724,65.97042942536498,28.60097390810906,32.800916619396766,50.002314399270446,41.622131631891016
488,AI Engineer,0,25.0,8.333333333333332,100.0,3.5009897166770734,46.61355209350586,32.933847938194106,37.20591990491401,39.0839765894093,21.09864463316954,38.127881741991224,30.519782499021442
488,Cloud Engineer,0,16.666666666666664,8.333333333333332,100.0,1.4250625358116455,50.42121505737305,30.276941638977704,37.60555123945288,35.7628437153888,17.972872516444355,35.36844971600701,26.72206985926088
488,Data Scientist,0,25.0,8.333333333333332,70.0,4.083307976663542,50.01844024658203,29.0319289001535,31.202967538697695,34.20657779185855,21.802269294298238,33.43462671018114,25.328426897842583
488,Software Engineer,0,28.57142857142857,12.5,100.0,1.554612880596992,49.19207000732422,35.11200243318818,38.633849897212585,40.76500304148523,23.661179333162565,41.033894707174866,32.627284625987706
488,Web Developer,1,14.285714285714285,12.5,100.0,2.835783641114102,57.966064453125,31.620277214135868,40.9542726371321,36.40034651766984,19.553267310748076,36.69989372702206,26.97102064254955
489,AI Engineer,0,25.0,100.0,100.0,2.4249804490754654,55.98082733154297,52.51087116709276,67.3244171801427,40.63858895886596,44.13043666716796,61.349557764389935,51.89852596160155
489,Cloud Engineer,0,16.666666666666664,100.0,100.0,3.575093182538132,58.215023040771484,50.10185076682977,68.10541143614837,37.62731345853722,41.296295019799736,58.31245504641065,48.670114483193
489,Data Scientist,0,50.0,100.0,100.0,2.193899262738333,56.36835861206055,61.284338681219836,67.36052104803052,51.6054233515248,54.45216315437628,71.71206328448127,62.15186457577735
489,Software Engineer,0,42.857142857142854,100.0,100.0,3.861644997563596,54.737056732177734,58.789805259461204,67.36893116840184,48.4872565743265,51.5174179523073,68.48301001156078,59.50499617604064
489,Web Developer,1,14.285714285714285,100.0,100.0,2.9184963027505013,58.637001037597656,49.23332460105222,68.05126861700342,36.54165575131528,40.27449953064968,57.40652959487017,47.57385228872067
490,AI Engineer,0,37.5,100.0,100.0,2.692505245621217,54.69447326660156,56.73304677683341,67.08930273358986,45.91630847104178,49.097702090392254,66.26961292940027,57.09279504334492
490,Cloud Engineer,0,33.33333333333333,100.0,100.0,2.591367639051055,58.30147171020508,55.800592569055084,67.89834754213602,44.75074071131886,48.00069714006481,65.19045579199698,55.35926095591097
490,Data Scientist,0,50.0,100.0,70.0,3.247118167340896,47.38479995727539,55.594787718692444,58.6073657210653,44.49348464836556,53.05269143375582,64.83261175716625,57.04360908835428
490,Software Engineer,0,57.14285714285714,100.0,100.0,4.944141931049392,55.11685562133789,64.0091496328581,67.70638405055091,55.01143704107262,57.657823097480104,74.43238628611844,65.57837798783225
490,Web Developer,1,0.0,100.0,100.0,2.5487141544673113,55.66818618774414,43.732535051331716,67.28082315589495,29.665668814164647,33.802982413331435,51.00026815077838,41.626243674317756
491,AI Engineer,0,25.0,100.0,100.0,1.441115746180896,37.15346908569336,49.53918772478114,62.752596499663284,36.923984655976426,40.63433849974251,58.02708277982824,51.72490277873781
491,Cloud Engineer,0,33.33333333333333,100.0,100.0,2.169635168072412,47.96098709106445,54.18626000553719,65.41475898287773,42.732825006921495,46.101482359455524,63.365664388619216,55.28483757867944
491,Data Scientist,0,0.0,100.0,100.0,0.11647002421969638,18.986417770385742,37.865433169190815,58.25451256798587,22.33179146148852,26.900509610812726,44.527014900656305,41.197024121921125
491,Software Engineer,0,28.57142857142857,100.0,100.0,1.7851223551664235,36.51565933227539,50.74511725311628,62.68479577402504,38.43139656639534,42.05307912131326,59.38511635275449,53.25619806267643
491,Web Developer,1,14.285714285714285,100.0,100.0,3.3146175310093895,48.59767150878906,47.786843355969765,65.8259128553381,34.73355419496222,38.572756889376194,55.63488320743336,47.643756034884014
492,AI Engineer,0,12.5,8.333333333333332,100.0,1.8777188530667708,55.97920227050781,29.72020483520285,38.992622823389006,35.066922710670234,17.317888041415124,34.633584714403334,25.086264111325505
492,Cloud Engineer,0,16.666666666666664,8.333333333333332,100.0,2.511651463545463,56.545352935791016,31.358550659900473,39.2695651177956,37.11485499154226,19.245353717529966,36.44917992984547,26.913820846508024
492,Data Scientist,0,0.0,8.333333333333332,100.0,1.0816028798361421,37.702327728271484,22.48425625788281,34.59116347366586,26.02198698902018,8.805007362215072,26.261195089302813,19.798714233696575
492,Software Engineer,0,14.285714285714285,12.5,100.0,1.699897152086581,47.24215316772461,29.841307547971677,38.217396227648734,34.1766344349646,17.46036182114315,34.807438794304346,26.77057008566234
492,Web Developer,1,14.285714285714285,12.5,100.0,3.361627053644896,55.96321105957031,31.39872571698228,40.61342417997274,36.123407146227855,19.29261849056739,36.34644901051241,27.06381653887851
493,AI Engineer,0,25.0,8.333333333333332,100.0,1.5963286731032498,48.50809097290039,32.932329613567205,37.20358402087263,39.08207868362568,21.096858368902602,38.462212132472615,30.18366584427312
493,Cloud Engineer,0,16.666666666666664,8.333333333333332,100.0,1.4669268250373626,47.81822967529297,29.892773475049548,37.01452329494802,35.282633510478604,17.520909970646528,34.909099354463464,26.729457675006593
493,Data Scientist,0,25.0,8.333333333333332,100.0,0.8744860214443052,44.50362777709961,32.22338373644825,36.112898056074236,38.19589633722698,20.262804395821473,37.75554215674306,30.05628184692154
493,Software Engineer,0,28.57142857142857,12.5,100.0,1.6002829909478127,44.25944519042969,34.37895922720662,37.50609111877942,39.848699034008284,22.798775561419557,40.163431504193476,32.635344057226085
493,Web Developer,1,14.285714285714285,12.5,100.0,2.9190909090758854,51.888729095458984,30.721173000680228,39.57103538566189,35.27646625085029,18.495497647859093,35.62742278155159,26.98572192513104
494,AI Engineer,0,37.5,60.0,100.0,3.7423423342979802,52.5205078125,48.5644275220197,54.522196187722614,45.70553440252463,39.48756179061141,56.47420726102941,47.86629570605259
494,Cloud Engineer,0,33.33333333333333,60.0,100.0,3.1536791405764095,50.944053649902344,46.781326585238475,54.022553720879706,43.4766582315481,37.3897959826335,54.480323193120014,46.04672769147427
494,Data Scientist,0,50.0,60.0,70.0,4.307492257502308,52.12333297729492,48.46462378521958,47.63788274649166,45.58077973152449,44.664263276728924,56.2570587606991,47.81896922191217
494,Software Engineer,0,28.57142857142857,100.0,100.0,1.2486665805153638,46.42405700683594,52.15090853810269,64.84755159708106,40.188635672628365,43.70695122129728,61.1336571188534,53.161529396561534
494,Web Developer,1,14.285714285714285,100.0,100.0,2.6830294488608506,49.800777435302734,47.872571032624535,65.95780158865313,34.840713790780676,38.67361297955828,55.8471960179946,47.532299314504854
495,AI Engineer,0,25.0,100.0,100.0,1.4653895571659656,42.02748489379883,50.27393116764472,63.88297102714572,37.8424139595559,41.498742550170256,58.887203216552734,51.72918639244106
495,Cloud Engineer,0,16.666666666666664,100.0,100.0,1.2999508606404762,45.78989791870117,47.89681065023458,64.71304202600192,34.871013312793224,38.702130176746564,56.119785907221775,48.268618779328705
495,Data Scientist,0,25.0,100.0,100.0,0.988471285070828,31.840839385986328,48.674396600658575,61.422148616397806,35.84299575082322,39.61693717724538,57.08955989164465,51.645024344424264
495,Software Engineer,0,14.285714285714285,100.0,100.0,0.9890734245345885,37.077911376953125,45.71004772022316,62.630842646497165,32.137559650278945,36.12946790614489,53.60198436063879,47.23336589844728
495,Web Developer,1,14.285714285714285,100.0,100.0,3.2995810926368043,49.177696228027344,47.87159159809962,65.95629476630711,34.839489497624534,38.672460703646614,55.73724051082835,47.64110254575944
496,AI Engineer,0,37.5,100.0,100.0,2.962473505369633,63.720977783203125,58.12751769328591,69.23464260505524,47.659397116607394,50.73825610974813,67.86252549115349,57.14043650094759
496,Cloud Engineer,0,50.0,100.0,100.0,3.6066735211687644,63.441043853759766,62.55715760623928,69.31870400959889,53.1964470077991,55.949597183810916,72.96018420948701,62.40117768020625
496,Data Scientist,0,25.0,100.0,100.0,1.47955581173644,49.0998649597168,51.336913115717984,65.51832787033536,39.171141394647485,42.74930954790352,60.13527028700885,51.73168631971819
496,Software Engineer,0,42.857142857142854,100.0,100.0,2.792713614366514,58.03676986694336,59.12442252219648,67.88372695722535,48.90552815274561,51.91108532023116,69.0653123294606,59.31636122606468
496,Web Developer,1,0.0,100.0,100.0,2.298270293288193,51.78889083862305,43.113074169786685,66.32780641505644,28.89134271223336,33.0742049056314,50.31568661858054,41.58204769881556
497,AI Engineer,0,25.0,100.0,100.0,2.388693881539671,62.661468505859375,53.507524358109855,68.85772978170746,41.88440544763732,45.30296983307042,62.52849444221047,51.89212244968348
497,Cloud Engineer,0,33.33333333333333,100.0,100.0,3.0381582326248457,66.2324447631836,57.057257116037924,69.83167761441732,46.32157139504742,49.47912601886815,66.59003927193436,55.43810635477693
497,Data Scientist,0,25.0,100.0,70.0,1.5966002380271485,58.70184326171875,48.29476652496189,60.838102346095205,35.36845815620236,44.46443120583751,56.535619399126844,46.45822357141656
497,Software Engineer,0,28.57142857142857,100.0,100.0,3.4684048440879427,65.86163330078125,55.39950572173038,69.84539341804674,44.24938215216298,47.52883026085927,64.56381764131434,53.553247913662574
497,Web Developer,1,0.0,100.0,100.0,2.480081432689005,60.331214904785156,44.421694450621125,68.34106838557096,30.527118063276408,34.613758177201326,51.82315557143268,41.61413201753336
498,AI Engineer,0,25.0,60.0,100.0,1.8294396538456474,47.319454193115234,43.12233407704414,52.880513964683274,38.902917596305166,33.08509891416956,50.409315445843866,42.381665821266886
498,Cloud Engineer,0,16.666666666666664,60.0,100.0,3.3069339878891437,52.86650848388672,41.259349704099705,54.50156364733289,36.57418713012464,30.893352593058484,47.956834830489804,39.21102756649024
498,Data Scientist,0,25.0,60.0,100.0,1.4852487410331543,43.996803283691406,42.57230780370868,52.034319698013356,38.21538475463586,32.438009180833745,49.822965285357306,42.32092624841762
498,Software Engineer,0,28.57142857142857,100.0,100.0,1.9352383039174081,41.03215408325195,51.4451088580754,63.761705935500615,39.30638607259426,42.876598656559295,60.18214483822093,53.28268911245601
498,Web Developer,1,14.285714285714285,100.0,100.0,2.5337486582238817,44.5107536315918,47.05667534347236,64.70257745149593,33.82084417934044,37.71373569820277,54.913662405575025,47.505955645568925
499,AI Engineer,0,25.0,100.0,100.0,2.2142716715069817,54.307865142822266,52.22832052214939,66.88972388022982,40.28540065268674,43.79802414370516,61.05432914285099,51.8613420596777
499,Cloud Engineer,0,16.666666666666664,100.0,100.0,1.994446233144127,47.28160095214844,48.22474041112721,65.21754935045212,35.280925513909025,39.087929895443786,56.38302761900658,48.39117678624111
499,Data Scientist,0,50.0,100.0,100.0,2.285934728568505,55.45393753051758,61.16098083886291,67.17073975209678,51.45122604857865,54.30703628101519,71.55069485832664,62.16810612857091
499,Software Engineer,0,42.857142857142854,100.0,100.0,2.826305335262641,50.38823318481445,57.98218077801156,66.12643196617162,47.477725972514456,50.56727150354301,67.71557056202607,59.322289176811054
499,Web Developer,1,14.285714285714285,100.0,100.0,3.0409290740765713,53.983436584472656,48.55365484878238,67.00562284428058,35.69206856097799,39.47488805739104,56.58531233843635,47.59545807189586
500,AI Engineer,0,37.5,100.0,100.0,2.5752328224127896,52.880794525146484,56.44340410213389,66.64369861866751,45.55425512766737,48.75694600251046,65.94955197502586,57.072099909837554
500,Cloud Engineer,0,33.33333333333333,100.0,100.0,3.628293493388924,56.2601203918457,55.64992874945185,67.66655705043875,44.56241093681483,47.82344558759041,64.8302173240512,55.54224787138235
500,Data Scientist,0,50.0,100.0,70.0,1.9653062816736566,52.207420349121094,56.12590899461921,59.42447537633724,45.15738624327402,53.67753999366966,65.68366241455078,56.81740699088359
500,Software Engineer,0,42.857142857142854,100.0,100.0,2.4298837407303417,51.43114471435547,58.079154268262876,66.27562195117365,47.59894283532859,50.68135796266221,67.89961377312156,59.25233242483477
500,Web Developer,1,14.285714285714285,100.0,100.0,2.614404049563239,53.184234619140625,48.369795800305575,66.72276276970088,35.46224475038198,39.258583294477155,56.444276697495404,47.520188949922925
501,AI Engineer,0,25.0,8.333333333333332,100.0,2.094507002701006,55.44316864013672,34.04731801309232,38.918950789372815,40.47581418303208,22.408609427167438,39.68604936786726,30.271579667143314
501,Cloud Engineer,0,16.666666666666664,8.333333333333332,100.0,3.2113396107692775,53.916011810302734,31.069102713160802,38.82426058434995,36.753045058117664,18.90482672136565,35.98517855475931,27.037295225429872
501,Data Scientist,0,50.0,8.333333333333332,70.0,2.1622939760800084,55.222320556640625,38.27435884657476,31.96055207165348,45.75961522488513,32.675716290087955,44.647076176662075,35.2835420742102
501,Software Engineer,0,42.857142857142854,12.5,100.0,2.673437226629917,53.97024154663086,40.996551815989115,39.994695101521714,48.1206897699864,30.584178607046017,47.759454390581915,38.70707715764057
501,Web Developer,1,14.285714285714285,12.5,100.0,2.876452479760853,56.68907928466797,31.43482976466432,40.66896886871434,36.168537205830404,19.335093840781557,36.4745434031767,26.978197496428386
502,AI Engineer,0,37.5,60.0,100.0,4.964046610366999,46.44070816040039,47.83571321561511,53.401097254792475,44.79464151951889,38.63025084190013,55.401301440070654,48.08189057830006
502,Cloud Engineer,0,33.33333333333333,60.0,100.0,2.084280866965313,50.82914352416992,46.60368032533695,53.749251782569665,43.254600406671194,37.180800382749354,54.460044935637825,45.85801034907231
502,Data Scientist,0,25.0,60.0,100.0,3.9328058174388536,43.32536315917969,42.83872534649278,52.44419284075812,38.54840668311598,32.75144158410915,49.70447585161995,42.75284808543039
502,Software Engineer,0,42.857142857142854,100.0,100.0,2.193635828030625,44.15230941772461,56.951891786863285,64.54137197978967,46.189864733579114,49.35516680807446,66.61511342665729,59.21064161671129
502,Web Developer,1,14.285714285714285,100.0,100.0,2.7312626097540207,49.808799743652344,47.88100935301095,65.97078362001685,34.8512616912637,38.68354041530701,55.84861171946806,47.54081104878012
503,AI Engineer,0,50.0,8.333333333333332,100.0,5.027266679788205,52.48817825317383,42.79398340661098,38.91382062555534,51.409145924930385,32.69880400777761,49.458698123109116,41.08324313957047
503,Cloud Engineer,0,50.0,8.333333333333332,100.0,3.526974820070853,59.844078063964844,43.67232459927203,40.265114768110806,52.5070724157567,33.73214658737885,50.7567980897193,40.818485752561536
503,Data Scientist,0,50.0,8.333333333333332,100.0,6.617567002365933,51.55216979980469,42.89212718699227,39.06481105691117,51.531825650407,32.81426727881442,49.29352016074986,41.363884372966545
503,Software Engineer,0,57.14285714285714,12.5,100.0,5.749565329900745,49.08858108520508,45.72572196226588,39.578033788101344,54.03215245283236,36.14790819090102,52.78033783856561,45.13227623468837
503,Web Developer,1,0.0,12.5,100.0,2.0946813226557244,44.15635299682617,24.437655147922285,37.59639253526505,27.42206893490286,11.103123703437982,28.380532881792856,20.95788493929219
504,AI Engineer,0,12.5,100.0,100.0,0.8694388138558609,48.0180549621582,46.70812406640211,65.12788317908016,33.385155083002644,37.30367537223778,54.797303816851446,46.476959790680446
504,Cloud Engineer,0,16.666666666666664,100.0,100.0,3.0073077191210347,52.142608642578125,49.1058207875882,66.57305762193057,36.38227598448526,40.12449504422141,57.240852505553,48.56991704847234
504,Data Scientist,0,0.0,100.0,100.0,0.10502972448075136,34.740936279296875,40.22689490056664,61.88753061625637,25.283618625708307,29.678699883019583,47.30722404928768,41.1950052454966
504,Software Engineer,0,14.285714285714285,100.0,100.0,0.8477367920351855,45.47927474975586,46.94905173126865,64.53700266349023,33.68631466408583,37.58711968384548,55.08457789701574,47.20842413977091
504,Web Developer,1,0.0,100.0,100.0,2.2624821541923934,52.83050537109375,43.26394812879292,66.55992019814295,29.079935160991155,33.25170368093285,50.499500947840076,41.575732144857476
505,AI Engineer,0,25.0,60.0,100.0,2.6029728866585446,55.36764907836914,44.44559329475415,54.91629737654484,40.55699161844269,34.641874464416645,51.82958513147691,42.51817168588092
505,Cloud Engineer,0,16.666666666666664,60.0,100.0,2.387580993708395,56.32179260253906,41.63973937277045,55.086778522210956,37.049674215963066,31.340869850318178,48.56659085142846,39.04878880281128
505,Data Scientist,0,25.0,60.0,100.0,1.8731990605039928,49.49238204956055,43.454837166509684,53.39205717924567,39.31854645813711,33.47627901942316,50.79277330286363,42.389388069500704
505,Software Engineer,0,28.57142857142857,100.0,100.0,2.4614656117320157,52.586151123046875,53.25714251021683,66.5494500157182,41.57142813777104,45.008402953196274,62.22108549230239,53.37555275501153
505,Web Developer,1,14.285714285714285,100.0,100.0,3.1955695197807144,58.08257293701172,49.19172136851886,67.98726364387517,36.48965171064858,40.22555455119866,57.3086893418256,47.622747562314245
506,AI Engineer,0,37.5,8.333333333333332,100.0,3.592954532217354,41.017738342285156,36.48327059784204,35.935800919756986,43.52075491396923,25.27443599746123,42.287444021187575,35.6830704076462
506,Cloud Engineer,0,33.33333333333333,8.333333333333332,100.0,2.2899292165306226,51.89789581298828,36.46150708776116,38.14590834014539,43.493550526368125,25.24883186795431,42.49178553562538,33.737438489191675
506,Data Scientist,0,25.0,8.333333333333332,70.0,1.0480307387279995,32.22279357910156,25.907290314341097,26.395831252832462,30.300779559593042,18.126223899224826,30.29421847474341,24.7927897382069
506,Software Engineer,0,42.857142857142854,12.5,100.0,2.809763979821372,44.501739501953125,39.596725522266176,37.8411161881018,46.37090690283272,28.937324143842556,46.08854226505055,38.73113481996848
506,Web Developer,1,0.0,12.5,100.0,2.64802723927374,47.39640808105469,25.006665298049263,38.47179276622963,28.13333162256158,11.772547409469722,28.952307308421414,21.055534218695367
507,AI Engineer,0,37.5,60.0,100.0,2.301367548100014,46.89763259887695,47.50485002204654,52.892076956994686,44.381062527558186,38.24100002593711,55.481935164507696,47.6120060379
507,Cloud Engineer,0,33.33333333333333,60.0,100.0,3.673775030581435,51.33116149902344,46.917407146107394,54.23190842990881,43.64675893263425,37.549890760126345,54.54863634296492,46.13850931912221
507,Data Scientist,0,25.0,60.0,70.0,0.8688461453446495,39.48512268066406,37.3030953239013,43.92783895984816,31.628869154876636,31.53305332223683,43.73266870835248,36.918031672707876
507,Software Engineer,0,42.857142857142854,100.0,100.0,2.329371184435871,48.43971633911133,57.61536312853208,65.56209712081858,47.019203910665105,50.135721327684806,67.37171464807847,59.23459491490045
507,Web Developer,1,14.285714285714285,100.0,100.0,2.9002646378181374,56.51234817504883,48.91189192193004,67.55675680296929,36.139864902412555,39.89634343756476,57.03159085442038,47.570634936085554
508,AI Engineer,0,25.0,100.0,100.0,2.6224292481023705,58.5582389831543,52.9271002346885,67.96476959182846,41.15887529336063,44.620117923162944,61.80439511467429,51.93336986731219
508,Cloud Engineer,0,33.33333333333333,100.0,100.0,3.271842198876276,57.57965850830078,55.794391772743225,67.88880785550239,44.742989715929035,47.993402085580264,65.06307699166092,55.47934470176248
508,Data Scientist,0,25.0,100.0,70.0,1.5554175456273551,48.104251861572266,46.69895041107994,58.38300063243068,33.37368801384993,42.58700048362346,54.6654562108657,46.45095603746365
508,Software Engineer,0,28.57142857142857,100.0,100.0,2.1428349322431135,53.67146682739258,53.37214526394535,66.72637732914669,41.715181579931695,45.14370031052395,62.412611793069274,53.31932381157231
508,Web Developer,1,14.285714285714285,100.0,100.0,3.1920013480088363,53.334228515625,48.478934479545075,66.89066843006934,35.59866809943134,39.38698174064127,56.4707462086397,47.62211788494274
509,AI Engineer,0,12.5,100.0,100.0,3.8868010326170044,60.316192626953125,49.00544904893552,68.66222930605464,36.2568113111694,40.00641064580649,56.96756340475643,47.00943547634418
509,Cloud Engineer,0,16.666666666666664,100.0,100.0,2.3445856320137177,61.059104919433594,50.34388691605042,68.47777474264169,37.92985864506304,41.58104343064757,58.81435184852749,48.45296609192398
509,Data Scientist,0,0.0,100.0,100.0,4.522756267295794,60.19076156616211,44.70702767501868,68.78004257695181,30.88378459377336,34.9494443235514,51.79836968814626,41.97460404716985
509,Software Engineer,0,14.285714285714285,100.0,100.0,1.5441526894480913,57.44397735595703,48.848219506810764,67.45879924124733,36.060274383513466,39.82143471389502,57.19599600399242,47.33132106284378
509,Web Developer,1,0.0,100.0,100.0,2.341426834438195,53.559661865234375,43.385163304950886,66.74640508453982,29.23145413118861,33.394309770530455,50.628175623276654,41.58966355901851
510,AI Engineer,0,37.5,100.0,100.0,1.9313586622711827,50.51972961425781,55.99266324147935,65.95025114073746,44.99082905184919,48.22666263703453,65.53289346133961,56.95847505804786
510,Cloud Engineer,0,50.0,100.0,100.0,2.6741801333408746,54.81941604614258,61.12403942692252,67.11390681065004,51.405049283653156,54.26357579637944,71.43872047873104,62.23662002353075
510,Data Scientist,0,25.0,100.0,100.0,0.6513638256895201,30.609182357788086,48.43908192752164,61.06012604234098,35.54885240940205,39.340096385319576,56.87220865137437,51.58553479276874
510,Software Engineer,0,42.857142857142854,100.0,100.0,2.2857358233555938,44.67845153808594,57.04462810421623,64.68404323725574,46.305785130270294,49.464268357901446,66.70796203613281,59.22689455706276
510,Web Developer,1,0.0,100.0,100.0,2.456886942275986,46.46384048461914,42.338109114034275,65.13555248312966,27.922636392542838,32.16248131062855,49.37597185022691,41.610038872166356
511,AI Engineer,0,25.0,100.0,100.0,1.3687736135598865,55.17832565307617,52.232064889995414,66.89548444614678,40.29008111249426,43.80242928234754,61.20793982113109,51.712136520039984
511,Cloud Engineer,0,33.33333333333333,100.0,100.0,3.4819673213769873,61.09607696533203,56.35337330967302,68.748779450779,45.441716637091275,48.651027423144726,65.68362142525467,55.51642560573319
511,Data Scientist,0,25.0,100.0,100.0,0.6229890265874699,40.238346099853516,49.87920026896615,63.27569272148639,37.34900033620768,41.03435325760723,58.57147284115062,51.58052747528014
511,Software Engineer,0,28.57142857142857,100.0,100.0,1.4148401672337558,46.698333740234375,52.21697608612022,64.94919397864649,40.27122010765028,43.78467774837673,61.18205889533547,53.1908541471589
511,Web Developer,1,14.285714285714285,100.0,100.0,3.1044756264676012,53.56707763671875,48.50073298947795,66.92420459919686,35.625916236847445,39.412627046444655,56.51183723000919,47.606672169376644
512,AI Engineer,0,25.0,8.333333333333332,100.0,1.9993685349389723,51.934486389160156,33.506744905281536,38.08729985427929,39.80009779826859,21.772641065037103,39.06687014710669,30.254790525773544
512,Cloud Engineer,0,16.666666666666664,8.333333333333332,100.0,1.2667020096507526,45.233089447021484,29.474968718500836,36.371746746411546,34.76037756479271,17.029374962942157,34.452898137709674,26.694123884056015
512,Data Scientist,0,25.0,8.333333333333332,70.0,0.9367741863782107,39.5237922668457,26.985751634650253,28.055002514846542,31.64885620997949,19.395001923117945,31.58263000787473,24.773156228968702
512,Software Engineer,0,28.57142857142857,12.5,100.0,1.7345622292242395,41.0596809387207,33.91913647519174,36.79867150029498,39.27392059398968,22.257807617872633,39.59876722448012,32.65904039339251
512,Web Developer,1,14.285714285714285,12.5,100.0,3.1270128329750007,42.30136489868164,29.314256659748494,37.406548707305376,33.51782082468562,16.840301952645287,33.93553498212029,27.02241402934853
513,AI Engineer,0,25.0,100.0,100.0,3.9129020418489042,55.184383392333984,52.61459281512743,67.4839889463499,40.7682410189093,44.25246213544405,61.20900883394129,52.16110036032627
513,Cloud Engineer,0,16.666666666666664,100.0,100.0,3.1278508602182233,62.016357421875,50.604964575647315,68.87943268048305,38.25620571955915,41.88819361840861,58.98327876072304,48.59118936748949
513,Data Scientist,0,25.0,100.0,100.0,4.245542203128751,51.87027359008789,52.1673723689825,66.7959574907423,40.209215461228126,43.726320434097055,60.624165927662574,52.21980156525802
513,Software Engineer,0,28.57142857142857,100.0,100.0,1.6355142778126646,49.55522537231445,52.67861094751907,65.65940145772164,40.84826368439884,44.327777585316554,61.68621624217314,53.22979663726106
513,Web Developer,1,0.0,100.0,100.0,2.231761580502293,48.593544006347656,42.62379583802749,65.57507052004229,28.279744797534367,32.49858333885587,49.75180188347312,41.57031086714746
514,AI Engineer,0,25.0,100.0,100.0,1.3289681312719464,55.85930252075195,52.328240597803585,67.04344707354397,40.41030074725448,43.915577173886575,61.328112209544464,51.70511202316564
514,Cloud Engineer,0,33.33333333333333,100.0,100.0,4.819467215204896,58.202796936035156,56.12000628935267,68.38975326567078,45.150007861690845,48.376477987473734,65.17304259655522,55.75245499876165
514,Data Scientist,0,25.0,100.0,100.0,0.5911734204232186,44.78020477294922,50.55570672900587,64.31647189077826,38.194633411257335,41.83024321059514,59.372977312873395,51.574912956545276
514,Software Engineer,0,14.285714285714285,100.0,100.0,0.591533540997017,47.35795211791992,47.19242284883754,64.91141976744237,33.99052856104693,37.87343864569122,55.41610919727999,47.16321180135242
514,Web Developer,1,14.285714285714285,100.0,100.0,2.9459322658898963,53.695045471191406,48.4961466605622,66.91714870855722,35.62018332570275,39.40723136536729,56.53441978903378,47.57869392927469
515,AI Engineer,0,50.0,100.0,100.0,3.043957094481703,57.12820816040039,61.52582478823231,67.73203813574202,51.9072809852904,54.736264456743896,71.84615438124713,62.30187478137913
515,Cloud Engineer,0,50.0,100.0,100.0,2.352895792490063,55.54221725463867,61.18426695706931,67.2065645493374,51.48033369633664,54.33443171419919,71.56627363317153,62.17992278691002
515,Data Scientist,0,50.0,100.0,70.0,1.4844381839281944,50.69805908203125,55.82737458989392,58.96519167675988,44.784218237367405,53.32632304693403,65.41730454388787,56.73254791481086
515,Software Engineer,0,42.857142857142854,100.0,100.0,2.299020583782265,52.390933990478516,58.20349318613911,66.46691259406018,47.7543664826739,50.8276390425166,68.06898835126091,59.22923892654981
515,Web Developer,1,0.0,100.0,100.0,2.4157902401942235,46.6550178527832,42.36062121394661,65.17018648299478,27.950776517433273,32.188966134054844,49.40970903284409,41.60278651297545
516,AI Engineer,0,37.5,100.0,100.0,1.6806805851962778,48.28061294555664,55.619194029612935,65.37568312248143,44.52399253701617,47.78728709366228,65.13775522568646,56.91423775032876
516,Cloud Engineer,0,33.33333333333333,100.0,100.0,4.247656358569825,49.995906829833984,54.80320114492723,66.36389919732396,43.50400143115905,46.82729546462027,63.72476787193148,55.65154720053192
516,Data Scientist,0,50.0,100.0,70.0,2.6817711566357927,45.12211227416992,55.17058251462086,57.95474233018593,43.96322814327607,52.55362648778925,64.43331393073588,56.943841968818084
516,Software Engineer,0,28.57142857142857,100.0,100.0,2.683404790582042,39.554264068603516,51.33565032887783,63.59330819827359,39.169562911097294,42.747823916326865,59.921340717988855,53.414718492455656
516,Web Developer,1,14.285714285714285,100.0,100.0,2.7809365106925243,43.882930755615234,46.999580089946164,64.61473859991717,33.749475112432705,37.64656481170137,54.802870133343866,47.54957703129868
517,AI Engineer,0,12.5,8.333333333333332,100.0,0.6239948950929297,38.4598503112793,26.9042434476225,34.66037453480385,31.546970976194796,14.004992291320587,31.541934368657127,24.86501870697718
517,Cloud Engineer,0,16.666666666666664,8.333333333333332,100.0,1.286313369196661,38.59739303588867,28.4825559607628,34.84495788835302,33.519861617620165,15.861830542073882,33.28189288868624,26.697584712211174
517,Data Scientist,0,25.0,8.333333333333332,100.0,0.6446029932084814,31.57249641418457,30.24923157777562,33.075740888885576,35.7282061388862,17.940272444441913,35.47357779858159,30.015714253703454
517,Software Engineer,0,28.57142857142857,12.5,100.0,2.7078475749521984,35.66685485839844,33.25620536500259,35.778777484619376,38.44525670625325,21.477888664708935,38.64709203383502,32.83079663087392
517,Web Developer,1,14.285714285714285,12.5,100.0,3.212182230761687,51.12272644042969,30.650236300678706,39.461902001044166,35.18779537584839,18.41204270668083,35.49224584242877,27.037443923075593
518,AI Engineer,0,12.5,100.0,100.0,0.9442473624391025,51.86306381225586,47.29609667620424,66.0324564249296,34.12012084525531,37.995407854357936,55.475834790398096,46.490161299253955
518,Cloud Engineer,0,16.666666666666664,100.0,100.0,1.618246296276352,49.11062240600586,48.44266363867566,65.55281585437282,35.553329548344585,39.344310163147846,56.70579611086377,48.32478856208798
518,Data Scientist,0,25.0,100.0,100.0,0.6379942725199403,43.97145080566406,50.4414167617276,64.14064117188862,38.0517709521595,41.69578442556189,59.230256024528956,51.58317545985646
518,Software Engineer,0,28.57142857142857,100.0,100.0,1.4282850664538653,46.754478454589844,52.22741452815656,64.96525312024086,40.2842681601957,43.79695826841948,61.191966786104096,53.193226776433036
518,Web Developer,1,14.285714285714285,100.0,100.0,3.1792496887358817,55.580078125,48.81389917206038,67.40599872624674,36.01737396507548,39.7810578494828,56.867072610294116,47.619867592129864
519,AI Engineer,0,37.5,100.0,100.0,3.666622537095491,49.324989318847656,56.07374177839147,66.07498735137149,45.09217722298934,48.322049151048795,65.32205693862018,57.26469809478156
519,Cloud Engineer,0,33.33333333333333,100.0,100.0,2.4842034608493386,49.89595413208008,54.523690305606074,65.93388252144524,43.154612882007605,46.49845918306597,63.70712916056315,55.340349630345955
519,Data Scientist,0,50.0,100.0,100.0,1.5013507215645923,39.96590805053711,58.72008881581525,63.41552125510039,48.40011101976907,51.435398606841474,68.8175131853889,62.02965012733493
519,Software Engineer,0,42.857142857142854,100.0,100.0,2.3252138416565526,45.91798400878906,57.23647967756684,64.97919950394899,46.54559959695855,49.68997609125511,66.92670306037454,59.233861266174685
519,Web Developer,1,14.285714285714285,100.0,100.0,3.227940965360307,56.646053314208984,48.98109914193539,67.66322944913136,36.226373927419246,39.97776369639458,57.05518587897805,47.6284601703577
520,AI Engineer,0,37.5,100.0,100.0,2.7485816327456587,55.779232025146484,56.904172048683826,67.3525723825905,46.13021506085478,49.29902593962803,66.46104094561409,57.102690876366886
520,Cloud Engineer,0,50.0,100.0,100.0,3.3462701278598206,55.88386154174805,61.38451975044118,67.5146457699095,51.73064968805148,54.57002323581315,71.62656380148495,62.35522414021056
520,Data Scientist,0,25.0,100.0,70.0,1.372731240090353,46.534915924072266,46.436147074624394,57.97868780711445,33.04518384328049,42.27782008779341,54.38851457483628,46.418717277663006
520,Software Engineer,0,42.857142857142854,100.0,100.0,2.591078479538602,52.8243408203125,58.312312894977666,66.63432753073486,47.890391118722086,50.95566222938549,68.1454719094669,59.2807785552127
520,Web Developer,1,14.285714285714285,100.0,100.0,2.8170956288492475,51.522308349609375,48.15091059676879,66.38601630272122,35.188638245960995,39.00107129031623,56.15099559110754,47.55595805214986
521,AI Engineer,0,37.5,8.333333333333332,100.0,4.728240469233929,57.64027786254883,39.146944416434074,40.033760640667815,46.850347187209266,28.408169901687153,45.22083334829293,35.883414984766766
521,Cloud Engineer,0,33.33333333333333,8.333333333333332,100.0,2.606429504967564,54.768707275390625,36.93960385038706,38.8814418211083,44.0911714796505,25.81129864751419,42.99839932310814,33.79329148126878
521,Data Scientist,0,50.0,8.333333333333332,70.0,5.381090513589792,57.51832580566406,39.101579114554745,33.23319863777653,46.79364055986011,33.64891660535852,45.05225357354856,35.85156499259428
521,Software Engineer,0,57.14285714285714,12.5,100.0,3.3683670569072635,53.14662551879883,45.97724888635591,39.9649982867014,54.34656110794489,36.44382221924225,53.49646332684685,44.712064774748335
521,Web Developer,1,0.0,12.5,100.0,2.1527162450826536,45.755863189697266,24.68628691521699,37.97890294648767,27.73285864402124,11.395631664961162,28.662799386417166,20.96812639619106
522,AI Engineer,0,12.5,100.0,100.0,0.9313735393768631,36.93778991699219,45.05537451845536,62.5851915668544,31.3192181480692,35.35926413935925,52.84196292652803,46.48788944812533
522,Cloud Engineer,0,16.666666666666664,100.0,100.0,1.6318306302392092,43.513946533203125,47.60519990784968,64.26441011464054,34.5064998848121,38.35905871511727,55.718147427428,48.32718579749319
522,Data Scientist,0,0.0,100.0,100.0,0.11660712611695764,24.927507400512695,38.756617178994446,59.625564890760685,23.44577147374306,27.94896138705229,45.575442482443414,41.19704831637358
522,Software Engineer,0,28.57142857142857,100.0,100.0,1.7872236998117643,34.55526351928711,50.45137308286483,62.2328816659459,38.06421635358104,41.70749774454686,59.03916415046243,53.25656888820208
522,Web Developer,1,14.285714285714285,100.0,100.0,3.3185193105036537,49.07220458984375,47.85860858505211,65.93632090008016,34.82326073131514,38.65718657064954,55.71862433938419,47.64444458420653
523,AI Engineer,0,50.0,60.0,100.0,4.27486005557492,50.17261505126953,52.66712126602667,54.10326348619488,50.83390158253334,44.31426031297255,61.206932067871094,53.107328245101456
523,Cloud Engineer,0,50.0,60.0,100.0,2.7596518038414266,53.56317901611328,52.94842462299321,54.53603788152801,51.185530778741516,44.64520543881554,61.80526688519647,52.83993855361908
523,Data Scientist,0,50.0,60.0,100.0,1.5579434787039266,38.17268753051758,50.45959465138323,50.70706869443573,48.07449331422904,41.717170178097916,59.08929779950311,52.62787237859481
523,Software Engineer,0,42.857142857142854,100.0,100.0,2.412861757861471,43.63048553466797,56.90650209387942,64.47154168289141,46.133127617349274,49.3017671692699,66.52302685905906,59.249328545504966
523,Web Developer,1,0.0,100.0,100.0,2.535413526393928,42.58414077758789,41.767933145597276,64.25835868553426,27.209916431996593,31.49168605364385,48.691318960750806,41.62389650465775
524,AI Engineer,0,37.5,100.0,100.0,5.841750295254132,54.74538803100586,57.213070748938996,67.82780115221384,46.51633843617376,49.662436175222346,66.27859788782456,57.64854416975073
524,Cloud Engineer,0,33.33333333333333,100.0,100.0,2.5537433205507427,55.64702606201172,55.39678207405103,67.27710062674518,44.2459775925638,47.525625969471804,64.72202420702168,55.352621370293264
524,Data Scientist,0,25.0,100.0,70.0,4.845272649184011,51.46819305419922,47.697019855507484,59.918492085396124,34.62127481938436,43.761199830008806,55.259092891917504,47.031518702797186
524,Software Engineer,0,28.57142857142857,100.0,100.0,2.1616662685327115,46.705142974853516,52.33002138650793,65.12310982539681,40.41252673313492,43.91767221942109,61.183260524974145,53.32264698856459
524,Web Developer,1,14.285714285714285,100.0,100.0,2.806358458447278,43.61184310913086,46.96273023513672,64.55804651559495,33.703412793920904,37.60321204133732,54.755031136905444,47.55406325737305
525,AI Engineer,0,25.0,100.0,100.0,3.1721461325810516,48.96388244628906,51.57040428683052,65.87754505666233,39.46300535853815,43.02400504333002,60.111273372874535,52.030378729279015
525,Cloud Engineer,0,33.33333333333333,100.0,100.0,1.8713427584148683,50.499385833740234,54.52227595548993,65.93170659818963,43.15284494436242,46.496795241752864,63.81361710791494,55.232197741681055
525,Data Scientist,0,25.0,100.0,100.0,3.7353163240214373,50.93062973022461,51.949891908136905,66.46137216636447,39.937364885171135,43.47046106839636,60.45834642298081,52.12976170423908
525,Software Engineer,0,28.57142857142857,100.0,100.0,1.251358524803553,46.26187515258789,52.12698505160871,64.81074623324417,40.158731314510895,43.67880594306907,61.105036791633154,53.16200444555357
525,Web Developer,1,14.285714285714285,100.0,100.0,2.7854251885137895,53.05155563354492,48.375547123308806,66.73161095893663,35.46943390413601,39.26534955683389,56.42086275886087,47.5503691509142
526,AI Engineer,0,25.0,8.333333333333332,100.0,3.98232894083847,60.252716064453125,35.0519234174604,40.464497565323704,41.731570938492176,23.59049813818871,40.534793030981916,30.604724715049926
526,Cloud Engineer,0,33.33333333333333,8.333333333333332,100.0,1.857617290265838,53.687171936035156,36.66505171727847,38.45905392401818,43.74798131326477,25.488296137974682,42.807540145574826,33.661148149262594
526,Data Scientist,0,25.0,8.333333333333332,70.0,4.336967050537463,48.3076171875,28.813354302372282,30.86669892672659,33.933359544632026,21.545122708673272,33.132716758578425,25.373190263820334
526,Software Engineer,0,28.57142857142857,12.5,100.0,1.4739045579195407,51.989280700683594,35.51947778879047,39.26073505967765,41.27434723598809,24.140562104459374,41.52752012365004,32.613041980809335
526,Web Developer,1,14.285714285714285,12.5,100.0,3.2340761039792665,53.76185607910156,31.04938982746212,40.07598434994173,35.686737284327656,18.88163509113191,35.95797460219439,27.041307547761047
527,AI Engineer,0,12.5,100.0,100.0,1.8548306948275317,49.17914962768555,47.03009704837696,65.62322622827224,33.7876213104712,37.6824671157376,55.00220287547392,46.6508524755578
527,Cloud Engineer,0,0.0,100.0,100.0,1.5891371499440032,45.48369216918945,42.06092439787002,64.70911445826157,27.576155497337524,31.83638164455296,49.2030045004452,41.45690655587247
527,Data Scientist,0,25.0,100.0,100.0,1.9145143280188417,45.59447479248047,50.87634836807489,64.80976672011522,38.595435460093626,42.20746866832341,59.516672022202435,51.8084437049445
527,Software Engineer,0,28.57142857142857,100.0,100.0,2.4945595701387324,48.23195266723633,52.608976835606256,65.55227205477885,40.76122104450782,44.24585510071324,61.4526975295123,53.3813928653186
527,Web Developer,1,14.285714285714285,100.0,100.0,3.266050982405683,58.7073974609375,49.29601726650148,68.14771887154073,36.62002158312685,40.3482556076488,57.41895249310662,47.63518546748335
528,AI Engineer,0,25.0,100.0,100.0,1.4178798820104397,50.455265045166016,51.53097173907647,65.81687959857918,39.41371467384559,42.97761381067819,60.37445853738224,51.72080233211949
528,Cloud Engineer,0,33.33333333333333,100.0,100.0,3.6366072231196234,63.84923553466797,56.7895430803348,69.41980986718175,45.98692885041851,49.16416832980565,66.16947293749043,55.543715000158365
528,Data Scientist,0,0.0,100.0,70.0,0.11459211700102186,32.558258056640625,35.400927526046246,54.46296542468653,19.251159407557807,29.295208854172056,41.62792789234835,35.90257507947077
528,Software Engineer,0,14.285714285714285,100.0,100.0,0.9460831388777213,42.59025573730469,46.53045083142736,63.89300127911901,33.16306353928421,37.09464803697337,54.57475101246553,47.22577937744901
528,Web Developer,1,0.0,100.0,100.0,2.4684690072994853,42.6890754699707,41.77363167159053,64.26712564860081,27.217039589488163,31.49839020187121,48.70983684764189,41.61208276599403
529,AI Engineer,0,25.0,60.0,100.0,1.653445649772966,55.842735290527344,44.37442714104505,54.80681098622315,40.46803392630631,34.55814957770006,51.913423874798944,42.350608055842294
529,Cloud Engineer,0,16.666666666666664,60.0,100.0,2.8990137498573905,57.03300094604492,41.82313553771868,55.36892646828515,37.27891942214835,31.556630044374916,48.692098206164786,39.139041642131694
529,Data Scientist,0,50.0,60.0,70.0,1.390697504559692,53.82460403442383,48.282295230847524,47.35737727822696,45.35286903855941,44.449759095114736,56.55728306489833,47.30424073609877
529,Software Engineer,0,28.57142857142857,100.0,100.0,1.3915446650814955,49.093040466308594,52.572687769708516,65.49644272262849,40.71585971213565,44.20316208201002,61.60465419993682,53.18674317619085
529,Web Developer,1,0.0,100.0,100.0,2.26323567727646,46.73549270629883,42.34980925753629,65.153552703902,27.93726157192037,32.176246185336815,49.42391047758215,41.57586511951938
530,AI Engineer,0,37.5,8.333333333333332,100.0,1.8742800309535135,42.67683792114258,36.47433435948108,35.92205286074012,43.50958461601802,25.263922775860095,42.580226299809475,35.37977490742317
530,Cloud Engineer,0,33.33333333333333,8.333333333333332,100.0,1.746885461465663,44.67838668823242,35.29712415578804,36.35454998326367,42.038071861401725,23.878969595044754,41.21775451360964,33.64160723829786
530,Data Scientist,0,50.0,8.333333333333332,100.0,1.4424372937535759,38.6931266784668,40.18700126249973,34.90307886538418,48.150418244791325,29.63176619117614,47.02427725698435,40.450626189093775
530,Software Engineer,0,42.857142857142854,12.5,100.0,3.4349440756005296,44.05742263793945,39.623855007031,37.88285385697076,46.40481875878875,28.96924118474235,46.010133406695196,38.841460719223626
530,Web Developer,1,14.285714285714285,12.5,100.0,3.10127564705094,54.97998046875,31.21218841737014,40.32644371903098,35.890235521712675,19.07316284396487,36.17293772977941,27.01787217300899
531,AI Engineer,0,25.0,8.333333333333332,100.0,1.3461817134069047,57.010108947753906,34.17011026584078,39.10786194744737,40.62930449896765,22.553070900989162,39.96256824568206,30.139522263150237
531,Cloud Engineer,0,33.33333333333333,8.333333333333332,100.0,3.37915352759652,61.34098815917969,38.041354586349755,40.57644295335861,45.468359899603875,27.107475983940898,44.158213596717985,33.92965454408566
531,Data Scientist,0,25.0,8.333333333333332,100.0,0.5988306486057484,48.196495056152344,32.73596552238038,36.90148541904674,38.83662356964215,20.86584179103574,38.40722461775237,30.007636781126504
531,Software Engineer,0,14.285714285714285,12.5,100.0,0.5991954336744506,49.51567840576172,30.017231075915426,38.48804780910066,34.39653884489429,17.667330677547557,35.20864913042854,26.57632860594255
531,Web Developer,1,14.285714285714285,12.5,100.0,2.9840897249212026,54.9527473449707,31.190525560483785,40.29311624689813,35.86315695060473,19.047677129980922,36.16813188440659,26.997192304397863
532,AI Engineer,0,37.5,100.0,100.0,2.750709863968759,52.923763275146484,56.47617097086729,66.69410918594967,45.595213713584116,48.79549525984387,65.95713469561409,57.10306644658272
532,Cloud Engineer,0,33.33333333333333,100.0,100.0,2.552501108596108,52.686954498291016,54.95258500769973,66.59372052466625,43.69073125962467,47.0030411855291,64.19965863695332,55.35240215641892
532,Data Scientist,0,50.0,100.0,100.0,2.3436859910110495,50.7857551574707,60.46941617227226,66.1067941111881,50.58677021534033,53.49343079090854,70.72689796896542,62.17829752782548
532,Software Engineer,0,42.857142857142854,100.0,100.0,2.897708380642562,53.1397705078125,58.405621833268256,66.77787974348962,48.007027291585324,51.06543745090383,68.20113597196692,59.334889714231046
532,Web Developer,1,14.285714285714285,100.0,100.0,3.1177543179609994,58.034210205078125,49.172794678455865,67.95814565916287,36.46599334806984,40.20328785700691,57.300154742072614,47.609015467875466
533,AI Engineer,0,12.5,100.0,100.0,1.9697373696139668,58.367347717285156,48.42556276303487,67.77009655851518,35.53195345379359,39.32419148592338,56.62364959716797,46.671130124049526
533,Cloud Engineer,0,16.666666666666664,100.0,100.0,2.5487245603652156,56.58395767211914,49.703235668205984,67.49215743826562,37.12904458525748,40.82733608024233,58.024619981354356,48.4889906086919
533,Data Scientist,0,0.0,100.0,70.0,0.958331565221572,44.25718307495117,37.28232719602591,57.35742645542447,21.60290899503239,31.508620230618718,43.69244407205021,36.05147027621557
533,Software Engineer,0,28.57142857142857,100.0,100.0,2.2461828325066975,56.00800323486328,53.73812791010549,67.28942755400844,42.17265988763187,45.57426812953588,62.82494174732882,53.33756167632471
533,Web Developer,1,14.285714285714285,100.0,100.0,2.978499203421819,58.66687774658203,49.24680654250058,68.0720100653855,36.55850817812573,40.290360638235974,57.41180195527918,47.584441035897974
534,AI Engineer,0,37.5,60.0,100.0,3.7187177563810327,55.7093505859375,49.03921025134778,55.252631155919666,46.299012814184735,40.04612970746798,57.0369442210478,47.86212666289077
534,Cloud Engineer,0,33.33333333333333,60.0,100.0,2.2064014593982253,56.491886138916016,47.471409806413796,55.0842202149956,44.33926225801726,38.20165859578095,55.459352455887135,45.879561041854586
534,Data Scientist,0,50.0,60.0,70.0,1.527493135863282,51.72024917602539,47.987161346783296,46.90332514889739,44.983951683479134,44.10254276092154,56.18592632518095,47.328381141622934
534,Software Engineer,0,28.57142857142857,100.0,100.0,1.5284236271295615,53.02251434326172,53.18264069555869,66.43483183932106,41.47830086944836,44.92075375948081,62.29809076645795,53.21089828714051
534,Web Developer,1,0.0,100.0,100.0,2.4858583196891706,53.54924011230469,43.40526476479907,66.77733040738319,29.25658095599885,33.41795854682245,50.626336490406715,41.615151468180436
535,AI Engineer,0,37.5,100.0,100.0,6.8704011386810775,49.892845153808594,56.63948694387345,66.94536452903607,45.799358679841816,48.98763169867465,65.42226679184857,57.83007078917902
535,Cloud Engineer,0,33.33333333333333,100.0,100.0,3.596723374900644,52.56148147583008,55.090397394276266,66.80573958093785,43.86299674284535,47.165173405030906,64.17751633887197,55.536676674002074
535,Data Scientist,0,50.0,100.0,100.0,6.440251071774227,56.112308502197266,61.88288393609572,68.28135990168573,52.35360492011966,55.15633404246556,71.66687797097599,62.901220777371925
535,Software Engineer,0,28.57142857142857,100.0,100.0,2.9526372072027307,45.13188171386719,52.21267783816049,64.94258128947767,40.26584729770061,43.779620986071166,60.9056261848001,53.46223009538871
535,Web Developer,1,0.0,100.0,100.0,2.316160496445126,45.55043411254883,42.17998919134909,64.89229106361398,27.72498648918637,31.976457872175406,49.21478249044979,41.58520479349031
536,AI Engineer,0,37.5,8.333333333333332,100.0,2.8500374148624767,55.080467224121094,38.4812423625142,39.00960363463723,46.01821961980943,27.624991014722593,44.76910205915862,35.55196738693651
536,Cloud Engineer,0,33.33333333333333,8.333333333333332,100.0,4.032415322096082,62.223209381103516,38.271677038813266,40.930785187917856,45.756262965183254,27.378443575074435,44.31389969470454,34.04493603723264
536,Data Scientist,0,25.0,8.333333333333332,70.0,1.7246814383361815,46.90022659301758,28.21040287136973,29.939081340568816,33.17967025587883,20.83576808396439,32.884353712493294,24.912198685196582
536,Software Engineer,0,28.57142857142857,12.5,100.0,2.266306951122866,53.12454605102539,35.80862795032224,39.70558146203422,41.635784937902805,24.480738765084986,41.727861067828016,32.75287769725698
536,Web Developer,1,14.285714285714285,12.5,100.0,2.9422070253418835,54.04024124145508,31.047367240019543,40.07287267695314,35.684209050024435,18.87925557649358,36.0071013955509,26.989801239766216
537,AI Engineer,0,37.5,100.0,100.0,2.1959242412057565,56.9986572265625,57.00418722016524,67.5064418771773,46.25523402520655,49.41669084725323,66.67623362821692,57.00516310138926
537,Cloud Engineer,0,50.0,100.0,100.0,2.3200953824294728,51.50101852416992,60.57316708598991,66.26641090152293,50.71645885748739,53.61549068939989,70.85312091602998,62.17413447925227
537,Data Scientist,0,25.0,100.0,70.0,0.6315399561771021,39.15769577026367,45.21838535896612,56.10520824456326,31.52298169870765,40.84515924584249,53.08665219475241,46.28791881579596
537,Software Engineer,0,28.57142857142857,100.0,100.0,1.434259768758472,48.68450927734375,52.517815356915335,65.4120236260236,40.64726919614417,44.138606302253336,61.53256046070773,53.19428113566326
537,Web Developer,1,14.285714285714285,100.0,100.0,3.1470865736299696,51.446353912353516,48.18901607289752,66.44464011215004,35.23627009112191,39.045901262232384,56.13759186688591,47.614191748287645
538,AI Engineer,0,37.5,100.0,100.0,5.532708916454801,51.417518615722656,56.66753412982662,66.9885140458871,45.83441766228328,49.02062838803132,65.6913268145393,57.594007455844974
538,Cloud Engineer,0,33.33333333333333,100.0,100.0,2.8115477982347605,56.66155242919922,55.58763170078176,67.57071543710015,44.484539625977206,47.750154942096195,64.90105827181947,55.39811627811986
538,Data Scientist,0,50.0,100.0,70.0,5.24669724239575,54.65648651123047,56.98547756304393,60.74688855852912,46.23184695380492,54.68879713299286,66.11585056080538,57.396475983952186
538,Software Engineer,0,42.857142857142854,100.0,100.0,3.66912084046966,51.285709381103516,58.24322453323598,66.52803774343997,47.804030666544975,50.87438180380704,67.87394871431239,59.47102132478877
538,Web Developer,1,14.285714285714285,100.0,100.0,2.7729932746307977,54.34307861328125,48.5674107831868,67.02678582028739,35.70926347898351,39.49107150963153,56.648778578814344,47.548175283758376
539,AI Engineer,0,12.5,8.333333333333332,100.0,1.8493143242198355,46.104061126708984,28.234672984305988,36.7071892066246,33.21000789704916,15.570203510948222,32.89091274785061,25.08125154741134
539,Cloud Engineer,0,0.0,8.333333333333332,100.0,1.5844109668535495,43.14942932128906,23.37674270988806,35.964219553673935,27.137595054026743,9.854991423397715,27.22244831160003,19.887445072582004
539,Data Scientist,0,25.0,8.333333333333332,100.0,1.9088204549356829,45.40116882324219,32.51316505839335,36.558715474451304,38.55812298965835,20.60372359810982,37.91393175312117,30.238811452831786
539,Software Engineer,0,28.57142857142857,12.5,100.0,2.4871406099445577,45.85364532470703,34.75111789019774,38.078642907996525,40.31389736274718,23.236609282585572,40.44476093965418,32.791848342931395
539,Web Developer,1,14.285714285714285,12.5,100.0,3.2563375634436067,55.764461517333984,31.353119862116642,40.543261326333294,36.0663998276458,19.238964543666633,36.311375561882464,27.045236040607698
540,AI Engineer,0,25.0,100.0,100.0,2.849163257213077,44.93841552734375,50.918136817683525,64.87405664259003,38.64767102210441,42.256631550215914,59.40089685776655,51.973381751272896
540,Cloud Engineer,0,16.666666666666664,100.0,100.0,2.800643124355743,58.875465393066406,50.08474961094665,68.07910196555896,37.605937013683324,41.27617601287842,58.429003696815634,48.5334468258667
540,Data Scientist,0,25.0,100.0,100.0,0.9818277713718857,44.64979934692383,50.59474406774436,64.37652933499132,38.24343008468045,41.876169491463955,59.34996459063362,51.64385195965386
540,Software Engineer,0,28.57142857142857,100.0,100.0,1.7967151492846298,47.44858169555664,52.38679452672619,65.21045311804029,40.48349315840774,43.98446414908964,61.31445559333353,53.25824384987376
540,Web Developer,1,0.0,100.0,100.0,2.4807542248462147,54.38383102416992,43.52968778735242,66.96875044208065,29.41210973419053,33.56433857335579,50.7736172395594,41.6142507455611
541,AI Engineer,0,37.5,60.0,100.0,3.6736338068066074,55.973876953125,49.072126613989745,55.30327171383036,46.340158267487176,40.084854839987926,57.08362534466912,47.854170671789404
541,Cloud Engineer,0,33.33333333333333,60.0,100.0,2.17965210689204,56.404136657714844,47.4542349813577,55.05779740721697,44.31779372669712,38.18145291924434,55.443867253322225,45.87484056788291
541,Data Scientist,0,50.0,60.0,70.0,1.508974542083377,52.2484016418457,48.06360642758936,47.02093296552209,45.07950803448671,44.19247815010513,56.279129701502185,47.3251131544853
541,Software Engineer,0,28.57142857142857,100.0,100.0,1.509893752520059,53.693729400634766,53.28054347297322,66.58545149688187,41.60067934121653,45.03593349761555,62.41654048246496,53.207628309268244
541,Web Developer,1,0.0,100.0,100.0,2.4557209663119957,54.11670684814453,43.485864172168476,66.90132949564381,29.357330215210602,33.51278137902174,50.72647767908433,41.609833111702116
542,AI Engineer,0,12.5,60.0,100.0,0.9002244220840487,44.35771560668945,38.16369100431603,51.98260154510158,32.70461375539504,27.251401181548264,44.739596871768725,37.0706278391913
542,Cloud Engineer,0,0.0,60.0,100.0,2.1472090443634126,51.89201736450195,35.1058839613298,54.009052248199694,28.882354951662254,23.653981130976238,40.9221207113827,32.14362512547589
542,Data Scientist,0,25.0,60.0,100.0,0.9299552954649296,41.0540657043457,42.0476031499716,51.227081769187066,37.55950393746449,31.820709588201876,49.30365865370807,42.22293328743499
542,Software Engineer,0,28.57142857142857,100.0,100.0,1.7017900860398776,43.61271286010742,51.79717544192209,64.3033468337263,39.746469302402616,43.29079463755541,60.63753756354837,53.24149236812468
542,Web Developer,1,0.0,100.0,100.0,2.34968962521729,50.126976013183594,42.871499845760134,65.95615360886174,28.58937480720017,32.78999981854133,50.02240753173828,41.59112169856776
543,AI Engineer,0,25.0,8.333333333333332,100.0,1.4123060742551703,56.89827346801758,34.16325359800758,39.097313227703964,40.62073366417614,22.54500423295009,39.94283257278742,30.151191268005814
543,Cloud Engineer,0,33.33333333333333,8.333333333333332,100.0,1.4921665966296391,47.82148742675781,35.73038143684145,37.02109964642274,42.57964346271848,24.38868404334288,41.772419349820005,33.59665685038562
543,Data Scientist,0,25.0,8.333333333333332,100.0,0.6282451722922979,45.51973342895508,32.33886345685377,36.290559164390416,38.34024598773389,20.398662890416205,37.93485491883521,30.012827579424126
543,Software Engineer,0,28.57142857142857,12.5,100.0,1.406459644398735,51.283050537109375,35.403426527226216,39.0821946572711,41.129283159032774,24.004031208501427,41.402891271254596,32.601139937246835
543,Web Developer,1,14.285714285714285,12.5,100.0,3.130668023979294,57.483131408691406,31.592069914900605,40.910876792154774,36.36508739362576,19.52008225282424,36.614670248592596,27.023059063055168
544,AI Engineer,0,37.5,60.0,100.0,2.0072638630732595,52.85089111328125,48.35372324645318,54.19803576377412,45.44215405806648,39.23967440759198,56.532510196461395,47.56010538760117
544,Cloud Engineer,0,50.0,60.0,100.0,2.6823147126444957,55.96320724487305,53.29682829362763,55.07204352865789,51.62103536703454,45.055092110150156,62.22880127850701,52.82629083164314
544,Data Scientist,0,25.0,60.0,100.0,0.577281906330751,40.37028503417969,41.892135041076564,50.987900063194715,37.36516880134571,31.637805930678315,49.18299147661994,42.160696806999546
544,Software Engineer,0,42.857142857142854,100.0,100.0,3.158448602310092,51.90202713012695,58.25907135986556,66.55241747671624,47.82383919983195,50.8930251292536,67.9827106700224,59.38090269452531
544,Web Developer,1,14.285714285714285,100.0,100.0,2.8767081462436384,58.86098098754883,49.260653370068866,68.09331287702902,36.57581671258608,40.306651023610435,57.446055468390966,47.56647790816064
545,AI Engineer,0,25.0,100.0,100.0,5.066794933735223,46.2222900390625,51.44336274591966,65.68209653218409,39.304203432399575,42.874544406964304,59.627462948069855,52.36472851771798
545,Cloud Engineer,0,16.666666666666664,100.0,100.0,1.5340486852977038,50.5391845703125,48.64431832167486,65.86305382821774,35.80539790209358,39.58155096667632,56.957895316329655,48.30993016015057
545,Data Scientist,0,25.0,100.0,70.0,4.395591825518499,50.69401931762695,47.51344167147182,59.63606410995664,34.39180208933978,43.545225495849195,55.12247399722828,46.952163263326796
545,Software Engineer,0,14.285714285714285,100.0,100.0,0.9150567720009408,46.74496841430664,47.149003777946135,64.84462119684021,33.93625472243268,37.82235738581898,55.3079356025247,47.22030413623546
545,Web Developer,1,14.285714285714285,100.0,100.0,3.0526591339811953,55.44260787963867,48.774290052042986,67.34506161852767,35.96786256505373,39.73445888475645,56.84281315523036,47.59752808246727
546,AI Engineer,0,25.0,60.0,100.0,1.7190063249251473,60.25701904296875,45.046403805184084,55.840621238744745,41.30800475648011,35.3487103590401,52.69241512522978,42.36217758675149
546,Cloud Engineer,0,33.33333333333333,60.0,100.0,2.433444978854248,62.13724136352539,48.35226961802361,56.43938915593375,45.44033702252952,39.237964256498366,56.455591613171144,45.91962754528801
546,Data Scientist,0,25.0,60.0,100.0,0.6345299045096161,41.044639587402344,42.00187542378679,51.156731421210445,37.50234427973349,31.76691226327858,49.3019952213063,42.17079939491346
546,Software Engineer,0,28.57142857142857,100.0,100.0,1.4410500954227574,50.836517333984375,52.84163511441107,65.91020786832472,41.05204389301384,44.519570722836555,61.91232658835018,53.19547942860402
546,Web Developer,1,0.0,100.0,100.0,2.393390875250115,51.41581344604492,43.07138064819425,66.26366253568347,28.839225810242823,33.025153703757944,50.249849431654994,41.59883368386767
547,AI Engineer,0,25.0,100.0,100.0,3.118799190731995,48.348934173583984,51.4701600046474,65.72332308407292,39.337700005809246,42.90607059370282,60.00275308945599,52.02096456307036
547,Cloud Engineer,0,16.666666666666664,100.0,100.0,2.4329559911856533,51.985965728759766,48.99617159132514,66.40436655075662,36.24521448915643,39.995495989794286,57.21320963840858,48.468560861189616
547,Data Scientist,0,25.0,100.0,100.0,3.637547848959424,48.17015075683594,51.5211547908693,65.8017766013374,39.40144348858663,42.966064459846244,59.971203074735755,52.11250844393401
547,Software Engineer,0,28.57142857142857,100.0,100.0,1.3849013525550595,43.44216537475586,51.72406000909663,64.19086155245635,39.655075011370805,43.20477648129017,60.60744094848633,53.18557082692148
547,Web Developer,1,14.285714285714285,100.0,100.0,2.5262112833030845,50.45333480834961,47.9469319137479,66.07220294422754,34.93366489218488,38.76109636911518,55.96235320147346,47.5046255205829
548,AI Engineer,0,25.0,8.333333333333332,100.0,2.874148542095966,38.629615783691406,31.64223131553477,35.21881740851504,37.46945581108513,19.579095665335025,36.718951804965144,30.40916346821301
548,Cloud Engineer,0,16.666666666666664,8.333333333333332,100.0,1.3025369885423594,43.033538818359375,29.150411371035258,35.872427750310656,34.35468088046074,16.647542789453244,34.06474214441636,26.700447703860416
548,Data Scientist,0,25.0,8.333333333333332,100.0,0.9904377541489534,34.603214263916016,30.75571446937641,33.85494533750217,36.36130975338719,18.5361346698546,36.0084103602989,30.076743917398833
548,Software Engineer,0,28.57142857142857,12.5,100.0,1.812471157559912,38.08763122558594,33.48501535747188,36.13079285764904,38.73126919683985,21.747076891143386,39.0742878633387,32.67278902780469
548,Web Developer,1,14.285714285714285,12.5,100.0,3.306145293628209,50.41836929321289,30.558677188026167,39.321041827732564,35.07334648503271,18.304326103560193,35.36794752233169,27.05402564005204
549,AI Engineer,0,37.5,60.0,100.0,4.61855137122225,59.15589141845703,49.691166418451886,56.25564064377214,47.11395802306487,40.81313696288458,57.64515730913948,48.02092083021569
549,Cloud Engineer,0,33.33333333333333,60.0,100.0,2.9826715755902047,61.930702209472656,48.403672734426095,56.51847087347603,45.504590918032626,39.29843851108952,56.419143527161836,46.016549885888466
549,Data Scientist,0,50.0,60.0,100.0,5.566035455789406,63.792945861816406,54.90384719764087,57.54438030406288,53.62980899705109,46.94570258545985,63.6105198579676,53.33518272749225
549,Software Engineer,0,28.57142857142857,100.0,100.0,2.0032460369378606,55.748779296875,53.66280380007193,67.17354430780296,42.07850475008991,45.48565152949639,62.77919634650735,53.294690477106684
549,Web Developer,1,0.0,100.0,100.0,2.2267038467618114,52.15066146850586,43.15660479729015,66.39477661121562,28.94575599661269,33.125417408576645,50.379528494442205,41.56941832589915
550,AI Engineer,0,37.5,100.0,100.0,4.659276535280357,51.11970138549805,56.49184668811676,66.71822567402577,45.61480836014595,48.81393728013737,65.63877083273495,57.43987232975536
550,Cloud Engineer,0,33.33333333333333,100.0,100.0,2.4296601979803176,51.120887756347656,54.69924885981586,66.20397260484492,43.37406107476983,46.7049986586069,63.923293917786836,55.330724348663196
550,Data Scientist,0,50.0,100.0,100.0,5.615115283828706,55.32398223876953,61.640864628389735,67.90902250521498,52.05108078548717,54.8716054451644,71.52776157154757,62.75560857949918
550,Software Engineer,0,42.857142857142854,100.0,100.0,2.7582541273306327,49.25352478027344,57.801766836140615,65.84887205560095,47.25220854517576,50.35501980722425,67.5153279024012,59.31028014011718
550,Web Developer,1,14.285714285714285,100.0,100.0,2.9677101991926085,51.702510833740234,48.200533154939926,66.46235869990758,35.25066644367491,39.05945077051756,56.18279602948357,47.58253709397517
551,AI Engineer,0,25.0,100.0,100.0,3.8789727641009595,49.45658874511719,51.75033422638272,66.1543603482811,39.68791778297841,43.23568732515614,60.198221543255976,52.1551128407237
551,Cloud Engineer,0,33.33333333333333,100.0,100.0,3.0657679866392162,54.28022003173828,55.26856486942329,67.07984338885635,44.08570608677911,47.374782199321515,64.48082314285577,55.44297866430888
551,Data Scientist,0,25.0,100.0,100.0,4.488719864659196,45.965843200683594,51.318184459801415,65.48951455354063,39.147730574751776,42.72727583506049,59.58220762365005,52.262715270233976
551,Software Engineer,0,42.857142857142854,100.0,100.0,3.622424856531683,45.797698974609375,57.41301857467116,65.2507978071864,46.76627321833896,49.89766891137784,66.90547628963695,59.46278085703501
551,Web Developer,1,14.285714285714285,100.0,100.0,2.757819838784347,50.95913314819336,48.05754294804666,66.24237376622563,35.07192868505832,38.89122699770194,56.051611732034125,47.545497618609005
552,AI Engineer,0,37.5,8.333333333333332,100.0,2.141199622727873,53.2017822265625,38.09311394406022,38.41248299086188,45.53305909674195,27.168369345953202,44.437569412530635,35.426878364795115
552,Cloud Engineer,0,33.33333333333333,8.333333333333332,100.0,1.4432957171661007,42.87314224243164,34.980799027272994,35.86789593939435,41.64266545075792,23.506822385027046,40.89918196435068,33.58803257753911
552,Data Scientist,0,50.0,8.333333333333332,100.0,1.4084181082044487,44.282752990722656,41.02034233150574,36.18514204847036,49.192094581048835,30.612167448830277,48.01068190032361,40.44462280340864
552,Software Engineer,0,28.57142857142857,12.5,100.0,1.409276063450325,45.57150650024414,34.54711738455417,37.76479597623718,40.058896730692716,22.99660868771079,40.39497173533721,32.60163695237359
552,Web Developer,1,14.285714285714285,12.5,100.0,3.0281335616841156,52.463294982910156,30.823714281689142,39.72879120259868,35.40464285211143,18.616134449046047,35.72881676169003,27.00496474617955
553,AI Engineer,0,37.5,8.333333333333332,100.0,2.2811262062891835,58.12220764160156,38.852166743850276,39.58025652900042,46.48187509647952,28.061372639823855,45.30587977989047,35.45157129130593
553,Cloud Engineer,0,50.0,8.333333333333332,100.0,2.4101151937028495,51.43598175048828,42.24358120829534,38.06704801276205,50.72114317703584,32.05127200975922,49.27301638734107,40.62139287732012
553,Data Scientist,0,25.0,8.333333333333332,70.0,0.6560437365376872,39.19928741455078,26.894966339329937,27.915332829738364,31.535374590829093,19.28819569332934,31.525364445705037,24.72361556134979
553,Software Engineer,0,28.57142857142857,12.5,100.0,1.489909116056183,48.471527099609375,34.99421543234983,38.45263912669205,40.617769290437295,23.522606390999805,40.906740076401654,32.61586631459815
553,Web Developer,1,14.285714285714285,12.5,100.0,3.2691936824861973,49.8768310546875,30.471903710576054,39.18754417011701,34.96487963822007,18.20223965950124,35.2723819508272,27.047504767497564
554,AI Engineer,0,25.0,100.0,100.0,3.4072441140329963,50.42139434814453,51.82429576932663,66.26814733742559,39.780369711658295,43.32270090509016,60.36848135555492,52.07186660835877
554,Cloud Engineer,0,16.666666666666664,100.0,100.0,1.3978331449168984,47.084556579589844,48.10569179200934,65.03439762873232,35.13211474001168,38.94787269648158,56.348255082672715,48.28589212361278
554,Data Scientist,0,50.0,100.0,100.0,5.779937962561781,51.256317138671875,61.05543826518505,67.00836656182315,51.31929783148132,54.182868547276534,70.80993831858916,62.78469493456973
554,Software Engineer,0,42.857142857142854,100.0,100.0,3.3322195596269832,45.14704513549805,57.27188970426876,65.03367646810578,46.58986213033595,49.73163494619854,66.79065502391143,59.411568157581236
554,Web Developer,1,14.285714285714285,100.0,100.0,2.746220152709575,51.263309478759766,48.1014294447204,66.309891453416,35.1267868059005,38.9428581702593,56.10528990801643,47.54345061518405
555,AI Engineer,0,25.0,60.0,100.0,1.250636666339697,47.66036605834961,43.08665040870339,52.82561601338984,38.85831301087925,33.043118127886345,50.469476363238165,42.279524117589354
555,Cloud Engineer,0,33.33333333333333,60.0,100.0,3.181443563764429,52.70635986328125,47.049837180723515,54.435646944702846,43.8122964759044,37.705690800851194,54.79131840724571,46.05162729556627
555,Data Scientist,0,25.0,60.0,100.0,0.5692197100082962,34.66083526611328,41.034508246418234,49.668474225258834,36.2931353080228,30.62883323108028,48.1754415175494,42.15927406647205
555,Software Engineer,0,42.857142857142854,100.0,100.0,3.1143383808966782,39.221763610839844,56.35041529876048,63.616023536554586,45.43801912345061,48.64754741030645,65.74501710779526,59.373118537805304
555,Web Developer,1,14.285714285714285,100.0,100.0,2.8365326521166274,44.42231369018555,47.088826951345325,64.7520414636082,33.86103368918166,37.7515611192298,54.898055357091565,47.55938811507941
556,AI Engineer,0,12.5,8.333333333333332,100.0,1.2229666035687679,47.15365219116211,28.298159485876294,36.804860747502,33.28936602401204,15.644893512795644,33.076134700401155,24.97071959670821
556,Cloud Engineer,0,0.0,8.333333333333332,100.0,1.884074184518578,48.89122009277344,24.28296080826047,37.358401243477644,28.270367676992255,10.921130362659376,28.235705506567864,19.940326816875828
556,Data Scientist,0,25.0,8.333333333333332,100.0,0.9328523066992621,43.93368911743164,32.146647880286295,35.99484289274815,38.099976517024544,20.172526917983884,37.65496474621342,30.066581779613593
556,Software Engineer,0,28.57142857142857,12.5,100.0,1.7070915290466282,45.452579498291016,34.57395065410065,37.806077929385616,40.09243831762581,23.028177240118403,40.37398461734548,32.65419262277294
556,Web Developer,1,14.285714285714285,12.5,100.0,3.113921344904785,56.4286994934082,31.431393125746947,40.66368173191838,36.16424140718369,19.33105073617288,36.428594028248504,27.0201037667479
557,AI Engineer,0,37.5,100.0,100.0,2.5263189545570457,47.28959274291992,55.59738675462154,65.34213346864851,44.49673344327694,47.76163147602534,64.9628693075741,57.06346805080418
557,Cloud Engineer,0,33.33333333333333,100.0,100.0,2.4314237438932005,48.40849685668945,54.29265475675406,65.57844321551909,42.86581844594258,46.22665265500478,63.44463670020009,55.33103556264782
557,Data Scientist,0,50.0,100.0,100.0,3.0467001641614937,36.720985412597656,58.46515283651387,63.023312056175186,48.08144104564234,51.13547392531044,68.2448797786937,62.30235885249909
557,Software Engineer,0,57.14285714285714,100.0,100.0,5.88294965414177,45.997215270996094,62.78202473877068,65.81849959810873,53.477530923463355,56.21414675149492,72.82303798899932,65.7440499389662
557,Web Developer,1,14.285714285714285,100.0,100.0,3.1593597025177735,54.79440689086914,48.693064989008036,67.22009998308928,35.866331236260045,39.63889998706828,56.7284247454475,47.61635759456196
558,AI Engineer,0,12.5,100.0,100.0,1.5582740882343726,56.895912170410156,48.14312793879668,67.33558144430259,35.17890992349585,38.99191522211375,56.36398450066062,46.59851895674724
558,Cloud Engineer,0,16.666666666666664,100.0,100.0,3.338244899140408,57.57441711425781,49.97023263534306,67.90292200309189,37.46279079417884,41.14145015922714,58.199406941731766,48.62831772729928
558,Data Scientist,0,0.0,100.0,100.0,0.8814741577287097,49.56401062011719,42.56682271667688,65.48741956411828,28.20852839584611,32.431556137266924,49.92306069766774,41.33202485136389
558,Software Engineer,0,0.0,100.0,100.0,0.6869106658159566,47.04604721069336,42.1599436814764,64.86145181765599,27.699929601845497,31.952874919383994,49.47871421365177,41.29769011749694
558,Web Developer,1,14.285714285714285,100.0,100.0,2.73962600410105,47.257747650146484,47.49960604813713,65.38400930482635,34.374507560171416,38.234830644867216,55.3984260559082,47.54228694190019
559,AI Engineer,0,37.5,8.333333333333332,100.0,4.197069231673596,57.294376373291016,39.01538350741136,39.83135924217132,46.685896050930864,28.25339236166042,45.159791909012135,35.78967888402083
559,Cloud Engineer,0,50.0,8.333333333333332,100.0,3.6284492123452807,62.78258514404297,44.1283218201249,40.96664895403831,53.077068941822795,34.2686139060293,51.27535816267425,40.83639299825701
559,Data Scientist,0,25.0,8.333333333333332,70.0,4.062386192123825,55.10018539428711,29.791052404628303,32.37084985327431,35.155482172452054,22.695355770150947,34.3314052656585,25.32473481821793
559,Software Engineer,0,28.57142857142857,12.5,100.0,1.3805891201914249,53.429054260253906,35.7214465070668,39.57145616471816,41.526808133833505,24.378172361255057,41.781597810633045,32.596574550622016
559,Web Developer,1,0.0,12.5,100.0,2.292973306917806,46.403358459472656,24.80444976495857,38.160691946090104,27.880562206198213,11.534646782304199,28.777063257553998,20.99287764239726
560,AI Engineer,0,25.0,60.0,100.0,3.9418064478125165,50.21119689941406,43.87295050208399,54.035308464744595,39.84118812760499,33.96817706127528,50.91962298224954,42.754436431966916
560,Cloud Engineer,0,16.666666666666664,60.0,100.0,2.4726473174505403,53.8223991394043,41.27759030186155,54.529626105428044,36.59698787732695,30.914812119837126,48.125521416757614,39.06380050700107
560,Data Scientist,0,25.0,60.0,100.0,4.5302389284589415,47.072696685791016,43.4904403421375,53.446831295596134,39.36305042767187,33.51816510839705,50.365770003374884,42.85827745796335
560,Software Engineer,0,28.57142857142857,100.0,100.0,2.021117363063702,42.42249298095703,51.66654155160311,64.10237161785093,39.58317693950389,43.137107707768365,60.42749876134536,53.29784424054065
560,Web Developer,1,14.285714285714285,100.0,100.0,2.6238924527413228,44.55108642578125,47.076246831778384,64.7326874335052,33.845308539722986,37.736760978562806,54.92077995749081,47.52186337401317
561,AI Engineer,0,25.0,8.333333333333332,100.0,3.2460200521643943,48.75532150268555,33.216867899894154,37.641335230606394,39.43775154153437,21.431609293993127,38.505841049493526,30.474787852342732
561,Cloud Engineer,0,33.33333333333333,8.333333333333332,100.0,4.785317639306457,61.15924072265625,38.225017087627734,40.85900064763241,45.69793802620134,27.323549514856158,44.12614051968443,34.17780115203447
561,Data Scientist,0,25.0,8.333333333333332,100.0,4.201345111776587,50.43595886230469,33.612262262778856,38.24963425042901,39.93199449514024,21.896779132681008,38.80242411295573,30.643374627568413
561,Software Engineer,0,28.57142857142857,12.5,100.0,2.6410493050354193,48.338680267333984,35.14695943585541,38.687629901316015,40.80869929481926,23.70230521865342,40.88329651776482,32.8190087008886
561,Web Developer,1,0.0,12.5,100.0,2.371407281053421,50.6939582824707,25.45980483452862,39.168930514659415,28.699756043160775,12.305652746504258,29.53422793220071,21.006718931950605
562,AI Engineer,0,50.0,8.333333333333332,100.0,5.239983372832337,48.2204475402832,42.18573130363401,37.97804815943692,50.648830796209175,31.983213298392943,48.70556917377547,41.12078137951944
562,Cloud Engineer,0,50.0,8.333333333333332,100.0,3.5895513951581677,55.55203628540039,43.037904818750455,39.28908433653915,51.714047690104735,32.98577037500053,49.999378952325564,40.82952867757694
562,Data Scientist,0,50.0,8.333333333333332,70.0,4.486728171798747,47.57883071899414,37.476500500285596,30.733077692747074,44.762292292023666,31.737059412100706,43.29822502884211,35.69373634404292
562,Software Engineer,0,42.857142857142854,12.5,100.0,2.0131123295489504,44.60926818847656,39.49335707770383,37.68208781185204,46.24169634712979,28.815714209063326,46.10751791561351,38.59054923462628
562,Web Developer,1,14.285714285714285,12.5,100.0,2.794671027673505,48.74149703979492,30.230425210120266,38.81603878480041,34.663031512650335,17.91814730602384,35.072028889375574,26.963765475471796
563,AI Engineer,0,25.0,60.0,100.0,1.9240308030634403,51.514984130859375,43.76585224008842,53.87054190782834,39.70731530011053,33.842179105986375,51.14970308191636,42.3983583770112
563,Cloud Engineer,0,16.666666666666664,60.0,100.0,1.770998457348231,51.213443756103516,40.78099966535109,53.76564051079655,35.97624958168887,30.330587841589523,47.66511752558689,38.93998011992419
563,Data Scientist,0,50.0,60.0,100.0,3.3552805563789057,48.307342529296875,52.249393462851366,53.46060532746364,50.31174182856421,43.822815838648665,60.87776632869945,52.94504950994922
563,Software Engineer,0,28.57142857142857,100.0,100.0,3.357324466875342,50.059024810791016,53.01245239164995,66.17300367946146,41.26556548956244,44.720532225470535,61.77512202543371,53.53364549415448
563,Web Developer,1,14.285714285714285,100.0,100.0,3.479350644726928,62.43976974487305,49.88786805844,69.05825855144614,37.35983507305,41.044550656988235,58.07760642556583,47.67282658436358
564,AI Engineer,0,0.0,100.0,100.0,0.9220774533066353,54.19612121582031,43.26772980036904,66.5657381544139,29.084662250461303,33.25615270631652,50.74049197926241,41.33919013881882
564,Cloud Engineer,0,0.0,100.0,100.0,2.799720275708807,52.84049606323242,43.346032450841186,66.6862037705249,29.18254056355148,33.34827347157786,50.50126401115866,41.67053887218391
564,Data Scientist,0,0.0,100.0,70.0,0.951105329481953,48.586421966552734,37.930629094405205,58.35481399139262,22.413286368006503,32.27132834635906,44.45642740586225,36.05019505814388
564,Software Engineer,0,14.285714285714285,100.0,100.0,1.4756169667702899,49.99683380126953,47.720867615205975,65.72441171570149,34.65108451900747,38.49513837083056,55.881794200224036,47.319226523547705
564,Web Developer,1,14.285714285714285,100.0,100.0,2.9560400273127465,54.95565414428711,48.68675412573998,67.2103909626769,35.858442657174976,39.631475442047034,56.75688014310949,47.580477651878724
565,AI Engineer,0,12.5,60.0,100.0,1.6745823812030718,60.58767318725586,40.714338335268835,55.90667436195205,35.892922919086054,30.252162747375106,47.603707033045154,37.207279243741716
565,Cloud Engineer,0,16.666666666666664,60.0,100.0,3.587408745643443,62.77347946166992,42.78746656443033,56.85251266322616,38.48433320553793,32.69113713462393,49.7051238265692,39.26052311197628
565,Data Scientist,0,0.0,60.0,100.0,0.9472666619842434,51.38387680053711,34.849671519378205,53.61487926058185,28.56208939922276,23.352554728680243,40.83244884715361,31.931870587408984
565,Software Engineer,0,0.0,100.0,100.0,0.738181111475212,53.28382110595703,43.103300332614836,66.31276974248436,28.87912541576855,33.06270627366452,50.57949784222771,41.30673784320151
565,Web Developer,1,14.285714285714285,100.0,100.0,2.9441094299088246,56.04518508911133,48.848394177853024,67.45906796592773,36.06049272231628,39.82164020923885,56.949150309843176,47.578372252336855
566,AI Engineer,0,25.0,8.333333333333332,100.0,3.950928479614731,59.723079681396484,34.96776789081835,40.33502752433592,41.6263765301896,23.491491636256878,40.4413277869131,30.599183457186914
566,Cloud Engineer,0,33.33333333333333,8.333333333333332,100.0,2.574312130800391,56.690650939941406,37.2230777939446,39.3175555804276,44.44551390909742,26.14479740464071,43.33756585214652,33.78762370935693
566,Data Scientist,0,25.0,8.333333333333332,100.0,4.571986510043154,53.460548400878906,34.121546903304974,39.033149082007654,40.56860029579789,22.49593753329997,39.33617520799823,30.70878193314487
566,Software Engineer,0,42.857142857142854,12.5,100.0,2.5836120817629085,56.083824157714844,41.30011543592166,40.46171605526409,48.50014429490208,30.941312277554896,48.13243955724379,38.69122566148757
566,Web Developer,1,14.285714285714285,12.5,100.0,2.8089779447639316,56.22400665283203,31.354947689639395,40.54607336867599,36.068684612049246,19.24111492898752,36.39247176226448,26.966290225546576
567,AI Engineer,0,25.0,60.0,100.0,1.4438406091037752,49.792259216308594,43.43541497381186,53.36217688278747,39.29426871726482,33.45342938095513,50.84569280287799,42.31361893101832
567,Cloud Engineer,0,33.33333333333333,60.0,100.0,2.1647284325352567,53.13945007324219,46.96229344253328,54.30096427056402,43.70286680316661,37.60269816768621,54.86774609135646,45.872206978290535
567,Data Scientist,0,25.0,60.0,70.0,0.6571553153144313,32.5644416809082,36.23323954943339,42.2819069991283,30.291549436791747,30.274399469921644,42.511372061336736,36.88067446740843
567,Software Engineer,0,42.857142857142854,100.0,100.0,2.306059050996058,46.2501220703125,57.28342716819628,65.05142641260966,46.60428396024536,49.7452084331721,66.98531565946692,59.230481008999305
567,Web Developer,1,0.0,100.0,100.0,2.478731930705776,50.160003662109375,42.895810338922274,65.99355436757273,28.61976292365284,32.81860039873209,50.02823594037224,41.613893870124556
568,AI Engineer,0,37.5,8.333333333333332,100.0,4.590533973383009,60.71162414550781,39.58699038450029,40.71075443769275,47.400404647292035,28.925871040588575,45.76283563352098,35.85911383844014
568,Cloud Engineer,0,33.33333333333333,8.333333333333332,100.0,1.7727876822658541,54.55037307739258,36.78180744728209,38.63867812402374,43.893925975769285,25.625655820331875,42.959869758755545,33.64617821843907
568,Data Scientist,0,50.0,8.333333333333332,100.0,4.955069864250538,56.445884704589844,43.37680985199273,39.810476695373424,52.13767898165758,33.38448217881497,50.157116908653116,41.07050252506383
568,Software Engineer,0,42.857142857142854,12.5,100.0,2.223248624732294,50.54252624511719,40.41486623047742,39.09979420073449,47.39358278809678,29.899842624091086,47.15456345502068,38.62763211024688
568,Web Developer,1,0.0,12.5,100.0,2.3361697442123344,42.585289001464844,24.238218811851578,37.28956740284858,27.172773514814473,10.868492719825383,28.10328629437615,21.000500543096294
569,AI Engineer,0,25.0,100.0,100.0,1.590698365932732,50.47838592529297,51.56036264368386,65.86209637489824,39.45045330460482,43.012191345510416,60.37853869269876,51.75129971163519
569,Cloud Engineer,0,33.33333333333333,100.0,100.0,1.6806462920652439,47.21851348876953,54.00154063379188,65.1305753340388,42.501925792239845,45.884165451519856,63.234639635273055,55.19854542408995
569,Data Scientist,0,0.0,100.0,100.0,0.10398573720179297,30.25606346130371,39.554007379775825,60.85231904580896,24.442509224719785,28.887067505618617,46.51577590493595,41.19482101244738
569,Software Engineer,0,28.57142857142857,100.0,100.0,1.593777157178523,43.321861267089844,51.737345763640256,64.21130117483116,39.67168220455032,43.220406780753244,60.586210811839386,53.2224312630315
569,Web Developer,1,14.285714285714285,100.0,100.0,2.959327516356008,47.24024963378906,47.529936572521756,65.43067165003347,34.4124207156522,38.270513614731485,55.39533817066866,47.581057797004
570,AI Engineer,0,25.0,100.0,100.0,1.907728841271788,57.131256103515625,52.605847741718115,67.47053498725863,40.757309677147646,44.24217381378602,61.55257460650276,51.80724626610679
570,Cloud Engineer,0,16.666666666666664,100.0,100.0,2.6714207758459216,55.57494354248047,49.57028798108229,67.28762253499839,36.96285997635286,40.6709270365674,57.84655866435929,48.51064288201203
570,Data Scientist,0,50.0,100.0,100.0,3.3268518766803936,52.59203338623047,60.88783278943663,66.75051198374865,51.109790986795794,53.98568563463133,71.04565295051127,62.351797390002424
570,Software Engineer,0,28.57142857142857,100.0,100.0,3.3288784694962796,45.896575927734375,52.3838181595846,65.20587409166862,40.479772699480755,43.98096254068776,61.040572222541364,53.52862561226405
570,Web Developer,1,0.0,100.0,100.0,2.611298397820604,43.09392166137695,41.855783008879634,64.39351232135328,27.319728761099544,31.59503883397604,48.78128029318417,41.63728795255658
571,AI Engineer,0,37.5,8.333333333333332,100.0,2.010488357945761,44.931190490722656,36.83291849396693,36.47372075994912,43.95781478412533,25.685786463490505,42.97805322385302,35.40381167101003
571,Cloud Engineer,0,33.33333333333333,8.333333333333332,100.0,3.2456214728900283,53.960758209228516,36.91429028565111,38.84249787536069,44.05952952373057,25.781517983118956,42.85582007613836,33.90609006384334
571,Data Scientist,0,25.0,8.333333333333332,100.0,0.8719281967667202,37.59117126464844,31.18613158587894,34.51712551673683,36.899331149015346,19.04250774809287,36.53569688983992,30.055830466096086
571,Software Engineer,0,42.857142857142854,12.5,100.0,2.3376341453869993,43.98128128051758,39.447837313885685,37.61205740597798,46.184796642357114,28.762161545747865,45.996696696561926,38.64781779036241
571,Web Developer,1,14.285714285714285,12.5,100.0,2.9105527248393708,53.16960906982422,30.912024269199538,39.864652721845445,35.51503033649943,18.720028551999455,35.85346042408663,26.98421518673636
572,AI Engineer,0,12.5,60.0,100.0,0.6540912536508857,42.95317459106445,37.916089876707304,51.60167673339585,32.39511234588413,26.960105737302708,44.49173669254079,37.02719257417369
572,Cloud Engineer,0,16.666666666666664,60.0,100.0,1.3697620164804527,49.16780471801758,40.41396834350803,53.200976938730314,35.517460429385046,29.898786286480043,47.304122401218784,38.869173689182816
572,Data Scientist,0,0.0,60.0,100.0,0.12216807542498594,32.30615234375,31.864248062876246,49.021920096732686,24.83031007859531,19.84029183867794,37.46579159007353,31.786264954486764
572,Software Engineer,0,14.285714285714285,100.0,100.0,0.9860672572636389,38.94111251831055,45.98907696633613,63.060118409747886,32.48634620792016,36.45773760745426,53.930784562054804,47.23283539834065
572,Web Developer,1,0.0,100.0,100.0,2.6316653864184607,45.22010803222656,42.17776601279675,64.88887078891808,27.722207515995944,31.97384236799618,49.15648965274587,41.640882127015026
573,AI Engineer,0,37.5,8.333333333333332,100.0,4.323477804714372,53.37937927246094,38.44709522824296,38.95706958191225,45.97553570197037,27.584817915579958,44.46891006768918,35.811986279263316
573,Cloud Engineer,0,33.33333333333333,8.333333333333332,100.0,2.942346160512057,53.755699157714844,36.838040131067366,38.72518994523185,43.96421683050088,25.691811918902783,42.81963318469477,33.85257089107075
573,Data Scientist,0,25.0,8.333333333333332,100.0,1.693369850069838,47.82980728149414,32.84514323640126,37.06945113292502,38.973095712168245,20.994286160472075,38.34251501045975,30.200790757855458
573,Software Engineer,0,42.857142857142854,12.5,100.0,2.942898303608147,50.221435546875,40.47465007757247,39.1917693501115,47.46831259696559,29.970176561849968,47.097900390625,38.75462911240144
573,Web Developer,1,14.285714285714285,12.5,100.0,2.8887912623353986,50.57508850097656,30.519581964496794,39.260895329995066,35.024477455620996,18.258331722937406,35.39560385311351,26.98037492864742
574,AI Engineer,0,25.0,100.0,100.0,1.5424752059525921,44.59409713745117,50.67048585151056,64.4930551561701,38.33810731438821,41.96527747236537,59.340134788961976,51.742789742226925
574,Cloud Engineer,0,16.666666666666664,100.0,100.0,1.4174388361816628,43.835838317871094,47.621324906441245,64.2892178047814,34.52665613305156,38.378029301695584,55.774951860016465,48.289351951483034
574,Data Scientist,0,25.0,100.0,100.0,0.8449845127493509,40.45450210571289,49.944922992769335,63.37680460426051,37.43115374096167,41.111674109140395,58.60961801865522,51.61970314930871
574,Software Engineer,0,28.57142857142857,100.0,100.0,1.5462961216164302,38.79841995239258,51.05170741110135,63.156472940155915,38.81463426387669,42.413773424825116,59.787956462186926,53.21405225675584
574,Web Developer,1,14.285714285714285,100.0,100.0,2.8206129646334666,46.9916877746582,47.471845110893746,65.34130017060576,34.33980638861719,38.20217071869853,55.351474313174975,47.556578758464724
575,AI Engineer,0,50.0,100.0,100.0,3.2298067467094653,55.201751708984375,61.26473376835407,67.33035964362165,51.58091721044259,54.42909855100479,71.50619147805607,62.33467177883108
575,Cloud Engineer,0,50.0,100.0,100.0,4.405464929157999,59.38004684448242,62.06782676604606,68.56588733237855,52.58478345755758,55.373913842407134,72.24353767843807,62.542140869851416
575,Data Scientist,0,50.0,100.0,70.0,2.1506609974619373,50.812137603759766,55.94441979018326,59.145261215666544,44.93052473772907,53.46402328256854,65.43743604772231,56.850116646610935
575,Software Engineer,0,57.14285714285714,100.0,100.0,3.388447228846921,50.534202575683594,63.088397470679574,66.28984226258396,53.86049683834947,56.57458525962303,73.62368280747357,65.30384362862004
575,Web Developer,1,0.0,100.0,100.0,2.1655494403990345,42.34619903564453,41.67676227140654,64.11809580216391,27.09595283925817,31.384426201654748,48.64932924158433,41.558626371835125
576,AI Engineer,0,37.5,100.0,100.0,5.03979207373382,54.78709411621094,57.09903292849171,67.6523583515257,46.373791160614644,49.52827403351966,66.2859577852137,57.50702213065891
576,Cloud Engineer,0,33.33333333333333,100.0,100.0,2.9263924096282175,53.31865692138672,55.10342406631891,66.8257806148496,43.87928008289863,47.18049890155166,64.31113553514668,55.41838297424812
576,Data Scientist,0,50.0,100.0,100.0,5.401824449712208,54.608428955078125,61.50153801071855,67.69467386264392,51.87692251339819,54.70769177731594,71.40148746266085,62.71796902053745
576,Software Engineer,0,57.14285714285714,100.0,100.0,3.381345747233767,53.265052795410156,63.49695978139659,66.91839966368705,54.37119972674574,57.05524680164305,74.1055975521312,65.30259042598243
576,Web Developer,1,14.285714285714285,100.0,100.0,2.854981367849681,53.317134857177734,48.425817433754105,66.80894989808324,35.532271792192645,39.32449109853425,56.46772968067843,47.562643770797
577,AI Engineer,0,12.5,100.0,100.0,2.5723834209450342,41.59239959716797,45.99971745271695,64.03802685033376,32.49964681589619,36.470255826725825,53.66336463479435,46.7774794272256
577,Cloud Engineer,0,16.666666666666664,100.0,100.0,1.1571098272287486,44.38887023925781,47.66523034330631,64.35676463072767,34.58153792913289,38.42968275683096,55.872545728496476,48.2434115381384
577,Data Scientist,0,0.0,100.0,100.0,3.4524216382515376,38.16992950439453,41.243352671396906,63.451311802149085,26.55419083924614,30.8745325545846,47.91234050077551,41.7857214655738
577,Software Engineer,0,14.285714285714285,100.0,100.0,0.8329827371180704,36.22737121582031,45.55905309294076,62.39854321990886,31.94881636617595,35.9518271681656,53.45188903808594,47.205820483020844
577,Web Developer,1,14.285714285714285,100.0,100.0,2.937016947046082,46.41435241699219,47.40270540460574,65.23493139170114,34.253381755757175,38.12082988777146,55.24959160299862,47.57712063771402
578,AI Engineer,0,12.5,100.0,100.0,1.5064597284391845,59.322784423828125,48.49938662284009,67.8836717274463,35.62423327855012,39.411043085694224,56.7922560747932,46.589375246195154
578,Cloud Engineer,0,16.666666666666664,100.0,100.0,2.099114944760054,59.11014175415039,50.01472183816989,67.97136693051779,37.51840229771238,41.19379039784694,58.47041717230104,48.40964773534981
578,Data Scientist,0,0.0,100.0,100.0,1.0400317766029443,50.33416748046875,42.70612988856075,65.70173829009346,28.382662360700945,32.595446927718534,50.05897073184743,41.36000560763581
578,Software Engineer,0,0.0,100.0,100.0,0.8104706347567745,51.41585922241211,42.833949478575335,65.89838381319282,28.542436848219165,32.745822915970976,50.24985750983743,41.31949481789826
578,Web Developer,1,14.285714285714285,100.0,100.0,3.232423860972411,54.74593734741211,48.696754181257674,67.22577566347334,35.8709427265721,39.64324021324433,56.719871296602136,47.629251269583364
579,AI Engineer,0,12.5,100.0,100.0,0.6535298011479084,39.01076889038086,45.32464480372931,62.99945354419894,31.655806004661645,35.67605271026978,53.20778274536133,46.438858200202574
579,Cloud Engineer,0,16.666666666666664,100.0,100.0,1.3685862534529798,44.7291374206543,47.74799188444942,64.48409007864014,34.68498985556178,38.52704927582285,55.93259287815467,48.28073090747209
579,Data Scientist,0,0.0,100.0,100.0,0.12206320997792727,21.46881866455078,38.23863228117931,58.82866504796816,22.798290351474137,27.339567389622715,44.96508564668544,41.19801115470199
579,Software Engineer,0,0.0,100.0,100.0,0.12213756628641192,32.943363189697266,39.95982511339755,61.47665402061161,24.94978139174694,29.364500133408885,46.990005268770105,41.19802427640348
579,Web Developer,1,14.285714285714285,100.0,100.0,3.473793865801366,50.757850646972656,48.1347466769161,66.36114873371707,35.16843334614513,38.982054914018946,56.01609129064224,47.67184597631788
580,AI Engineer,0,12.5,100.0,100.0,1.4693111657115399,56.41035461425781,48.0569498669954,67.20299979537754,35.071187333744255,38.89052925528871,56.27829787310432,46.582819617478506
580,Cloud Engineer,0,16.666666666666664,100.0,100.0,2.0409286958579207,51.082275390625,48.80181394630577,66.10535478918837,36.00226743288221,39.76683993683032,57.053734872855394,48.399379573778845
580,Data Scientist,0,25.0,100.0,70.0,1.516336948203578,49.15027618408203,46.84999196984284,58.61537226129668,33.56248996230355,42.76469643510922,54.85004873836742,46.44405946144769
580,Software Engineer,0,28.57142857142857,100.0,100.0,2.0688001412101977,53.414154052734375,53.32244312909169,66.6499125062949,41.6530539113646,45.0852272106961,62.36720365636489,53.30625884844886
580,Web Developer,1,14.285714285714285,100.0,100.0,3.111800812783825,60.55544662475586,49.55008711563096,68.53859556250916,36.93760889453869,40.647161312507,57.74507881613339,47.6079648493148
581,AI Engineer,0,25.0,100.0,100.0,1.4146949935180337,48.60624694824219,51.253141291264036,65.3894481404062,39.06642661408005,42.65075446031063,60.04816122616039,51.72024029297378
581,Cloud Engineer,0,33.33333333333333,100.0,100.0,3.628438556194262,62.04416275024414,56.517556862632425,69.00136953225501,45.64694607829053,48.84418454427344,65.85093068141563,55.54227347070095
581,Data Scientist,0,0.0,100.0,70.0,0.11433471641343507,30.996625900268555,35.1666440925023,54.102529373080465,18.958305115627876,29.019581285296823,41.35234574710622,35.90252965583767
581,Software Engineer,0,14.285714285714285,100.0,100.0,0.9439580157695504,41.915748596191406,46.42895599179415,63.73685537199099,33.03619498974268,36.97524234328723,54.45572034050437,47.22540435572404
581,Web Developer,1,0.0,100.0,100.0,2.4629242509100644,44.13843536376953,41.990203942201944,64.60031375723376,27.487754927752423,31.75318110847287,48.96560624066522,41.611104279572366
582,AI Engineer,0,37.5,100.0,100.0,3.196937217184581,56.099639892578125,57.0194865664644,67.52997933302215,46.274358208080514,49.43469007819341,66.51758351045497,57.18181245009139
582,Cloud Engineer,0,33.33333333333333,100.0,100.0,3.0055996104878426,54.3286247253418,55.26680031704111,67.07712869288376,44.08350039630139,47.372706255342486,64.48936514760933,55.43236071557629
582,Data Scientist,0,50.0,100.0,100.0,2.4653341212735413,46.45408248901367,59.83791249154308,65.13524998698935,49.797390614428856,52.75048528416833,69.96248514512006,62.19976484493063
582,Software Engineer,0,57.14285714285714,100.0,100.0,3.8842265616336094,51.53502655029297,63.312887966788985,66.63521225659844,54.14110995848623,56.8386917256341,73.80029880299287,65.39133409911182
582,Web Developer,1,0.0,100.0,100.0,2.4824009609236652,47.18854522705078,42.45064192819616,65.30867988953256,28.06330241024521,32.294872856701375,49.50386092242073,41.61454134604535
583,AI Engineer,0,37.5,8.333333333333332,100.0,5.707401701313948,56.10120391845703,39.06295750963231,39.90455001481894,46.745363553707065,28.309361776038017,44.94923206404143,36.056208143369126
583,Cloud Engineer,0,33.33333333333333,8.333333333333332,100.0,2.7742637416845333,57.098052978515625,37.31418084136335,39.457714114917984,44.559392718370866,26.251977460427476,43.40946032954197,33.822909287748246
583,Data Scientist,0,25.0,8.333333333333332,70.0,4.702677750149069,52.629112243652344,29.516435165736873,31.948361793441354,34.812210623837764,22.3722766655728,33.89533353319355,25.437727446104734
583,Software Engineer,0,42.857142857142854,12.5,100.0,2.7747843434384203,50.09878158569336,40.43103488936977,39.12466906056887,47.413793611712215,29.91886457572914,47.076255573945886,38.72496194295972
583,Web Developer,1,0.0,12.5,100.0,2.0616921692142616,40.83562088012695,23.934596957401183,36.82245685754028,26.793246196751483,10.511290538119038,27.79452133178711,20.952063323978987
584,AI Engineer,0,12.5,60.0,100.0,1.8750977810977116,55.4204216003418,39.96932790721593,54.76050447263989,34.96165988401991,29.375679890842267,46.69183910594267,37.24266431431136
584,Cloud Engineer,0,0.0,60.0,100.0,2.9515689645855643,55.3316764831543,35.74248681716098,54.988441257170734,29.67810852145123,24.402925667248212,41.52911937938018,32.2855709937504
584,Data Scientist,0,25.0,60.0,100.0,1.638925904926403,53.6575927734375,44.04447780175459,54.29919661808398,40.05559725219324,34.16997388441716,51.52781048943015,42.34804574792819
584,Software Engineer,0,28.57142857142857,100.0,100.0,2.1354754263516824,49.19947052001953,52.700241891955685,65.69267983377797,40.87530236494461,44.353225755241986,61.623435974121094,53.31802507523854
584,Web Developer,1,14.285714285714285,100.0,100.0,2.7959130331576816,50.637638092041016,48.0150326687798,66.17697333658431,35.01879083597476,38.84121490444683,55.994877310360174,47.55221994702783
585,AI Engineer,0,37.5,100.0,100.0,4.352379165755028,54.02886962890625,56.88218731919919,67.31874972184491,46.10273414899899,49.273161551999046,66.15215346392463,57.38571397042736
585,Cloud Engineer,0,33.33333333333333,100.0,100.0,2.2520385069556266,53.76618957519531,55.069400878989306,66.77343724972714,43.836751098736634,47.140471622340364,64.39011188581878,55.299379344364716
585,Data Scientist,0,50.0,100.0,100.0,4.6980031009619685,52.59669876098633,61.09420527929224,67.06800812198806,51.3677565991153,54.22847679916734,71.04647625193877,62.59376525311093
585,Software Engineer,0,57.14285714285714,100.0,100.0,2.8349551800868786,49.35784149169922,62.82891950076791,65.89064538579679,53.536149375959894,56.26931705972695,73.41608967500575,65.2061685611918
585,Web Developer,1,0.0,100.0,100.0,2.2149703240043244,48.359100341796875,42.586110599870175,65.5170932305695,28.232638249837724,32.45424776455316,49.7104294720818,41.567347704236056
586,AI Engineer,0,37.5,100.0,100.0,2.0152226573097884,54.105712890625,56.54314033219021,66.79713897260032,45.67892541523778,48.87428274375319,66.16571403952206,56.973274586584076
586,Cloud Engineer,0,50.0,100.0,100.0,2.6929500811519858,54.38427734375,61.06158411373529,67.0178217134389,51.32698014216912,54.19009895733564,71.36193129595588,62.239932367262114
586,Data Scientist,0,25.0,100.0,70.0,0.5795708270817693,39.28004837036133,45.22894287961646,56.121450584025325,31.53617859952058,40.85757985837231,53.10824383006376,46.27874779301443
586,Software Engineer,0,28.57142857142857,100.0,100.0,1.316235199845925,45.51665115356445,52.02493295301156,64.65374300463316,40.03116619126445,43.55874465060183,60.973526674158435,53.17345327056105
586,Web Developer,1,14.285714285714285,100.0,100.0,2.8881142840393172,48.28371047973633,47.67577371456635,65.65503648394822,34.59471714320794,38.44208672301923,55.57947831995347,47.56849075600694
587,AI Engineer,0,25.0,60.0,100.0,3.146620958241582,55.049007415771484,44.47934425610195,54.96822193246455,40.59918032012745,34.68158147776701,51.77335424984203,42.61410958086616
587,Cloud Engineer,0,16.666666666666664,60.0,100.0,1.9360084572903926,56.72017288208008,41.63176053423889,55.07450338600857,37.03970066779863,31.33148298145753,48.6368932537004,38.96909953167869
587,Data Scientist,0,25.0,60.0,100.0,0.9661673001475659,42.54328155517578,42.27641732829851,51.57910358199769,37.84552166037313,32.089902739174704,49.56646145091337,42.22932364120252
587,Software Engineer,0,42.857142857142854,100.0,100.0,2.5902886033006474,50.74577331542969,58.00040928780955,66.15447582739931,47.500511609761936,50.58871680918771,67.77866587919348,59.280639165288356
587,Web Developer,1,0.0,100.0,100.0,2.4411853907944643,51.98036575317383,43.163232671595246,66.40497334091576,28.95404083949406,33.13321490775911,50.34947630938362,41.6072680101402
588,AI Engineer,0,25.0,8.333333333333332,100.0,1.7413881236800284,33.77800750732422,30.7445760113173,33.83780924818046,36.347386680813294,18.52303060154977,35.86278563854741,30.20926457084549
588,Cloud Engineer,0,16.666666666666664,8.333333333333332,100.0,1.5956654608602776,40.00495529174805,28.74009311289125,35.24116889162756,33.84178305778073,16.16481542693088,33.530286227955536,26.752176257798876
588,Data Scientist,0,25.0,8.333333333333332,100.0,0.9721121344239636,22.868799209594727,28.99280336826947,31.142774412722268,34.15767087700351,16.462121609728786,33.93763123306574,30.073509984506188
588,Software Engineer,0,42.857142857142854,12.5,100.0,2.6062266675182126,35.8494873046875,38.26835709583085,35.79747245512439,44.71044636978858,27.37453775980101,44.56167423023897,38.69521647073851
588,Web Developer,1,14.285714285714285,12.5,100.0,3.2449731895229323,50.83145523071289,30.611464263035373,39.40225271236211,35.139330328794216,18.3664285447475,35.440845040714045,27.04323056285699
589,AI Engineer,0,25.0,60.0,100.0,1.7734591517307754,46.63029098510742,43.01056252052573,52.70855772388574,38.76320315065717,32.95360296532439,50.28769840913661,42.371786909128964
589,Cloud Engineer,0,16.666666666666664,60.0,100.0,1.6296987247147035,49.94905471801758,40.57014634974317,53.44125079447667,35.712682937178975,30.082525117344915,47.44199004827761,38.915044872988865
589,Data Scientist,0,25.0,60.0,70.0,0.9715200033187207,43.871437072753906,37.976443561410896,44.96375932524752,32.47055445176362,32.32522771930693,44.506724189309516,36.93615058882095
589,Software Engineer,0,14.285714285714285,100.0,100.0,0.9721118167003192,48.01755142211914,47.34844948582292,65.15146074741988,34.18556185727865,38.05699939508579,55.532509074491614,47.230372673535356
589,Web Developer,1,14.285714285714285,100.0,100.0,3.242996617589352,60.16870880126953,49.51175581282883,68.47962432742897,36.889694766036044,40.60206566215157,57.67683096492992,47.63111705016282
590,AI Engineer,0,25.0,100.0,100.0,4.416206632432798,63.02104187011719,53.865587275382495,69.40859580828077,42.33198409422812,45.72422032397941,62.591948565314794,52.249918817488144
590,Cloud Engineer,0,33.33333333333333,100.0,100.0,2.8774740835352954,61.92498016357422,56.38703480373309,68.80056636471758,45.483793504666366,48.69062918086246,65.82989846023858,55.40975032846701
590,Data Scientist,0,25.0,100.0,70.0,5.110403099732837,56.715511322021484,48.52388716326315,61.19059563578946,35.65485895407894,44.733984897956645,56.18509023329791,47.078306429364616
590,Software Engineer,0,28.57142857142857,100.0,100.0,2.1077747535723566,55.375308990478516,53.622462561607634,67.11148086401174,42.028078202009546,45.43819124895016,62.71328982184915,53.313136721218655
590,Web Developer,1,0.0,100.0,100.0,2.376578838071371,46.276763916015625,42.29800141311305,65.07384832786623,27.872501766391313,32.115295780132996,49.342958338120404,41.5958668537773
591,AI Engineer,0,25.0,100.0,100.0,2.0864442755794186,59.20991897583008,52.944454487711425,67.99146844263296,41.18056810963928,44.64053469142521,61.919397466322955,51.83878428392578
591,Cloud Engineer,0,33.33333333333333,100.0,100.0,3.377751349721088,68.54227447509766,57.45467054038948,70.44308288265049,46.81833817548685,49.94667122398762,66.9976562799192,55.498034551911566
591,Data Scientist,0,25.0,100.0,70.0,1.6233604043471703,55.139976501464844,47.764500535871804,60.02230851672585,34.705625669839755,43.84058886573153,55.90705467672909,46.46294595370833
591,Software Engineer,0,28.57142857142857,100.0,100.0,2.2148165931900663,63.2314338684082,54.81693756923974,68.94913472190728,43.52117196154968,46.84345596381146,64.09966480030734,53.33202645762178
591,Web Developer,1,0.0,100.0,100.0,2.5216493781554066,62.94744110107422,44.82036357188444,68.95440549520683,31.025454464855557,35.08278067280523,52.28484254724839,41.62146753732154
592,AI Engineer,0,25.0,100.0,100.0,4.59122866955667,64.01276397705078,54.04059889699111,69.6778444569094,42.550748621238895,45.93011634940131,62.76695834889132,52.28080505933353
592,Cloud Engineer,0,33.33333333333333,100.0,100.0,3.1180875498170506,61.206172943115234,56.31530574060651,68.69021395990745,45.39413217575814,48.60624204777237,65.70305012721641,55.45221152839909
592,Data Scientist,0,25.0,100.0,100.0,4.951258863149293,54.319427490234375,52.640602953007544,67.52400454308852,40.80075369125943,44.28306229765594,61.05636955710019,52.344339799379284
592,Software Engineer,0,28.57142857142857,100.0,100.0,2.04213605589998,56.81260299682617,53.82821085790892,67.42801670447525,42.28526357238616,45.680248068128144,62.96692994061638,53.301553421629414
592,Web Developer,1,14.285714285714285,100.0,100.0,3.0419986836907844,56.31764602661133,48.90394670654531,67.54453339468509,36.129933383181644,39.88699612534743,56.99723165175494,47.59564682653367
593,AI Engineer,0,25.0,100.0,100.0,1.885704302169057,49.98585891723633,51.5307344829108,65.81651458909354,39.41341810363851,42.97733468577742,60.291622161865234,51.803359582735716
593,Cloud Engineer,0,16.666666666666664,100.0,100.0,2.552981775826736,51.201759338378906,48.896544500464174,66.25109410327822,36.12068062558023,39.87828764760492,57.07482027540019,48.48974188200864
593,Data Scientist,0,25.0,100.0,70.0,0.8835185122427813,43.482364654541016,45.90488247501757,57.16135765387319,32.38110309377197,41.65280291178538,53.84982905668371,46.33238561980755
593,Software Engineer,0,28.57142857142857,100.0,100.0,1.6359522523584864,42.69965744018555,51.6503414538816,64.07744839058708,39.56292681735201,43.118048769272484,60.47641013650333,53.22987392688679
593,Web Developer,1,14.285714285714285,100.0,100.0,2.9492419476626384,47.56371307373047,47.57694325320897,65.50298962032149,34.47117906651121,38.32581559201055,55.45241995418773,47.57927799076399
594,AI Engineer,0,25.0,100.0,100.0,2.4928027280927094,59.1282958984375,52.99316479397953,68.06640737535312,41.241455992474414,44.69784093409357,61.90499339384191,51.910494599075186
594,Cloud Engineer,0,16.666666666666664,100.0,100.0,2.2420292350371644,58.8236198425293,49.993180694968295,67.93822671020764,37.49147586871038,41.1684478764333,58.41985448201497,48.43486790422224
594,Data Scientist,0,25.0,100.0,100.0,2.02380663705461,55.63224411010742,52.3984076120743,67.15139632626816,40.49800951509289,43.998126602440365,61.28804307825425,51.82773058300963
594,Software Engineer,0,14.285714285714285,100.0,100.0,1.7791724015659676,50.62712860107422,47.86094515039603,65.93991561599388,34.82618143799504,38.65993547105415,55.993022694307214,47.372795129688114
594,Web Developer,1,0.0,100.0,100.0,2.613286551416239,46.13587951660156,42.31237491020267,65.0959614003118,27.89046863775334,32.13220577670902,49.31809638528263,41.6376388031911
595,AI Engineer,0,25.0,100.0,100.0,1.3513533422469317,40.935768127441406,50.093068220453254,63.60472033915885,37.61633527556656,41.285962612297936,58.69454731660731,51.70906235451417
595,Cloud Engineer,0,33.33333333333333,100.0,100.0,3.599714090208772,47.26042938232422,54.29568818754661,65.58311003212299,42.86961023443327,46.23022139711366,63.24203655766505,55.53720444729174
595,Data Scientist,0,0.0,100.0,100.0,0.10921548593024058,20.602216720581055,38.10671483097669,58.62571512457952,22.633393538720867,27.18437038938435,44.81215589186725,41.19574390928181
595,Software Engineer,0,28.57142857142857,100.0,100.0,1.6739329005090564,36.336387634277344,50.70154808021796,62.6177662772584,38.376935100272455,42.00182127084466,59.35348017075483,53.23657639420748
595,Web Developer,1,14.285714285714285,100.0,100.0,3.108160805730005,46.304405212402344,47.411884902719855,65.24905369649208,34.26485612839982,38.131629297317474,55.23018915512983,47.60732249512883
596,AI Engineer,0,25.0,100.0,100.0,3.7992240278203893,53.306007385253906,52.31578471196114,67.02428417224792,40.39473088995143,43.90092319054252,60.877530715044806,52.141039534321244
596,Cloud Engineer,0,33.33333333333333,100.0,100.0,2.374485860296063,55.3853759765625,55.330645942195446,67.17535273158273,44.163307427744314,47.447818755524054,64.67585066253064,55.320987700836554
596,Data Scientist,0,25.0,100.0,100.0,4.137556106251241,48.17390823364258,51.59671965098408,65.9180302322832,39.49589956373009,43.054964295275376,59.97186615887811,52.20074519522081
596,Software Engineer,0,42.857142857142854,100.0,100.0,2.172713937625237,52.69760513305664,58.230547860602286,66.50853517015736,47.78818482575285,50.85946807129681,68.12310678818648,59.20694951840446
596,Web Developer,1,14.285714285714285,100.0,100.0,3.085375373198274,59.84071350097656,49.43891333112622,68.36755897096342,36.79864166390778,40.51636862485438,57.6189494413488,47.60330153644676
597,AI Engineer,0,37.5,100.0,100.0,2.0299050034364203,54.335845947265625,56.579862642605306,66.8536348347774,45.724828303256636,48.917485461888596,66.20632575539982,56.97586558884172
597,Cloud Engineer,0,50.0,100.0,100.0,3.484518540198285,57.539188385009766,61.653556038781204,67.92854775197108,52.06694504847651,54.886536516213184,71.91868030323701,62.37962091885852
597,Data Scientist,0,25.0,100.0,70.0,0.5837934173038706,44.456417083740234,46.00603157515661,57.31697165408709,32.50753946894577,41.771801853125424,54.02172066183651,46.279492955994805
597,Software Engineer,0,42.857142857142854,100.0,100.0,2.0486208701535937,50.702457427978516,57.91266174471981,66.01947960726125,47.39082718089977,50.485484405552725,67.77102189905503,59.185050741791805
597,Web Developer,1,14.285714285714285,100.0,100.0,2.9091562733290477,52.47900390625,48.308224026936855,66.62803696451823,35.38528003367107,39.18614591404336,56.31982421875,47.57220404823453
598,AI Engineer,0,37.5,60.0,100.0,2.2182644919249777,58.16031265258789,49.18178657167692,55.47197934104143,46.47723321459617,40.213866554914034,57.46946693869199,47.59734079269264
598,Cloud Engineer,0,50.0,60.0,100.0,3.8078549173930414,62.70371627807617,54.47673567932038,56.887285660492886,53.09591959915048,46.443218446259266,63.41830287260168,53.024915573657594
598,Data Scientist,0,25.0,60.0,70.0,0.6379649323650127,49.38412857055664,38.75331402543825,46.15894465452038,33.44164253179782,33.239192971103826,45.47955210068646,36.877287929240886
598,Software Engineer,0,28.57142857142857,100.0,100.0,1.4488512206079047,51.346988677978516,52.91937598478796,66.0298092073661,41.14921998098495,44.61103057033878,62.002409766702094,53.196856097754335
598,Web Developer,1,0.0,100.0,100.0,2.406347497573046,44.413753509521484,42.02301515106418,64.65079254009873,27.528768938830225,31.791782530663742,49.014191795797906,41.60112014663054
599,AI Engineer,0,37.5,100.0,100.0,4.2686517420154555,53.22053527832031,56.74837805305037,67.11288931238518,45.93547256631296,49.11573888594161,66.00950622558594,57.370938542708615
599,Cloud Engineer,0,33.33333333333333,100.0,100.0,2.756705554112679,57.18984603881836,55.65864940560632,67.67997344452255,44.5733117570079,47.83370518306626,64.9942865558699,55.38843823503949
599,Data Scientist,0,50.0,100.0,100.0,5.144354806253359,56.0921745300293,61.685479400442404,67.97766061606524,52.10684925055301,54.92409341228518,71.663324917064,62.67253320110354
599,Software Engineer,0,28.57142857142857,100.0,100.0,1.8514809077456211,52.03167724609375,53.08247372307591,66.28072880473216,41.353092153844884,44.802910262442246,62.12323716107537,53.26790839548452
599,Web Developer,1,14.285714285714285,100.0,100.0,2.7189030776895704,56.13640594482422,48.82829635337707,67.42814823596473,36.035370441721334,39.79799570985538,56.96524810791016,47.538629954886396
