cand,job,rel,S_skills,S_experience,S_education,S_keyword,S_semantic,full,abl_S_skills,abl_S_experience,abl_S_education,abl_S_keyword,abl_S_semantic
0,Accountant,1,100.0,8.333333333333332,100.0,3.8025886278365104,45.751686096191406,59.099807875270855,37.0766275004167,71.79142651075524,51.88212691208336,68.85814068364162,61.45535877746135
0,Business Analyst,0,50.0,8.333333333333332,70.0,1.0408118432792144,49.30699157714844,37.21883717973081,30.33667258420125,44.44021314133019,31.43392609380096,43.6031945920458,35.08563346253947
0,Customer Support Representative,0,66.66666666666666,60.0,100.0,3.9140103710721665,40.19282913208008,56.94935925880616,51.7169629622659,56.186699073507704,49.35218736330137,66.30853847428864,59.90639398705194
0,Market Research Analyst,0,66.66666666666666,12.5,100.0,11.560895133126058,56.49756622314453,51.04210253677391,42.628875697600904,60.677628170967395,42.4024735726752,58.0093744315353,50.07937365094381
0,Operations Manager,0,75.0,5.0,100.0,4.096880994954231,40.229042053222656,48.89888845722653,34.84444378034851,59.87361057153317,39.881045243795924,56.805125068215766,50.428861352050745
1,Accountant,1,66.66666666666666,100.0,100.0,2.4882662154487827,46.364540100097656,65.66125428066529,65.11987838051071,57.07656785083162,59.601475624312116,76.80942864511526,69.06655678311841
1,Business Analyst,0,25.0,100.0,100.0,0.6282322434056427,39.98038101196289,49.84129198830528,63.21737228970043,37.301614985381605,40.989755280359155,58.5259495903464,51.581452748836284
1,Customer Support Representative,0,0.0,100.0,100.0,0.548573974426651,24.612552642822266,38.774168992587335,59.65256768090359,23.467711240734175,27.969610579514516,45.51986223108628,41.27327776019294
1,Market Research Analyst,0,33.33333333333333,100.0,100.0,0.7545613037778072,30.02276039123535,51.28326492091864,60.94861269884919,39.1040811511483,42.68619402461017,60.200094971002315,55.03511866145099
1,Operations Manager,0,50.0,100.0,100.0,3.8509067461339996,39.96452713012695,59.07231508143914,63.95740781759868,48.840393851798936,51.84978244875193,68.81726949355182,62.444277661082474
2,Accountant,1,66.66666666666666,100.0,100.0,3.810497962386373,58.01914978027344,67.6077804947323,68.11453409445994,59.509725618415374,61.891506464390936,78.86612447102864,69.29989179728386
2,Business Analyst,0,25.0,100.0,70.0,0.9317062064185875,47.03647994995117,46.44522792345546,57.992658343777634,33.05653490431933,42.28850343935937,54.477025873520795,46.34088933054446
2,Customer Support Representative,0,66.66666666666666,100.0,100.0,7.986196173773603,43.49789810180664,66.05594747467036,65.72709867898004,57.569934343337955,60.06582055843572,76.30355064541685,70.03677971694043
2,Market Research Analyst,0,33.33333333333333,100.0,100.0,1.1190598019005937,37.395973205566406,52.443921617786714,62.73423838633853,40.55490202223339,44.051672491513784,61.501250173531325,55.099441925825595
2,Operations Manager,0,50.0,100.0,100.0,3.3508924613851847,50.69127655029297,60.60632535175172,66.31742361807957,50.757906689689655,53.65450041382555,70.71022527358112,62.3560398461268
3,Accountant,1,100.0,100.0,100.0,2.7264185930879417,51.31835174560547,78.10671555080401,66.31802392431386,72.63339443850502,74.24319476565178,91.40912089628331,82.83407386936847
3,Business Analyst,0,50.0,100.0,70.0,0.9519169676954882,47.01374053955078,55.19484862608694,57.99207480936452,43.993560782608675,52.58217485421993,64.76713068345013,56.6385735825345
3,Customer Support Representative,0,33.33333333333333,100.0,100.0,5.834150622525445,43.28943634033203,54.03520471109529,65.18236622219789,42.54400588886911,45.9237702483474,62.54127307966644,55.9315167765241
3,Market Research Analyst,0,66.66666666666666,100.0,100.0,1.1433346756268588,34.926544189453125,63.74381516309533,62.16997204578769,54.679768953869164,57.34566489775921,74.79095877853094,68.82921592314983
3,Operations Manager,0,75.0,80.0,100.0,6.943002645145804,47.89011764526367,65.47496804356142,60.34610468240219,61.84371005445178,59.382315345366386,75.80413840798771,68.57817693737867
4,Accountant,1,66.66666666666666,60.0,100.0,4.608206959382326,55.550662994384766,59.35716382639839,55.42127768163856,59.196454782997996,52.18489861929223,69.01874444998946,60.02889926734198
4,Business Analyst,0,25.0,60.0,70.0,0.9619057091359419,44.504642486572266,38.06998222935623,45.10766496824036,32.587477786695295,32.435273211007335,44.618466321159815,36.93445394867105
4,Customer Support Representative,0,0.0,100.0,100.0,4.244782595796347,36.14982223510742,41.05919072463556,63.16798573020856,26.323988405794456,30.657871440747723,47.555850982666016,41.925549869846414
4,Market Research Analyst,0,33.33333333333333,100.0,100.0,1.1553320187169707,31.222618103027344,51.52335918492832,61.31798848963331,39.40419898116039,42.96865786462154,60.411834567200906,55.10584290526378
4,Operations Manager,0,25.0,20.0,100.0,5.551540063083521,45.48967361450195,35.40618205163782,41.00951084867357,39.25772756454728,24.007273001926848,40.67464828491211,33.626742364073564
5,Accountant,1,66.66666666666666,8.333333333333332,100.0,3.4145413789652723,41.14214324951172,46.68350269427155,35.923337478366484,56.27104503450611,37.27470905208417,54.31920174991384,47.66138965511152
5,Business Analyst,0,50.0,8.333333333333332,100.0,1.0876751777415241,36.84563446044922,39.85666311239529,34.394866326761964,47.73749555716078,29.24313307340621,46.698249218510654,40.388021109797535
5,Customer Support Representative,0,66.66666666666666,60.0,100.0,5.480999803680352,38.87652587890625,56.98696218572132,51.77481361905844,56.23370273215165,49.39642610084861,66.07624966490502,60.18292153398281
5,Market Research Analyst,0,66.66666666666666,12.5,100.0,12.081433113939594,45.8186149597168,49.518340544381786,40.28462647853609,58.772925680477236,40.60981240515505,56.12485362034218,50.17123329461678
5,Operations Manager,0,50.0,5.0,100.0,1.3609920785083434,30.86300277709961,38.33359922834119,32.05169112052491,46.66699903542649,27.45129320981317,44.85817696066464,39.6519397785603
6,Accountant,1,33.33333333333333,100.0,100.0,1.8909561364154084,47.8507194519043,54.12791800491462,65.32500205884301,42.659897506143274,46.03284471166426,63.346205393473305,55.23565892603409
6,Business Analyst,0,25.0,100.0,70.0,0.7437762829991997,49.93284606933594,46.85149335285027,58.617682081308104,33.56436669106284,42.76646276805914,54.98814930635341,46.30772522641162
6,Customer Support Representative,0,33.33333333333333,100.0,100.0,5.8801173574229235,41.46207046508789,53.767994840043286,64.77127411288711,42.20999355005411,45.60940569416857,62.218796748741,55.939628553270715
6,Market Research Analyst,0,33.33333333333333,100.0,100.0,9.640226067838913,51.53749084472656,55.84332420355148,67.96408851828433,44.804155254439365,48.05096965123704,63.99681210985371,56.60317714922647
6,Operations Manager,0,50.0,80.0,100.0,2.6750002548972938,44.91811752319336,55.6389676667136,58.67533487186707,49.548709583392004,47.81055019613365,64.98555015115177,57.53088239792305
7,Accountant,1,100.0,100.0,100.0,3.2718310856200494,50.91571044921875,78.12813123022582,66.35097112342433,72.66016403778228,74.26838968261862,91.33806654986213,82.93032313275648
7,Business Analyst,0,50.0,100.0,100.0,1.3116620211719132,47.06884765625,59.75707645161329,65.01088684863582,49.69634556451661,52.65538406072152,70.07097311580883,61.996175650795045
7,Customer Support Representative,0,33.33333333333333,100.0,100.0,4.466136846416332,38.355987548828125,53.089985325953336,63.72818255274872,41.36248165744167,44.81174744229804,61.670664469401046,55.69010258074014
7,Market Research Analyst,0,66.66666666666666,100.0,100.0,1.5754196241918377,37.78474426269531,64.2373579163664,62.92926858928165,55.296697395458004,57.92630343101929,75.29534702675015,68.90546620819072
7,Operations Manager,0,50.0,80.0,100.0,1.6412635472678259,43.20461654663086,55.2268820140848,58.04135694474584,49.033602517606006,47.32574354598212,64.68316762587604,57.348458273047264
8,Accountant,1,66.66666666666666,100.0,100.0,3.692346197589476,44.86359786987305,65.61672494345271,65.05137170787596,57.02090617931588,59.54908816876789,76.54455648684034,69.27904148584912
8,Business Analyst,0,25.0,100.0,100.0,0.9435181349747138,39.782405853271484,49.85888859823693,63.24444399728758,37.32361074779616,41.01045717439639,58.491012797636145,51.63709143558378
8,Customer Support Representative,0,33.33333333333333,100.0,100.0,7.039347849058925,38.6036262512207,53.51311278170861,64.3791478692953,41.891390977135764,45.30954444906895,61.71436541688208,56.144198640030005
8,Market Research Analyst,0,33.33333333333333,100.0,100.0,1.1332469505307319,29.7174072265625,51.294264793230646,60.9655355793292,39.11783099153831,42.699135050859596,60.14620911841299,55.101945540289734
8,Operations Manager,0,50.0,100.0,100.0,3.2523493194285975,41.047245025634766,59.1449391517595,64.06913715655308,48.931173939699384,51.93522253148177,69.00833735746495,62.338649879899165
9,Accountant,1,66.66666666666666,8.333333333333332,100.0,2.4981761412000836,42.589874267578125,46.76320756131673,36.045960350743684,56.37067611831258,37.36847948390203,54.57468369427849,47.499678142564726
9,Business Analyst,0,50.0,8.333333333333332,100.0,1.1876423974765606,42.386932373046875,40.70285288224519,35.696696741915666,48.79523276947315,30.238650449700216,47.67612532073377,40.405662383868425
9,Customer Support Representative,0,66.66666666666666,60.0,100.0,3.7333557175477985,33.2252082824707,55.8771179333361,50.06736092308119,54.84639741667013,48.09072698039542,65.07895832435757,59.87451375407706
9,Market Research Analyst,0,66.66666666666666,12.5,100.0,1.4264613210612949,35.21986770629883,46.33028268743735,35.37992208323695,54.78785335929669,36.859156102867466,54.2544864579743,48.29094415469708
9,Operations Manager,0,75.0,5.0,100.0,3.9105541496148413,43.3171501159668,49.33415563983725,35.51408559974961,60.417694549796565,40.39312428216147,57.35008531458238,50.39598014404968
10,Accountant,1,0.0,60.0,100.0,1.706817945962056,49.90375518798828,34.74158597009255,53.44859380014238,28.42698246261569,23.225395258932412,40.571250915527344,32.06590904928742
10,Business Analyst,0,0.0,60.0,100.0,0.45750703199933745,45.276023864746094,33.86002963451181,52.09235328386432,27.32503704313977,22.188270158249193,39.7545924467199,31.845442417411647
10,Customer Support Representative,0,33.33333333333333,100.0,100.0,7.194448173881446,43.9537353515625,54.338894195483256,65.64958081356399,42.923617744354075,46.28105199468619,62.658502316942396,56.171569285586926
10,Market Research Analyst,0,0.0,100.0,100.0,0.5495055469956708,36.5479621887207,40.56462016035746,62.40710793901147,25.705775200446823,30.076023718067592,47.62611097448012,41.27344215535218
10,Operations Manager,0,25.0,20.0,100.0,7.048633574301431,51.19966125488281,36.48724422437763,42.672683422119434,40.60905528047204,25.279110852208984,41.68229316262638,33.89093533664143
11,Accountant,1,33.33333333333333,8.333333333333332,100.0,1.7070490535769727,42.31480407714844,34.93661130294214,35.799914825039195,41.587430795344346,23.454836826990757,40.80065169988894,33.63457728396456
11,Business Analyst,0,25.0,8.333333333333332,70.0,0.5216483363373088,41.810546875,27.266495948367258,28.48691684364194,31.999786602125745,19.725289351020308,31.986174938725487,24.699898726020304
11,Customer Support Representative,0,66.66666666666666,60.0,100.0,7.1452750109664915,51.03844451904297,59.060891262834744,54.96547373769448,58.82611407854343,51.83634266215852,68.22247060139973,60.47661715879801
11,Market Research Analyst,0,33.33333333333333,12.5,100.0,10.429773229295245,52.256404876708984,38.5695933825673,41.38911802446251,45.08699172820913,27.728933391255644,43.5354439978506,36.15427370713053
11,Operations Manager,0,50.0,5.0,100.0,6.632168963039707,49.989967346191406,41.993320446384665,37.682031455976414,51.24165055798083,31.756847583981965,48.2335236493279,40.58214746406583
12,Accountant,1,0.0,100.0,100.0,1.6581792431770332,50.42026138305664,42.81176609393505,65.86425552913084,28.514707617418818,32.71972481639418,50.074163773480585,41.4690904546783
12,Business Analyst,0,0.0,100.0,100.0,0.4444695849745285,44.01417541503906,41.668796750002045,64.1058411538493,27.08599593750255,31.375055000002398,48.943678014418666,41.25490639734845
12,Customer Support Representative,0,33.33333333333333,100.0,100.0,4.718120718683736,43.221641540527344,53.85763100554833,64.9091759059718,42.32203875693541,45.714860006527445,62.52930929146561,55.73457032290497
12,Market Research Analyst,0,0.0,100.0,100.0,10.848881591930262,46.68564224243164,43.63017857515429,67.12335165408352,29.537723218942855,33.682563029593275,49.4151133368997,43.090979104458285
12,Operations Manager,0,25.0,80.0,100.0,2.613205923611576,47.822540283203125,47.31536193102221,59.33132604772646,39.144202413777755,38.01807286002612,55.20397769703585,47.22585986887263
13,Accountant,1,33.33333333333333,60.0,100.0,2.9025316958139253,45.63637924194336,45.94750330733025,52.739748677943986,42.434379134162825,36.40882742038854,53.54367476818608,46.002407554163234
13,Business Analyst,0,25.0,60.0,70.0,0.8685291828406876,43.59955596923828,37.920212772811844,44.87725041971053,32.40026596601481,32.259073850366875,44.458745171042054,36.91797573814836
13,Customer Support Representative,0,33.33333333333333,100.0,100.0,4.0131989529742835,36.218666076660156,52.70144642111183,63.130430391454105,40.876808026389796,44.354642848366865,61.29349009195963,55.61017236425036
13,Market Research Analyst,0,33.33333333333333,100.0,100.0,1.0431787280140998,33.277137756347656,51.814714139320934,61.76622688100657,39.76839267415116,43.31142839920109,60.774396858963314,55.08605114808092
13,Operations Manager,0,25.0,20.0,100.0,5.012627026435336,44.65697479248047,35.20044027283737,40.69298503513442,39.00055034104672,23.765223850396904,40.52770143396714,33.53164006348859
14,Accountant,1,66.66666666666666,60.0,100.0,3.597297356895802,47.276424407958984,57.964391598061546,53.27855117650495,57.455489497576934,50.546343056542995,67.55858469944374,59.850503455138465
14,Business Analyst,0,25.0,60.0,100.0,0.6772981887593775,40.022701263427734,41.85499991782807,50.93076910435087,37.31874989728509,31.594117550385963,49.12165316413431,42.17834673919283
14,Customer Support Representative,0,33.33333333333333,100.0,100.0,3.7690971046139214,35.464439392089844,52.55169714117223,62.900046883854706,40.68962142646529,44.1784672249085,61.16039126527075,55.567095567480884
14,Market Research Analyst,0,33.33333333333333,100.0,100.0,0.8134937512696805,30.277114868164062,51.33025795958172,61.02090968140778,39.16282244947716,42.7414799524491,60.24498105516621,55.04551850512602
14,Operations Manager,0,50.0,20.0,100.0,3.1367804419992686,38.15706253051758,42.69407644587753,38.76011760904235,48.36759555734692,32.581266406914736,49.67477574067957,43.49472596035282
15,Accountant,1,33.33333333333333,100.0,100.0,2.434545567824855,57.15531539916992,55.60514581171588,67.59766022315263,44.50643226464485,47.77075977848927,64.988192913579,55.33158647275341
15,Business Analyst,0,0.0,100.0,70.0,0.49329810276767355,46.90005874633789,37.609003527365836,57.86000542671667,22.011254409207297,31.892945326312745,44.15883389641257,35.96940554754724
15,Customer Support Representative,0,33.33333333333333,100.0,100.0,7.757274503796505,44.25154113769531,54.467989012890435,65.84818822495966,43.08498626611305,46.432928250459334,62.71105627920113,56.27089157910134
15,Market Research Analyst,0,0.0,100.0,100.0,0.5924937210444224,37.37639617919922,40.69533348503654,62.60820536159468,25.869166856295685,30.229804100042998,47.772305208093975,41.28102830371372
15,Operations Manager,0,25.0,100.0,100.0,2.9002873713680795,49.14533233642578,51.55684295616908,65.85668147102935,39.44605369521135,43.00805053666951,60.1432939417222,51.98240365377084
16,Accountant,1,33.33333333333333,8.333333333333332,100.0,1.5377903053250361,45.350990295410156,35.36665042344361,36.46151347196454,42.124979695971184,23.960765204051306,41.33644926781747,33.60470809309657
16,Business Analyst,0,25.0,8.333333333333332,70.0,0.46992542641205104,36.770450592041016,26.502723069434627,27.31188164528404,31.045070503459954,18.826733022864268,31.096746182909197,24.690771153680558
16,Customer Support Representative,0,66.66666666666666,60.0,100.0,9.04804239655574,48.28196716308594,58.93283476727958,54.768463744532696,58.66604345909948,51.68568796150539,67.73603342093672,60.81239963860787
16,Market Research Analyst,0,33.33333333333333,12.5,100.0,0.564421113614931,32.038421630859375,34.057093078337815,34.446809864109454,39.446366347922265,22.420109503926838,39.9675646015242,34.413329216128126
16,Operations Manager,0,50.0,5.0,100.0,5.974570627170427,51.38071823120117,42.10329332875574,37.85122050577806,51.37911666094468,31.88622744559499,48.47895027609433,40.46610069891243
17,Accountant,1,33.33333333333333,8.333333333333332,100.0,1.9177449887494098,58.446563720703125,37.38797963975121,39.57125072782239,44.651641216355685,26.33879957617789,43.647432813457414,33.671758919583226
17,Business Analyst,0,0.0,8.333333333333332,70.0,0.1266653140278732,38.37547302246094,17.941987417139988,27.60305756483075,20.34415093809165,8.755279314282339,21.08586778827742,14.336078192671586
17,Customer Support Representative,0,33.33333333333333,60.0,100.0,8.041173032605933,49.43693923950195,47.28838350748285,54.80264129356335,44.11047938435357,37.98633353821511,54.21436182657877,46.90922661359712
17,Market Research Analyst,0,0.0,12.5,100.0,0.15213600622944232,34.08185958862305,22.635099339227875,34.823229752658264,25.16887417403484,8.98246981085632,26.602681103874655,20.615082824628725
17,Operations Manager,0,0.0,5.0,100.0,0.15849445913775753,42.89385986328125,22.45785314836285,34.55054330517362,26.822316435453565,8.773944880426884,26.39303409352022,18.85149902220078
18,Accountant,1,66.66666666666666,8.333333333333332,100.0,2.1041250852226674,47.600555419921875,47.45570207577168,37.11133652682823,57.23629426138127,38.18317891267257,55.458921544692096,47.43013972092165
18,Business Analyst,0,25.0,8.333333333333332,70.0,0.4953418768693622,35.09063720703125,26.254563529251755,26.930097737310398,30.734871078231365,18.534780622649127,30.800308526731,24.69525640964361
18,Customer Support Representative,0,33.33333333333333,60.0,100.0,6.609262735598116,39.59281539916992,45.596978386881865,52.20047956956186,41.996222983602344,35.99644516103749,52.477163501814296,46.65653656118398
18,Market Research Analyst,0,33.33333333333333,12.5,100.0,0.5949484706485456,32.08963394165039,34.069354028511505,34.46567286437668,39.461692535639386,22.434534151190007,39.97660206813438,34.418716396781114
18,Operations Manager,0,50.0,5.0,100.0,3.2991847726741588,43.31009292602539,40.491391654804936,35.371371776622965,49.36423956850617,29.989872535064624,47.054722281063306,39.99397378341309
19,Accountant,1,100.0,8.333333333333332,100.0,3.4212951792735957,49.81507873535156,59.65212275386044,37.92634269824683,72.48182010899222,52.53190912218875,69.57520997290517,61.388071698303186
19,Business Analyst,0,50.0,8.333333333333332,100.0,1.3715814882971806,42.519874572753906,40.75038507582433,35.76982319357589,48.85464801144708,30.29457067744039,47.69958570891736,40.438122223425
19,Customer Support Representative,0,33.33333333333333,60.0,100.0,7.33489081767284,40.95842742919922,45.910664403697474,52.68307344158586,42.38833050462185,36.36548753376174,52.71815386005476,46.784588575667755
19,Market Research Analyst,0,66.66666666666666,12.5,100.0,1.647388090806372,33.32575988769531,46.07930553010858,34.99380337965423,54.47413191263573,36.56388885895127,53.920232137044266,48.32993123171092
19,Operations Manager,0,50.0,5.0,100.0,1.7162399021344157,38.86265563964844,39.58683433126743,33.97974512502681,48.233542914084296,28.925687448549912,46.26988040699679,39.7146305709649
20,Accountant,1,100.0,100.0,100.0,3.9838186588971625,50.70060348510742,78.2026633216007,66.46563587938567,72.75332915200087,74.35607449600082,91.30010649737191,83.05596799862892
20,Business Analyst,0,50.0,100.0,100.0,1.287356684142249,47.367530822753906,59.798233126034425,65.07420480928373,49.74779140754303,52.70380367768756,70.12368190989775,61.99188647367217
20,Customer Support Representative,0,33.33333333333333,100.0,100.0,4.383378514223589,37.574031829833984,52.960278218275306,63.528633156320986,41.200347772844125,44.65915084502977,61.53267228369619,55.67549816917671
20,Market Research Analyst,0,66.66666666666666,100.0,100.0,11.242710142750413,42.29096221923828,66.36338418763164,66.20007823738202,57.95423023453955,60.4275108089784,76.09056196025773,70.61145865264223
20,Operations Manager,0,50.0,80.0,100.0,6.285823776890469,43.611629486083984,55.98461798944617,59.207104599147954,49.980772486807716,48.21719763464255,64.7549934387207,58.16808654886302
21,Accountant,1,66.66666666666666,100.0,100.0,3.205928425977561,47.09739685058594,65.87883212481785,65.45461352536081,57.348540156022324,59.85744955860924,76.93875630696614,69.19320305556467
21,Business Analyst,0,50.0,100.0,70.0,1.021223169832675,48.21249008178711,55.38505698774297,58.28470305806611,44.23132123467872,52.80594939734467,64.97867472031537,56.650804088794004
21,Customer Support Representative,0,66.66666666666666,100.0,100.0,7.3737804614979865,42.36532974243164,65.79419986392277,65.3244100470607,57.242749829903474,59.75788219285033,76.10368564082127,69.92870635595062
21,Market Research Analyst,0,66.66666666666666,100.0,100.0,1.2265774235014806,37.12037658691406,64.08537643489566,62.6954509254805,55.10672054361957,57.74750168811254,75.17810567220052,68.8439058198336
21,Operations Manager,0,75.0,80.0,100.0,5.638607306442194,47.1035041809082,65.16131672310256,59.86356418938855,61.4516459038782,59.013313791885366,75.66532426721909,68.34798952466627
22,Accountant,1,66.66666666666666,8.333333333333332,100.0,3.797013699432376,47.70806884765625,47.725762382063294,37.526813921123015,57.57386964424578,38.50089692007445,55.477894502527576,47.72888477048807
22,Business Analyst,0,50.0,8.333333333333332,100.0,1.404412527075188,40.571285247802734,40.46302133289836,35.32772512753593,48.49544333278961,29.95649568576277,47.35571700451421,40.44391593615053
22,Customer Support Representative,0,66.66666666666666,60.0,100.0,7.710097751170081,40.93330383300781,57.62984357096001,52.76386190404105,57.03730446370002,50.1527571423059,66.43921048033471,60.576291760010406
22,Market Research Analyst,0,66.66666666666666,12.5,100.0,1.6868210102159498,32.78205871582031,46.003665292238765,34.87743378293145,54.37958161529846,36.47490034381032,53.824284871419266,48.33688998219496
22,Operations Manager,0,75.0,5.0,100.0,4.624313890438837,41.59569549560547,49.18300140790665,35.28154062754868,60.228751759883316,40.21529577400782,57.046299205106855,50.52193774537157
23,Accountant,1,66.66666666666666,60.0,100.0,2.486204510503243,52.98556137084961,58.65409821553625,54.33963828031219,58.31762276942032,51.35776260651324,68.5660794576009,59.65442824695155
23,Business Analyst,0,25.0,60.0,100.0,0.627711708458403,41.95738983154297,42.1377652310002,51.36579266307723,37.67220653875026,31.926782624706124,49.463068793801696,42.1695961838456
23,Customer Support Representative,0,0.0,100.0,100.0,4.264015444321059,37.91163635253906,41.326347769529015,63.57899656850618,26.657934711911274,30.972173846504727,47.86675935633042,41.928943901939014
23,Market Research Analyst,0,33.33333333333333,100.0,100.0,0.7539360962489451,31.329185485839844,51.47913490397998,61.24995113432818,39.34891862997498,42.91662929879998,60.430640575932514,55.0350083307106
23,Operations Manager,0,50.0,20.0,100.0,3.8477159969151167,44.68923568725586,43.78054275262565,40.43160423480868,49.72567844078207,33.859462061912524,50.82751218010397,43.6201851759262
24,Accountant,1,33.33333333333333,100.0,100.0,1.917816824747197,53.535888671875,54.98472249116,66.64316280691281,43.73090311394999,47.04084998959999,64.34947054993872,55.24039904750441
24,Business Analyst,0,25.0,100.0,70.0,0.586055774983601,45.26576232910156,46.12777271561277,57.50426571632734,32.65971589451597,41.91502672425032,54.16454629337086,46.27989219558534
24,Customer Support Representative,0,33.33333333333333,100.0,100.0,7.403937680447395,46.02688217163086,54.681289644478404,66.1763430427873,43.35161205559801,46.6838701699746,63.02435175577799,56.20853802203973
24,Market Research Analyst,0,33.33333333333333,100.0,100.0,0.7039037144303427,39.238643646240234,52.65804877076725,63.063664775539365,40.82256096345907,44.303586789137945,61.82642731012083,55.02617908686025
24,Operations Manager,0,50.0,100.0,100.0,2.9296848226464207,48.648372650146484,60.23670862091893,65.74878249372144,50.29588577614867,53.2196572010811,70.34971282061409,62.281709086349366
25,Accountant,1,66.66666666666666,100.0,100.0,3.447221563948605,47.837467193603516,66.02603664696615,65.68108202097356,57.53254580870769,60.03063134937194,77.06935695573395,69.23578419755955
25,Business Analyst,0,25.0,100.0,100.0,0.8808805802079955,43.857704162597656,50.46078771142085,64.17044263295514,38.07598463927606,41.71857377814218,59.21018308751724,51.62603774944847
25,Customer Support Representative,0,33.33333333333333,100.0,100.0,4.436357093766796,33.427886962890625,52.346303275165276,62.58405632076709,40.4328790939566,43.936827382547385,60.80099966011795,55.68484733027257
25,Market Research Analyst,0,33.33333333333333,100.0,100.0,1.0580138253825995,34.163875579833984,51.94995007744915,61.97428217043459,39.93743759681144,43.470529502881355,60.930880004284425,55.088669106440065
25,Operations Manager,0,25.0,80.0,100.0,1.1022330161696636,41.144615173339844,46.08702722842642,57.44158035142527,37.608784035533034,36.57297320991344,54.02552032470703,46.95921759108876
26,Accountant,1,33.33333333333333,8.333333333333332,100.0,1.5619881003324585,42.13498306274414,34.887879007794815,35.724942063274085,41.52651542641019,23.39750471505273,40.768918579699935,33.608978292215525
26,Business Analyst,0,0.0,8.333333333333332,100.0,0.10316789479159726,40.37621307373047,22.738573811944978,34.98242124914612,26.33988393159789,9.10420448464115,26.73305720908969,19.626049236335774
26,Customer Support Representative,0,0.0,60.0,100.0,5.685522106989818,46.5992317199707,34.84271307404408,53.60417396006781,28.5533913425551,23.344368322404797,39.988099715288946,32.768033312998206
26,Market Research Analyst,0,0.0,12.5,100.0,9.279647646821964,48.202877044677734,26.122378703724955,40.18827492880762,29.527973379656196,13.085151416147006,29.094625360825482,22.225820172968582
26,Operations Manager,0,25.0,5.0,100.0,5.713594033942633,45.37701416015625,32.413591229114836,36.40552496786897,39.26698903639355,20.486577916605686,37.125355440027576,30.125928358931056
27,Accountant,1,33.33333333333333,8.333333333333332,100.0,1.7128601963357577,47.70508575439453,35.74602522594287,37.045167014271094,42.59919819909526,24.407088501109264,41.75187787822649,33.635602779745525
27,Business Analyst,0,0.0,8.333333333333332,100.0,0.11313285964897563,39.95878219604492,22.677453925020753,34.88839065387808,26.26348407294261,9.03229873531853,26.659392936556948,19.6278077595459
27,Customer Support Representative,0,0.0,60.0,100.0,4.023918648384582,37.02172088623047,33.15684593019226,51.010532200295785,26.446057412740323,21.360995211990893,38.29795074462891,32.47480917324434
27,Market Research Analyst,0,0.0,12.5,100.0,10.175966825149974,53.38609313964844,27.034308994719765,41.591244607261174,30.66788624339971,14.15801058202325,30.009310554055606,22.383994145614704
27,Operations Manager,0,25.0,5.0,100.0,2.1437778283199194,36.85805130004883,30.600274369255313,33.61580672193125,37.000342961569146,18.353263963829782,35.62200905294979,29.49596079323293
28,Accountant,1,100.0,60.0,100.0,3.546622675253483,56.03260803222656,70.936884606122,55.28751477864924,73.67110575765251,65.80809953661412,82.82928377039293,73.56705106033885
28,Business Analyst,0,50.0,60.0,100.0,1.421824704521847,50.87885284423828,52.34510163231402,53.60784866509849,50.431377040392526,43.93541368507532,61.331562266630286,52.60385141844503
28,Customer Support Representative,0,33.33333333333333,100.0,100.0,3.458960811157837,36.391693115234375,52.64426475562549,63.0424585983982,40.805330944531875,44.28737030073587,61.324024275237434,55.512365633341574
28,Market Research Analyst,0,66.66666666666666,100.0,100.0,1.7077345425181725,38.96826934814453,64.43473391693273,63.232923974768305,55.543417396165914,58.158510490509094,75.5042043947706,68.92881589966007
28,Operations Manager,0,75.0,20.0,100.0,4.681647026164323,45.29408264160156,52.74635945016489,40.76362992333058,60.932949312706114,44.40748170607633,61.22836752498851,54.0614671222643
29,Accountant,1,66.66666666666666,60.0,100.0,2.5320066339483187,46.33034133911133,57.662685529292276,52.814387993782994,57.07835691161535,50.19139474034385,67.39162886376474,59.66251097461833
29,Business Analyst,0,25.0,60.0,100.0,0.8339786077220697,46.76346206665039,42.88961610115587,52.52248630947056,38.61202012644483,32.81131306018337,50.31119918823242,42.20599622489213
29,Customer Support Representative,0,33.33333333333333,100.0,100.0,3.0149265274075763,34.77225112915039,52.33474331515036,62.566271766898,40.418429143937956,43.923227429588664,61.03824039534027,55.43400664209153
29,Market Research Analyst,0,33.33333333333333,100.0,100.0,10.184288284644726,44.928314208984375,54.93355704071103,66.56444672929902,43.66694630088879,46.98065534201298,62.83048682119332,56.6991881286628
29,Operations Manager,0,25.0,20.0,100.0,1.855361343714637,40.98842239379883,34.17656756062702,39.117796247118484,37.72070945078377,22.56066771838473,39.88030983419979,32.97447553124376
30,Accountant,1,66.66666666666666,60.0,100.0,3.1194630767380787,56.69165802001953,59.305001497846966,55.34102794540559,59.13125187230871,52.12353117393761,69.22009651333677,59.76617975864005
30,Business Analyst,0,50.0,60.0,70.0,1.3274570145235516,52.2630500793457,48.03857606408039,46.98242471396983,45.04822008010049,44.163030663623985,56.28171471988454,47.29308064962181
30,Customer Support Representative,0,33.33333333333333,100.0,100.0,8.840415818102105,46.555259704589844,54.97601799507046,66.62977127446737,43.72002249383807,47.030609405965244,63.11759484982958,56.4620341639788
30,Market Research Analyst,0,66.66666666666666,100.0,100.0,1.594390778413348,38.92376708984375,64.41105701357189,63.1964979695978,55.513821266964875,58.13065531008459,75.49635105507046,68.90881405893569
30,Operations Manager,0,50.0,20.0,100.0,1.661027591967557,41.59125900268555,42.987842989197965,39.21206613722764,48.73480373649746,32.92687410493878,50.28081041223862,43.234298986817805
31,Accountant,1,33.33333333333333,60.0,100.0,1.7870405705802148,44.47119903564453,45.605402607600375,52.21343990912879,42.00675325950047,36.00635600894162,53.3380547317804,45.805556179122
31,Business Analyst,0,0.0,60.0,100.0,0.11803240596691786,40.81935119628906,33.140607540338394,50.98555006205907,26.425759425423,21.341891223927526,38.96812079934513,31.78553513046475
31,Customer Support Representative,0,33.33333333333333,100.0,100.0,7.09775348761294,49.697391510009766,55.185938416310066,66.95272576868216,43.982423020387586,47.27757460742361,63.672088697844856,56.15450551742189
31,Market Research Analyst,0,0.0,100.0,100.0,0.14176713638832156,37.0504264831543,40.578829042931396,62.428967758355995,25.723536303664243,30.092740050507523,47.714781144086054,41.20148831818618
31,Operations Manager,0,25.0,20.0,100.0,2.236620339309397,47.03533935546875,35.140793954216726,40.60122146802573,38.925992442770905,23.695051710843202,40.94741282743566,33.041756530466365
32,Accountant,1,66.66666666666666,100.0,100.0,2.0262094751247393,46.10421371459961,65.55289681179198,64.95317458224407,56.94112101473997,59.47399624916703,76.76348869473325,68.98501735835534
32,Business Analyst,0,25.0,100.0,100.0,0.47699940055253964,36.27513122558594,49.26281959392077,62.3274147598781,36.578524492400966,40.309199522259725,57.872081980985755,51.554764600097506
32,Customer Support Representative,0,33.33333333333333,100.0,100.0,6.364522181931304,42.23667907714844,53.95684685552863,65.06181567517226,42.44605856941078,45.831584535916036,62.355492386163455,56.025111757595724
32,Market Research Analyst,0,33.33333333333333,100.0,100.0,0.5729175688770832,33.011322021484375,51.70430260522088,61.5963629823911,39.63037825652611,43.18153247673045,60.72748819986979,55.0030638847038
32,Operations Manager,0,50.0,100.0,100.0,3.177016182891153,48.455039978027344,60.24480842413777,65.76124372944273,50.30601053017222,53.22918638133856,70.31559529024011,62.325355796980794
33,Accountant,1,66.66666666666666,100.0,100.0,3.91310357819489,49.89643478393555,66.4047640876529,66.2637396220301,58.00595510956612,60.476193044297524,77.43270417755724,69.31799867066184
33,Business Analyst,0,50.0,100.0,70.0,1.4473510289892282,44.66372299194336,54.916661103139894,57.564094004830594,43.645826378924866,52.2548954154587,64.3524217044606,56.72600312276281
33,Customer Support Representative,0,66.66666666666666,100.0,100.0,7.945826243093686,41.399269104003906,65.73509763539798,65.23348354163791,57.168872044247465,59.68835015929173,75.93320435168695,70.02965561152634
33,Market Research Analyst,0,66.66666666666666,100.0,100.0,1.7383938677485171,35.92258071899414,63.98247952134473,62.537147981556,54.978099401680915,57.62644649569968,74.96672993080288,68.93422636881837
33,Operations Manager,0,50.0,100.0,100.0,1.8110492227702117,40.441070556640625,58.83781796691162,63.59664302601788,48.54727245863953,51.57390349048426,68.90136539234834,62.08430280401827
34,Accountant,1,66.66666666666666,60.0,100.0,4.073362936724349,54.00997543334961,59.04583408884442,54.94230885463245,58.80729261105553,51.81862833981697,68.74685840980679,59.93451502804939
34,Business Analyst,0,25.0,60.0,70.0,0.9959794143977818,44.096927642822266,38.013936058583006,45.0214400901277,32.51742007322876,32.36933653950942,44.54651664285099,36.94046695548196
34,Customer Support Representative,0,66.66666666666666,100.0,100.0,8.537119248132718,45.53553009033203,66.44423073410304,66.32445753964572,58.05528841762881,60.52262439306241,76.66313276103898,70.13400143594498
34,Market Research Analyst,0,33.33333333333333,100.0,100.0,1.1962574881381791,34.11427688598633,51.96324682278534,61.99473870172103,39.95405852848168,43.48617273268863,60.92212729360543,55.113065046926344
34,Operations Manager,0,25.0,20.0,100.0,1.2462545078645588,41.65895462036133,34.18578136923388,39.1319713372829,37.73222671154236,22.571507493216334,39.998639050652,32.86698608962316
35,Accountant,1,100.0,100.0,100.0,3.9040000888764,48.665225982666016,77.88538391073136,65.97751370881748,72.35672988841421,73.98280460086043,90.94092223223518,83.04188236862525
35,Business Analyst,0,50.0,100.0,70.0,1.2615636000606179,47.566650390625,55.32423209860285,58.19112630554283,44.15529012325356,52.73439070423865,64.8647030101103,56.693217105893055
35,Customer Support Representative,0,66.66666666666666,100.0,100.0,4.474883167850793,34.92106246948242,64.24272517893331,62.93752591630766,55.30340647366665,57.9326178575686,74.78999141618317,69.41713624530699
35,Market Research Analyst,0,66.66666666666666,100.0,100.0,1.515247083944584,36.39872741699219,64.02042950847384,62.595532577139245,55.0255368855923,57.67109353938099,75.05075581868489,68.89484752461766
35,Operations Manager,0,50.0,80.0,100.0,2.4186473854084767,44.79719924926758,55.582376995201415,58.58827230030985,49.47797124400177,47.743972935531076,64.9642116322237,57.48564365624856
36,Accountant,1,100.0,100.0,100.0,3.544939932747361,46.507965087890625,77.50793575309571,65.39682423553184,71.88491969136962,73.53874794481847,90.56022913315718,82.9785188116613
36,Business Analyst,0,50.0,100.0,100.0,1.1455346008566636,41.85564422607422,58.95017682403964,63.769502806214824,48.68772103004955,51.706090381223106,69.15099603989546,61.96685904721001
36,Customer Support Representative,0,66.66666666666666,100.0,100.0,6.614552146189712,40.89822006225586,65.46024916460017,64.81063974041051,56.82531145575021,59.364999017176665,75.84478393255495,69.79472488854329
36,Market Research Analyst,0,66.66666666666666,100.0,100.0,10.004153188130473,39.532920837402344,65.76389443716324,65.27778631358449,57.20486804645406,59.72222874960382,75.60384877522786,70.39288977829753
36,Operations Manager,0,50.0,80.0,100.0,2.669083604789757,38.21075439453125,54.63197569989815,57.12611646138176,48.28996962487269,46.62585376458606,63.80189783432905,57.52983828319819
37,Accountant,1,100.0,100.0,100.0,3.514322896538638,59.39181900024414,79.43592128451742,68.36295582233448,74.29490160564677,75.80696621707932,92.8338504118078,82.97311580527152
37,Business Analyst,0,50.0,100.0,70.0,1.40887587191899,51.732017517089844,55.97113400835132,59.18636001284818,44.96391751043915,53.49545177453097,65.5997677971335,56.71921338916218
37,Customer Support Representative,0,33.33333333333333,100.0,100.0,7.133794649823501,45.541805267333984,54.568006654240286,66.00206151934402,43.21000831780036,46.5505960638121,62.93874994913737,56.16086572251787
37,Market Research Analyst,0,66.66666666666666,100.0,100.0,1.6921818737181034,38.419151306152344,64.3500333103139,63.102615349200875,55.43754163789237,58.05886271801635,75.40730121088963,68.92607131104829
37,Operations Manager,0,50.0,80.0,100.0,1.7629058201592507,42.81256103515625,55.186320028297324,57.978953889688185,48.98290003537166,47.278023562702735,64.61398135914523,57.36992455649869
38,Accountant,1,33.33333333333333,100.0,100.0,1.7417894815384305,48.5656852722168,54.212787879729945,65.45557109702042,42.76598484966244,46.1326916232117,63.47237583235198,55.209335398702855
38,Business Analyst,0,0.0,100.0,70.0,0.11504361265122333,44.78142547607422,37.234470363308816,57.28380055893664,21.543087954136023,31.45231807448096,43.78495743695428,35.90265475517375
38,Customer Support Representative,0,33.33333333333333,100.0,100.0,6.91802557300811,47.49189758300781,54.82815514006906,66.4022899590806,43.53519392508632,46.856653105963595,63.28288388719746,56.12278882660928
38,Market Research Analyst,0,0.0,100.0,100.0,10.347833418306529,47.37718200683594,43.658752313771366,67.16731125195595,29.573440392214213,33.7161791926722,49.537149765912226,43.00255883852468
38,Operations Manager,0,0.0,100.0,100.0,1.0465677709206374,44.345211029052734,41.80876681999601,64.32117972307078,27.260958524995008,31.539725670583532,49.00209606395048,41.361159018397764
39,Accountant,1,66.66666666666666,60.0,100.0,2.602890156695581,42.52603530883789,57.10267215316335,51.95282895358465,56.378340191454186,49.532555474309824,66.72028074077531,59.67501983157372
39,Business Analyst,0,50.0,60.0,100.0,0.829130093800021,40.42429733276367,50.68801411398456,51.058483252283935,48.3600176424807,41.98589895762889,59.48664070578183,52.49925825184707
39,Customer Support Representative,0,66.66666666666666,100.0,100.0,8.415439122237478,44.84793472290039,66.32283941010401,66.13770165657027,57.903549262630015,60.3798110707106,76.54179240208046,70.1125284725517
39,Market Research Analyst,0,66.66666666666666,100.0,100.0,0.9958570117121437,33.04732894897461,63.43981122743634,61.7022736832354,54.29976403429543,56.98801320874863,74.45933255962296,68.80319045304724
39,Operations Manager,0,75.0,20.0,100.0,3.9898145052729763,42.147613525390625,52.17061420459954,39.87786800707621,60.21326775574943,43.7301343583524,60.67310826918658,53.93937903034229
40,Accountant,1,66.66666666666666,100.0,100.0,3.1880315005299,45.138126373291016,65.58225701440647,64.99834412472791,56.977821268008086,59.508537664007605,76.59300269332587,69.19004477460331
40,Business Analyst,0,25.0,100.0,100.0,0.814648836987263,39.47410583496094,49.79331320079223,63.14355877044958,37.24164150099029,40.93330964799085,58.43660691205193,51.614349794762454
40,Customer Support Representative,0,33.33333333333333,100.0,100.0,0.9699561056680662,25.78475570678711,50.67987343853494,60.02031811056658,38.349841798168676,41.97632169239405,59.4522117913938,55.07312950884339
40,Market Research Analyst,0,33.33333333333333,100.0,100.0,9.948239115257678,38.23479461669922,53.8941217264602,64.96531547660544,42.36765215807525,45.75779026642376,61.6492774813783,56.657532392888605
40,Operations Manager,0,25.0,100.0,100.0,4.701662141023881,38.80187225341797,50.27553015916627,63.885431014101954,37.844412698957846,41.500623716666205,58.31797745648552,52.30029331900421
41,Accountant,1,33.33333333333333,8.333333333333332,100.0,1.9906395059151958,49.103240966796875,35.997415404240144,37.43192113472843,42.913435921966844,24.702841652047223,41.99861115100337,33.6846226579066
41,Business Analyst,0,0.0,8.333333333333332,100.0,0.4033519456527134,40.3952522277832,22.786457292682055,35.056088142587775,26.399738282519237,9.160537991390653,26.736417059804882,19.67902289237009
41,Customer Support Representative,0,33.33333333333333,60.0,100.0,1.0122396291116316,27.460453033447266,42.937570566050496,48.10908292212898,38.67196320756313,32.86773007770647,50.33615837845147,45.66882660121578
41,Market Research Analyst,0,0.0,12.5,100.0,0.4844606006580098,33.800479888916016,22.642741073436106,34.83498626682478,25.17842634179513,8.991460086395415,26.553025862749887,20.67372834129259
41,Operations Manager,0,25.0,5.0,100.0,2.371459666335391,44.67942810058594,31.807633165038197,35.47328179236646,38.50954145629775,19.773686076515528,37.00225201775046,29.53613994111801
42,Accountant,1,66.66666666666666,60.0,100.0,3.6037422640299384,46.903812408447266,57.90946653420491,53.19405107826397,57.386833167756144,50.48172533435872,67.49282964070638,59.85164079169156
42,Business Analyst,0,50.0,60.0,100.0,1.3329266577864982,47.65507125854492,51.848199687449714,52.84338413453802,49.810249609312145,43.35082316170555,60.76265963386087,52.58816352784468
42,Customer Support Representative,0,66.66666666666666,100.0,100.0,3.8111114250246505,37.43016815185547,64.51952526986535,63.363372210049256,55.64940658733169,58.258265023370996,75.23277477189606,69.30000005539651
42,Market Research Analyst,0,66.66666666666666,100.0,100.0,11.640680659551226,54.49906539916992,68.2542952421415,69.10917216739718,60.317869052676876,62.65211204957823,78.24493310965742,70.68168874384237
42,Operations Manager,0,50.0,20.0,100.0,2.38678840435015,36.39423751831055,42.317153888399105,38.180236751383234,47.89644236049889,32.13782810399895,49.363688973819514,43.36237442429709
43,Accountant,1,100.0,100.0,100.0,4.023135633337114,48.62813186645508,77.89769012496883,65.99644634610588,72.37211265621104,73.99728249996332,90.93437621172737,83.06290628823596
43,Business Analyst,0,50.0,100.0,70.0,1.300061823150643,44.71076202392578,54.901623577061464,57.54095934932533,43.627029471326836,52.23720420830761,64.36072271010455,56.700010909967766
43,Customer Support Representative,0,66.66666666666666,100.0,100.0,1.191362217591176,31.960052490234375,63.30604553950716,61.49648031719051,54.132556924383955,56.8306418111849,74.26746024337469,68.83769137173176
43,Market Research Analyst,0,66.66666666666666,100.0,100.0,1.5614867822613434,33.141475677490234,63.538777702296066,61.85452979840421,54.423472127870085,57.104444355642435,74.47594668818455,68.90300747137945
43,Operations Manager,0,75.0,80.0,100.0,5.146425081725629,46.66275405883789,65.02137687108453,59.64827210936081,61.276721088855666,58.84867867186415,75.58754483391256,68.26113383795158
44,Accountant,1,66.66666666666666,100.0,100.0,2.3707199418307376,44.699405670166016,65.39385217513284,64.7084905258454,56.742315218916055,59.28688491192099,76.51558139277438,69.04581332306816
44,Business Analyst,0,25.0,100.0,100.0,0.5985544063958598,39.818607330322266,49.812574260507716,63.17319117001187,37.265717825634646,40.955969718244376,58.49740129358628,51.576215483481626
44,Customer Support Representative,0,33.33333333333333,100.0,100.0,4.640328036204097,37.21287155151367,52.94464660482433,63.50458452024256,41.18080825603041,44.64076071155804,61.468938116933785,55.72084220246739
44,Market Research Analyst,0,33.33333333333333,100.0,100.0,10.863875826927206,42.35740280151367,54.6498584609328,66.12798737579405,43.312323076166,46.646892306979765,62.37679657281613,56.81911534200677
44,Operations Manager,0,50.0,100.0,100.0,2.772093276809342,39.64885330200195,58.863141986821695,63.63560305664876,48.578927483527124,51.603696455084346,68.76156234741211,62.25389881355459
45,Accountant,1,66.66666666666666,60.0,100.0,2.1688219085601177,49.94838333129883,58.15091411931217,53.56550890150591,57.68864264914021,50.765781316837845,68.03010686238606,59.598419552490995
45,Business Analyst,0,25.0,60.0,70.0,0.5105724570874898,42.2957763671875,37.67095232364125,44.49377280560192,32.08869040455156,31.965826263107353,44.22866641773897,36.85480690419191
45,Customer Support Representative,0,66.66666666666666,100.0,100.0,9.468505955564934,53.00253677368164,67.70398974272031,68.26254832213381,59.62998717840039,62.00469381496507,77.98083982280656,70.29836379608008
45,Market Research Analyst,0,33.33333333333333,100.0,100.0,0.6132417158414102,35.9697265625,52.154111908417875,62.28837729500186,40.19263988552235,43.71071989225632,61.24955958946078,55.01017991063868
45,Operations Manager,0,25.0,20.0,100.0,4.577878796586239,48.8514404296875,35.76439788394106,41.56061212914009,39.70549735492633,24.428703392871835,41.2679012522978,33.45491978763287
46,Accountant,1,66.66666666666666,8.333333333333332,100.0,2.2757876886606647,48.587066650390625,47.62942815085769,37.37860741157594,57.45345185523878,38.387562530420816,55.633011761833636,47.460433121528354
46,Business Analyst,0,25.0,8.333333333333332,70.0,0.5357537690959406,38.77763366699219,26.813674782079882,27.790268895507516,31.433760144266525,19.19255856715281,31.450954960841756,24.702387920036536
46,Customer Support Representative,0,66.66666666666666,60.0,100.0,7.718508746101982,47.49270248413086,58.61501501786826,54.27951028389989,58.26876877233533,51.31178237396266,67.59675141876819,60.577776053233684
46,Market Research Analyst,0,33.33333333333333,12.5,100.0,0.6434866512444851,34.865455627441406,34.493008008469545,35.11744821815828,39.99126001058694,22.93295059819947,40.46645295386221,34.42728195806275
46,Operations Manager,0,50.0,5.0,100.0,6.811503596806374,51.01908874511719,42.17458885128853,37.960905925059286,51.46823606411067,31.970104530927692,48.41513330796185,40.6137947523776
47,Accountant,1,66.66666666666666,8.333333333333332,100.0,3.1060888097867347,43.32574462890625,46.964775015803944,36.35606412687787,56.6226354364216,37.6056176656517,54.70454316980698,47.60695684878589
47,Business Analyst,0,25.0,8.333333333333332,100.0,0.7937097346909304,36.446022033691406,31.002626431924014,34.23480989526772,36.66994970657169,18.82661933167531,36.33361173143574,30.042027208082715
47,Customer Support Representative,0,33.33333333333333,60.0,100.0,6.251524430371876,37.955955505371094,45.297788657028114,51.74018767747914,41.62223582128514,35.64445724356248,52.18830587349686,46.593406272026414
47,Market Research Analyst,0,33.33333333333333,12.5,100.0,0.9533140944547494,27.425968170166016,33.42355900635978,33.472142061066336,38.65444875794973,21.674775301599738,39.15360222610772,34.481957389217506
47,Operations Manager,0,50.0,5.0,100.0,6.323609898403923,42.931034088134766,40.8881965979808,35.981840919970466,49.86024574747601,30.45670187997742,46.98782954496496,40.527695864424224
48,Accountant,1,33.33333333333333,60.0,100.0,2.0661000269930825,45.47303771972656,45.79753732867461,52.50903178770454,42.24692166084327,36.23239685726425,53.514849793677236,45.85480196554779
48,Business Analyst,0,25.0,60.0,100.0,0.8383210668087563,46.67705535888672,42.877306463854325,52.50354840592973,38.596633079817906,32.79683113394626,50.295950945685895,42.20676254120155
48,Customer Support Representative,0,33.33333333333333,100.0,100.0,3.8736167926671743,37.07469177246094,52.80891295143588,63.295763515029556,41.011141189294854,44.4810740605128,61.44455345004212,55.58554021831382
48,Market Research Analyst,0,33.33333333333333,100.0,100.0,10.237317049164101,42.84346008300781,54.62878323649245,66.09556395357814,43.28597904561557,46.62209792528524,62.46257138719746,56.70854614593092
48,Operations Manager,0,50.0,20.0,100.0,3.705773450260129,42.7962646484375,43.47530571480464,39.96200879200715,49.3441321435058,33.50035966447605,50.493458467371326,43.59513649122238
49,Accountant,1,33.33333333333333,8.333333333333332,100.0,1.9602262040070804,49.358158111572266,36.03109098067023,37.483729713851645,42.95553039250447,24.7424599772591,42.04359652949314,33.6792556046287
49,Business Analyst,0,0.0,8.333333333333332,100.0,0.39718947150211525,41.80371856689453,22.996802872426162,35.37969672680948,26.662670257199373,9.408003379324898,26.984969943177468,19.677935396931748
49,Customer Support Representative,0,33.33333333333333,60.0,100.0,8.623557064429589,46.66524887084961,46.959987556958545,54.2974167542952,43.69998444619819,37.5999853611277,53.7252399968166,47.01200026627189
49,Market Research Analyst,0,0.0,12.5,100.0,0.4770589357826686,33.21867752075195,22.554360468480194,34.69901610535415,25.067950585600244,8.887482904094345,26.450354856603287,20.67242216513812
49,Operations Manager,0,25.0,5.0,100.0,2.335228134417703,45.36701583862305,31.905336595956115,35.62359476300941,38.63167074494515,19.88863128936013,37.123591030345246,29.52974614136783
50,Accountant,1,66.66666666666666,8.333333333333332,100.0,2.157757692668159,48.06979751586914,47.534133281280596,37.23199991991886,57.33433326826741,38.275450919153634,55.54172897338867,47.43960429870615
50,Business Analyst,0,25.0,8.333333333333332,70.0,0.5079677785422355,38.97209930419922,26.838676729077882,27.828733429350592,31.465012578014026,19.22197262244457,31.485272426231234,24.697484509938825
50,Customer Support Representative,0,66.66666666666666,60.0,100.0,3.9840591384476625,34.704833984375,56.136667301756724,50.46666764372831,55.17083412719591,48.39607917853732,65.34006874234068,59.918755534235856
50,Market Research Analyst,0,33.33333333333333,12.5,100.0,0.6101132714489753,36.129886627197266,34.677666651463596,35.40153843814913,40.222083314329495,23.15019606054541,40.68958783617206,34.421392538098836
50,Operations Manager,0,25.0,5.0,100.0,0.6356126690037909,41.93061065673828,31.13493349886131,34.4383592290174,37.66866687357664,18.98227470454272,36.51716658648323,29.229814000412436
51,Accountant,1,66.66666666666666,100.0,100.0,2.3605322989599586,46.595787048339844,65.6767812354283,65.14376600322304,57.09597654428538,59.61974262991565,76.85023693009917,69.04401550373802
51,Business Analyst,0,25.0,100.0,70.0,0.7487188396393807,50.26051330566406,46.90138482179552,58.69443818737771,33.626731027244396,42.82515861387708,55.045972936293666,46.308597442289305
51,Customer Support Representative,0,66.66666666666666,100.0,100.0,6.417704949443969,45.54339599609375,66.12749847516399,65.83717714127792,57.65937309395498,60.149998206075274,76.66452086205575,69.75998714794109
51,Market Research Analyst,0,33.33333333333333,100.0,100.0,9.704287485839917,56.199981689453125,56.55230704296062,69.05483134814455,45.69038380370078,48.88506710936544,64.81960461186428,56.6144821053443
51,Operations Manager,0,50.0,80.0,100.0,3.4712097503939927,45.01796340942383,55.77337597397267,58.88211688303488,49.71671996746584,47.968677616438434,65.00317001342773,57.67138995595188
52,Accountant,1,66.66666666666666,8.333333333333332,100.0,2.962274003807708,45.3663330078125,47.249291051743036,36.793781105245685,56.97828048134546,37.94034241381533,55.06464700137868,47.58157776537784
52,Business Analyst,0,25.0,8.333333333333332,100.0,0.9395806004442352,42.06355285644531,31.867136685200098,35.564825669538614,37.75058752316679,19.843690217882468,37.324940700157015,30.06776912556859
52,Customer Support Representative,0,33.33333333333333,60.0,100.0,3.5688592710826326,36.09099578857422,44.615644925615186,50.690735782997734,40.769556157019,34.84193520660611,51.85919533523858,46.1199947733283
52,Market Research Analyst,0,33.33333333333333,12.5,100.0,1.1285176307287401,34.43425369262695,34.50108236517002,35.12987030538978,40.001352956462526,22.94244984137649,40.3903584947773,34.51287566032468
52,Operations Manager,0,50.0,5.0,100.0,3.379212813226509,41.64022445678711,40.25291559050204,35.0044855238493,49.066144488127556,29.709312459414168,46.76003961002126,40.00809637880468
53,Accountant,1,66.66666666666666,100.0,100.0,2.11757734570767,42.850738525390625,65.07858071399808,64.22345750871499,56.348225892497595,58.915977310585966,76.18934601428462,69.00114110022292
53,Business Analyst,0,50.0,100.0,100.0,0.9011143367323242,49.67214584350586,60.08598902703573,65.51690619543959,50.107486283794664,53.042340031806745,70.53037867826575,61.92372605942336
53,Customer Support Representative,0,33.33333333333333,100.0,100.0,8.30370467120522,46.80792999267578,54.93341186624881,66.56422338397253,43.66676483281102,46.98048454852801,63.16218372419768,56.36732043217347
53,Market Research Analyst,0,66.66666666666666,100.0,100.0,10.009194665864436,48.83399200439453,67.15981133387217,67.42535077005975,58.94976416734022,61.36448392220255,77.2452142752853,70.39377945083882
53,Operations Manager,0,75.0,80.0,100.0,2.907769472305295,41.49907684326172,63.91102694733505,57.94004145743854,59.88878368416882,57.54238464392359,74.67630767822266,67.86607696570094
54,Accountant,1,33.33333333333333,100.0,100.0,1.5805550751383908,45.3839225769043,53.71133831447307,64.68411022739447,42.139172893091335,45.54275095820361,62.910888297885066,55.18088226816168
54,Business Analyst,0,0.0,100.0,70.0,0.10439422660742154,43.40028762817383,37.02570227821719,56.9626188895649,21.282127847771488,31.20670856260846,43.54122722850126,35.90077545175426
54,Customer Support Representative,0,33.33333333333333,100.0,100.0,6.277636043419803,44.243534088134766,54.24484218639985,65.50488541497413,42.80605273299982,46.17040257223512,62.70964327045516,56.0097789096231
54,Market Research Analyst,0,0.0,100.0,100.0,0.12538650246404137,38.305450439453125,40.76462554128757,62.7148085250578,25.955781926609472,30.311324166220672,47.93625595990349,41.19859761808189
54,Operations Manager,0,25.0,100.0,100.0,2.797249523418555,49.99636459350586,51.669042117538666,66.0292955654441,39.58630264692333,43.14004955004549,60.293476104736335,51.96422050413269
55,Accountant,1,66.66666666666666,8.333333333333332,100.0,3.698485588407263,44.282020568847656,47.19707592358824,36.7134501388537,56.91301157115196,37.878912851280276,54.87329774744371,47.71149745677775
55,Business Analyst,0,50.0,8.333333333333332,100.0,1.178123362196411,36.058692932128906,39.75218911081547,34.23413709356225,47.606903055186,29.12022248331231,46.55937718410119,40.4039825541131
55,Customer Support Representative,0,66.66666666666666,60.0,100.0,1.8604762689447742,28.536802291870117,54.89292511745556,48.553218129418816,53.616156396819456,46.93285307935948,64.2515925613104,59.54400561608829
55,Market Research Analyst,0,66.66666666666666,12.5,100.0,1.415028135727223,29.989511489868164,45.544014277172636,34.17027837513739,53.8050178464658,35.93413444373251,53.33148241978065,48.288926533755784
55,Operations Manager,0,50.0,5.0,100.0,3.341717016355087,39.28589630126953,39.89414199764369,34.45252615022107,48.61767749705462,29.287225879580816,46.34456993551816,40.001479473474426
56,Accountant,1,33.33333333333333,100.0,100.0,1.6213763609508645,46.52665710449219,53.88887168648312,64.95723849202531,42.3610896081039,45.75161374880367,63.112547332165285,55.18808602448152
56,Business Analyst,0,0.0,100.0,70.0,0.1070904354447761,43.380130767822266,37.023083180490055,56.95858950844624,21.27885397561257,31.20362727116477,43.53767013549805,35.90125125331379
56,Customer Support Representative,0,33.33333333333333,100.0,100.0,8.891178622777332,49.19573211669922,55.37970327758815,67.25082555526382,44.22462909698519,47.505533267750764,63.58356056961359,56.47099230598031
56,Market Research Analyst,0,0.0,100.0,100.0,9.632468601590533,54.62666702270508,44.63887034364434,68.67518514406822,30.79858792955543,34.869259227816876,50.8164706510656,42.87631798851598
56,Operations Manager,0,0.0,100.0,100.0,0.13400069920413807,37.22212219238281,40.60341843373804,62.46679759036622,25.754273042172557,30.12166874557417,47.74508038689109,41.20011777044779
57,Accountant,1,66.66666666666666,8.333333333333332,100.0,3.2661782663073424,43.10914993286133,46.9562992298753,36.343024456218416,56.61204070401079,37.59564615279447,54.66632057638729,47.635207929348354
57,Business Analyst,0,50.0,8.333333333333332,100.0,1.2080708777923241,47.01266860961914,41.39977758977839,36.76888859965905,49.66638865388965,31.058561870327512,48.49243171542299,40.409267409806496
57,Customer Support Representative,0,66.66666666666666,60.0,100.0,3.4541230739878745,35.09822463989258,56.1161854904154,50.43515716474164,55.14523186301925,48.37198292990047,65.40949062272614,59.82523740521354
57,Market Research Analyst,0,66.66666666666666,12.5,100.0,10.550293386612337,48.59712219238281,49.7054456701826,40.572480518229646,59.006807087728255,40.82993608256776,56.615178426106766,49.90103216626492
57,Operations Manager,0,50.0,5.0,100.0,2.1632169676432986,40.230445861816406,39.859049424418956,34.39853757602916,48.5738117805237,29.24594049931642,46.51125515208525,39.79350887664294
58,Accountant,1,66.66666666666666,60.0,100.0,3.2319670619866896,48.53569793701172,58.09848308318308,53.484845768999634,57.62310385397886,50.70409774492128,67.78080943986481,59.786033403095686
58,Business Analyst,0,25.0,60.0,70.0,0.6085138980844496,49.17460632324219,38.717468033199,46.1037969741523,33.39683504149875,33.19702121552823,45.442577586454505,36.872090687897256
58,Customer Support Representative,0,33.33333333333333,100.0,100.0,6.988569139490548,40.948246002197266,53.85718893791984,64.90849580192796,42.3214861723998,45.71433992696451,62.12812184352501,56.13523769128264
58,Market Research Analyst,0,33.33333333333333,100.0,100.0,0.7308778642376091,39.444541931152344,52.692979635975156,63.11740456816691,40.86622454496895,44.34468192467666,61.862762301575906,55.030939230943886
58,Operations Manager,0,50.0,20.0,100.0,2.8182188080148025,44.34815216064453,43.5749556452989,40.11531637738292,49.46869455662363,33.61759487682224,50.76732096952551,43.43850920141438
59,Accountant,1,66.66666666666666,100.0,100.0,3.1765330640395413,44.2784538269043,65.4515813669749,64.79730466714089,56.81447670871864,59.354801608205776,76.44129577337526,69.18801563875208
59,Business Analyst,0,25.0,100.0,70.0,0.8117106013040569,43.809993743896484,45.943255651780085,57.2203933104309,32.429069564725104,41.69794782562363,53.90764595480527,46.319713635524245
59,Customer Support Representative,0,33.33333333333333,100.0,100.0,6.055965501395658,37.09996032714844,53.14005554094828,63.805213652740946,41.42506942618535,44.87065357758622,61.44901260675169,55.970660578677666
59,Market Research Analyst,0,33.33333333333333,100.0,100.0,0.9749346934025191,33.33141326904297,51.812618861033485,61.763003375948955,39.76577357629186,43.30896336592175,60.783974890615426,55.07400808314946
59,Operations Manager,0,25.0,100.0,100.0,4.684704415380738,43.732418060302734,51.01256837135252,65.01933595592695,38.765710464190654,42.36772749570885,59.18807377534755,52.29730077918484
60,Accountant,1,33.33333333333333,100.0,100.0,1.7715989202289357,47.54011535644531,54.063423808167805,65.22578021769407,42.57927976020975,45.95696918607976,63.29139290603937,55.21459588788354
60,Business Analyst,0,25.0,100.0,70.0,0.5413737979338775,40.79090881347656,45.44984239171157,56.46129598724857,31.81230298963946,41.117461637307734,53.37486626120175,46.272007140811866
60,Customer Support Representative,0,66.66666666666666,100.0,100.0,4.246067010715421,38.825218200683594,64.79402611504318,63.78568120263054,55.99253264380398,58.58120719416845,75.47896007463044,69.37675692345958
60,Market Research Analyst,0,33.33333333333333,100.0,100.0,0.6502367923455434,36.679988861083984,52.266200514681096,62.460821304637584,40.332750643351375,43.84258884080129,61.37489999509325,55.016708453551175
60,Operations Manager,0,50.0,80.0,100.0,2.706320229042556,49.45307159423828,56.32390877349213,59.72909042075712,50.404885966865166,48.61636326293192,65.78583616368911,57.53640945218398
61,Accountant,1,66.66666666666666,100.0,100.0,3.032140676525114,51.91646194458008,66.5756237264991,66.52660060487042,58.21952965812388,60.67720438411659,77.78917955884747,69.1625346291907
61,Business Analyst,0,25.0,100.0,100.0,0.9617410657551692,38.727943420410156,49.7034526729248,63.005311804499684,37.12931584115601,40.827591379911524,58.304931191837085,51.640307246897976
61,Customer Support Representative,0,66.66666666666666,100.0,100.0,5.753209270189736,41.47694778442383,65.41785689152536,64.74542085875697,56.77232111440671,59.31512575473572,75.946912354114,69.64272320454329
61,Market Research Analyst,0,33.33333333333333,100.0,100.0,1.1551342677652197,32.41604995727539,51.70234430042275,61.59335020577859,39.62793037552845,43.17922858873265,60.62244018853879,55.105808008036995
61,Operations Manager,0,50.0,100.0,100.0,3.458913190490965,45.770843505859375,59.884463504452555,65.206866929927,49.8555793805657,52.80525118170889,69.84191355985755,62.3751023277337
62,Accountant,1,66.66666666666666,8.333333333333332,100.0,3.3564072781165786,52.1409912109375,48.32460977335811,38.448117600038124,58.3224288833643,39.20542326277424,56.2601749195772,47.651130696138225
62,Business Analyst,0,25.0,8.333333333333332,70.0,1.0645926614670076,41.684810638427734,27.329077161650876,28.58319563330904,32.07801311873027,19.79891430782456,31.96398619109509,24.79571243045496
62,Customer Support Representative,0,66.66666666666666,60.0,100.0,5.895923167246033,42.41115188598633,57.579394591318184,52.68624808920747,56.97424323914773,50.093405401550804,66.70000719556622,60.25614330402381
62,Market Research Analyst,0,33.33333333333333,12.5,100.0,1.2786679369943588,34.550594329833984,34.541056006690916,35.191368215421925,40.051320008363646,22.98947765493049,40.410889195460896,34.539372773195076
62,Operations Manager,0,50.0,5.0,100.0,3.828820178700291,45.1646728515625,40.84902395453942,35.921575314676026,49.81127994317428,30.4106164171052,47.3820010914522,40.08743885506476
63,Accountant,1,66.66666666666666,100.0,100.0,2.2845559997899,47.82349395751953,65.84954082692974,65.40954999014834,57.31192603366219,59.82298920815265,77.06689109054267,69.03060792153155
63,Business Analyst,0,25.0,100.0,100.0,0.5378179580180884,29.69471549987793,48.284880018684404,60.82289233643754,35.3561000233555,39.15868237492283,56.71083214703728,51.56549728670908
63,Customer Support Representative,0,33.33333333333333,100.0,100.0,4.569001643459488,35.43550491333008,52.6673426501851,63.07796305156682,40.834178312731375,44.31452076492365,61.155285180783736,55.70825519198304
63,Market Research Analyst,0,33.33333333333333,100.0,100.0,0.6459659208150759,27.37060546875,50.86915237510143,60.31151647451502,38.58644046887679,42.19900279423697,59.73206763174019,55.01595477033992
63,Operations Manager,0,25.0,100.0,100.0,4.822166554927239,44.825687408447266,51.19717809450618,65.30335091462489,38.99647261813272,42.58491540530138,59.38100366031423,52.321558803810696
64,Accountant,1,66.66666666666666,100.0,100.0,2.133246274044555,44.62532043457031,65.34711833962555,64.63659231737266,56.683897924531955,59.23190392897125,76.50250752766927,69.00390620522354
64,Business Analyst,0,25.0,100.0,100.0,0.5021974314316873,39.14619827270508,49.69725935562052,62.99578362403156,37.12157419452565,40.820305124259434,58.37874087165384,51.559211311429124
64,Customer Support Representative,0,66.66666666666666,100.0,100.0,7.23506859002851,42.670166015625,65.81911852418135,65.36274644745849,57.27389815522669,59.787198263742766,76.15748027726715,69.90422779039719
64,Market Research Analyst,0,33.33333333333333,100.0,100.0,0.6031825850910414,32.552059173583984,51.63995293046792,61.49736348277116,39.5499411630849,43.10582697702108,60.64644181494619,55.00840476991802
64,Operations Manager,0,50.0,80.0,100.0,3.344845643027393,44.600345611572266,55.69177868818995,58.756582597215306,49.61472336023744,47.872680809635234,64.92947275498334,57.64909040759307
65,Accountant,1,100.0,100.0,100.0,3.88206294159709,46.91787338256836,77.61999044862482,65.56921607480741,72.02498806078103,73.67057699838215,90.63256589104148,83.03801110734067
65,Business Analyst,0,50.0,100.0,100.0,1.2544746897463996,49.527244567871094,60.11725788864263,65.56501213637327,50.14657236080329,53.079126927814855,70.50480786491843,61.986083768778784
65,Customer Support Representative,0,33.33333333333333,100.0,100.0,6.35198956020338,39.48366165161133,53.54201434843887,64.42361181811108,41.927517935548586,45.343546292281026,61.8696657816569,56.02290011846726
65,Market Research Analyst,0,66.66666666666666,100.0,100.0,1.5067326890449146,36.91020584106445,64.09587411284974,62.71160119925601,55.11984264106217,57.75985189747028,75.14101671705059,68.89334498434125
65,Operations Manager,0,75.0,80.0,100.0,4.289360345545523,45.089447021484375,64.65682110505449,59.087417084699204,60.821026381318106,58.41978953535822,75.30990241555607,68.10988711980215
66,Accountant,1,66.66666666666666,60.0,100.0,2.093951814506402,48.04667663574219,57.854427600870615,53.10937579621121,57.31803450108827,50.41697364808308,67.69451156317018,59.585207182952104
66,Business Analyst,0,25.0,60.0,70.0,0.4929469398735125,40.48714828491211,37.397014283717844,44.072329667258224,31.746267854647307,31.643546216138642,43.909496756160955,36.85169651880121
66,Customer Support Representative,0,66.66666666666666,100.0,100.0,6.255753711337383,47.22043228149414,66.35476123225806,66.18681215219189,57.94345154032258,60.41736615559771,76.96046844183229,69.73140751768699
66,Market Research Analyst,0,33.33333333333333,100.0,100.0,0.5920719440120623,34.96265411376953,51.9998755753339,62.051090628718825,39.99984446916738,43.52926538274577,61.07184092203776,55.00644406855115
66,Operations Manager,0,50.0,20.0,100.0,6.267263148981861,50.81611251831055,45.06250635009386,42.40385592322132,51.32813293761733,35.367654529522184,51.90872573852539,44.04716408511445
67,Accountant,1,66.66666666666666,100.0,100.0,3.2455531683515746,40.284942626953125,64.86290770262903,63.89165287583955,56.0786346282863,58.662244356034165,75.73655850279565,69.20019565716008
67,Business Analyst,0,50.0,100.0,100.0,1.0338453184380838,36.49896240234375,58.12992115811728,62.507571012488114,47.6624014476466,50.74108371543209,68.20569924747242,61.94714917384202
67,Customer Support Representative,0,66.66666666666666,100.0,100.0,5.209741017682377,36.3805046081543,64.57187017720882,63.44390283673154,55.71483772151104,58.31984726730451,75.04754002888997,69.5468170423361
67,Market Research Analyst,0,66.66666666666666,100.0,100.0,1.2417377165430221,32.07252502441406,63.33047274447689,61.53406063252856,54.16309093059612,56.85937969938458,74.28730833764169,68.84658116566445
67,Operations Manager,0,75.0,100.0,100.0,4.069459109426312,41.66530990600586,68.11021535231482,64.40033131125358,60.137769190393534,62.48260629684097,79.41152527753044,72.7769633722517
68,Accountant,1,100.0,60.0,100.0,3.011827579213125,46.985870361328125,69.49965469108119,53.0763918324326,71.87456836385148,64.11724081303669,81.23280065199909,73.47267545515525
68,Business Analyst,0,50.0,60.0,100.0,1.051566250206292,51.5701904296875,52.39326350198407,53.681943849206256,50.49157937748009,43.99207470821655,61.45356301700368,52.53851169121288
68,Customer Support Representative,0,33.33333333333333,100.0,100.0,3.3646553022939383,35.03866958618164,52.427165399938005,62.708459589648214,40.53395674992251,44.03195929404471,61.085255417169314,55.49572348471854
68,Market Research Analyst,0,66.66666666666666,100.0,100.0,1.2630220895110342,42.19908142089844,64.85264885989474,63.875870040863724,56.06581107486844,58.650175129287945,76.07434770172716,68.85033723148233
68,Operations Manager,0,75.0,20.0,100.0,3.3932566776647555,43.39031982421875,52.267536475282526,40.026979192742346,60.334420594103165,43.84416055915592,60.89240938074449,53.8341041195879
69,Accountant,1,33.33333333333333,100.0,100.0,2.0507321690102414,38.51591873168945,52.75166430177162,63.20768866939223,40.939580377214526,44.41372270796661,61.69888761931775,55.263854696492
69,Business Analyst,0,25.0,100.0,100.0,0.626672691095784,32.47574996948242,48.715363399086726,61.48517446013342,35.894204248858415,39.66513341069027,57.201602935791016,51.58117753372279
69,Customer Support Representative,0,66.66666666666666,100.0,100.0,4.470561717548058,41.65050506591797,65.25149335085322,64.48947695003062,56.564366688566544,59.11940394218027,75.97754010967179,69.41637363643004
69,Market Research Analyst,0,33.33333333333333,100.0,100.0,0.7526881464596515,30.61884117126465,51.37239606432531,61.08573753485945,39.21549508040664,42.791054193323895,60.30528569688983,55.03478810427719
69,Operations Manager,0,50.0,100.0,100.0,7.9674349218714715,50.623085021972656,61.28857799157662,67.36704306396402,51.610722489470774,54.45715057832543,70.69819147446576,63.17072380974203
70,Accountant,1,100.0,60.0,100.0,3.8010180577149817,46.781497955322266,69.58737740195559,53.21134984916244,71.98422175244448,64.2204440023007,81.19673493329218,73.61194436312617
70,Business Analyst,0,50.0,60.0,100.0,1.228285326747119,50.28513717651367,52.22701337548912,53.426174423829416,50.28376671936141,43.79648632410485,61.22678891350242,52.56969741060244
70,Customer Support Representative,0,33.33333333333333,100.0,100.0,3.8330473118129524,36.04237365722656,52.6479798120226,63.04817406977835,40.809974765028244,44.291740955320705,61.262379665000765,55.578380898163076
70,Market Research Analyst,0,66.66666666666666,100.0,100.0,10.726829690104331,47.88507080078125,67.12511840696617,67.3719770363582,58.90639800870771,61.32366871407785,77.07775759229473,70.52042092570468
70,Operations Manager,0,75.0,20.0,100.0,4.0443792606492615,42.64345169067383,52.25317464269846,40.00488406568994,60.31646830337308,43.82726428552761,60.76060912188362,53.94900810482046
71,Accountant,1,66.66666666666666,100.0,100.0,2.8974135511480403,49.472286224365234,66.18878829966032,65.93146917896459,57.7359853745754,60.222103881953316,77.35785443175072,69.13875925412415
71,Business Analyst,0,25.0,100.0,100.0,0.9543343555990156,44.06354522705078,50.50268193739747,64.23489528830379,38.12835242174684,41.767861102820554,59.24650798124426,51.639000180399826
71,Customer Support Representative,0,33.33333333333333,100.0,100.0,3.4500261014737603,33.86965560913086,52.26461892325736,62.4583880870626,40.3307736540717,43.84072814500866,60.87895883298388,55.51078891986791
71,Market Research Analyst,0,33.33333333333333,100.0,100.0,1.1462381677468019,34.14765548706055,51.960750714887766,61.99089853572477,39.95093839360971,43.48323613516208,60.92801763497147,55.10423810803375
71,Operations Manager,0,50.0,100.0,100.0,3.289633316929271,43.227474212646484,59.47756612943636,64.58087096836363,49.34695766179546,52.32654838757219,69.39308368458467,62.345229408869876
72,Accountant,1,66.66666666666666,8.333333333333332,100.0,3.4875871162354937,47.113582611083984,47.59017545909792,37.31821865502244,57.40438599053907,38.34138289305637,55.37298516666188,47.67428007933568
72,Business Analyst,0,50.0,8.333333333333332,70.0,1.289964014625328,40.689414978027344,35.96357351556457,28.405497716253183,42.87113356112238,29.957145312428906,42.082445780436196,35.12960149277702
72,Customer Support Representative,0,66.66666666666666,60.0,100.0,7.448517255669612,40.45370101928711,57.518666074576835,52.592819601913085,56.89833259322105,50.021960087737455,66.35457468967812,60.53013049609855
72,Market Research Analyst,0,66.66666666666666,12.5,100.0,1.5493584401615248,31.284427642822266,45.758401245780895,34.50010448068857,54.07300155722612,36.18635440680106,53.55999703500785,48.31263188159713
72,Operations Manager,0,75.0,5.0,100.0,4.247468885385977,41.37629699707031,49.09356488236844,35.143945972874526,60.11695610296056,40.11007633219817,57.00758182301241,50.45543568565635
73,Accountant,1,66.66666666666666,100.0,100.0,4.106563506795026,49.59882354736328,66.38914139145707,66.23970470480576,57.986426739321345,60.457813401714205,77.38018454757392,69.35213865806186
73,Business Analyst,0,25.0,100.0,100.0,0.8571938970911401,45.63119888305664,50.723258917022164,64.5742444877264,38.404073646277716,42.02736343179078,59.523152744068824,51.621857746545494
73,Customer Support Representative,0,0.0,100.0,100.0,6.217183626587671,38.95718002319336,41.77615454746716,64.27100699610332,27.220193184333944,31.501358291137826,48.05126706291648,42.27362063998606
73,Market Research Analyst,0,33.33333333333333,100.0,100.0,1.0295640686526097,34.136375427246094,51.94155759105147,61.9613706528997,39.92694698881434,43.46065598947232,60.926027036180685,55.08364856113477
73,Operations Manager,0,25.0,80.0,100.0,1.0725942152225685,41.07405471801758,46.07199733998603,57.418457446132344,37.58999667498253,36.55529098821885,54.013068479650165,46.95398721445105
74,Accountant,1,100.0,100.0,100.0,4.24321319006409,46.2177848815918,77.56914971074838,65.49099955499752,71.96143713843549,73.61076436558633,90.50902086145737,83.10174350412895
74,Business Analyst,0,50.0,100.0,100.0,1.1484505036574575,43.09002685546875,59.13577160386893,64.05503323672143,48.91971450483617,51.92443718102228,69.36882826861213,61.96737361829249
74,Customer Support Representative,0,66.66666666666666,100.0,100.0,4.400160292434813,38.78464126586914,64.81105356707891,63.81187728268553,56.01381695884866,58.60123949068109,75.47179943907494,69.40394985552771
74,Market Research Analyst,0,66.66666666666666,100.0,100.0,10.029618275155366,40.77244186401367,65.95364235420868,65.56970618596208,57.44205294276086,59.945461593186685,75.82258777992396,70.39738361718427
74,Operations Manager,0,50.0,80.0,100.0,2.8212080961556585,41.76883316040039,55.18850618848341,57.982317213051395,48.98563273560426,47.280595515862835,64.42979408712948,57.556683781674536
75,Accountant,1,100.0,60.0,100.0,2.942855941153223,45.619972229003906,69.28442422552357,52.74526803926703,71.60553028190448,63.86402850061597,80.99175980511835,73.46050398961528
75,Business Analyst,0,50.0,60.0,100.0,1.1797774001096666,38.08897399902344,50.39031270986997,50.60048109210764,47.987890887337464,41.63566201161173,59.07452482335708,52.56113718825465
75,Customer Support Representative,0,66.66666666666666,100.0,100.0,1.4165407913378238,26.545133590698242,62.52758449063874,60.298847934316015,53.15948061329843,55.9148052831044,73.31188631992714,68.87742876709882
75,Market Research Analyst,0,66.66666666666666,100.0,100.0,1.417014778433682,29.293914794921875,62.93997276933666,60.93329144000513,53.674965961670836,56.39996796392549,73.7969653559666,68.87751241188045
75,Operations Manager,0,50.0,20.0,100.0,5.124227093226467,43.24705123901367,43.75569174983602,40.39337192282465,49.69461468729503,33.83022558804238,50.57300904217888,43.84545183998114
76,Accountant,1,66.66666666666666,60.0,100.0,3.117393862153216,47.65174102783203,57.948703566831114,53.25441574384274,57.4358794585389,50.52788654921308,67.62481704412721,59.76581460312507
76,Business Analyst,0,50.0,60.0,70.0,0.9930211840441489,45.54411315917969,46.980570151483576,45.35472330997473,43.725712689354474,42.9183178252748,55.096019969267005,47.23406256189014
76,Customer Support Representative,0,66.66666666666666,100.0,100.0,5.004020525776702,40.66933822631836,65.18433714614758,64.38615971202194,56.48042143268449,59.040396642526574,75.80439302033068,69.51051342611746
76,Market Research Analyst,0,66.66666666666666,100.0,100.0,11.030056823274757,44.56116485595703,66.6720165852181,66.67489731059196,58.340020731522635,60.79060774731542,76.4911859549728,70.57393159626417
76,Operations Manager,0,75.0,20.0,100.0,7.2428047208733695,44.8540153503418,53.06452301068228,41.25311232412657,61.330653763352856,44.78179177727326,61.15070859123679,54.513436127212955
77,Accountant,1,66.66666666666666,100.0,100.0,3.4611107795406153,42.42020797729492,65.21553114685867,64.43415048234667,56.519413933573325,59.077095466892544,76.1133700352089,69.2382352356052
77,Business Analyst,0,25.0,100.0,100.0,0.8462774225919629,39.81960678100586,49.849882630539675,63.23058866236873,37.3123532881746,40.99986191828197,58.49757766723633,51.61993130986917
77,Customer Support Representative,0,66.66666666666666,100.0,100.0,7.253936345700926,40.55377960205078,65.50449072549608,64.8787036802504,56.88061340687011,59.41704791234834,75.78400032193052,69.90755739433938
77,Market Research Analyst,0,33.33333333333333,100.0,100.0,1.016452437854893,31.615018844604492,51.56138735903557,61.37649337287524,39.45173419879447,43.013396892983025,60.48108175689099,55.08133474393517
77,Operations Manager,0,50.0,100.0,100.0,7.129304541212175,45.922183990478516,60.4577232797536,66.08880504577476,50.57215409969201,53.479674446768946,69.86862070420209,63.02281844844921
78,Accountant,1,0.0,8.333333333333332,100.0,1.3431129024408412,50.24184036254883,24.40440965641512,37.545245625254026,28.42217873718556,11.06401136048837,28.474050260057638,19.844863061215055
78,Business Analyst,0,0.0,8.333333333333332,100.0,0.127502245434593,35.534061431884766,22.015901218264574,33.87061725886858,25.43654318949738,8.254001433252435,25.878559860528682,19.630343533508068
78,Customer Support Representative,0,33.33333333333333,60.0,100.0,8.094304470438827,46.774444580078125,46.89697902424421,54.2004805501193,43.62122378030526,37.52585767558142,53.74450982785692,46.918602749685284
78,Market Research Analyst,0,0.0,12.5,100.0,0.15314123329324855,33.640438079833984,22.569036896969084,34.72159522610628,25.086296121211358,8.904749290551864,26.52478319055894,20.615260217639985
78,Operations Manager,0,25.0,5.0,100.0,2.4160662752783164,47.97481155395508,32.30863167438501,36.24404872982309,39.13578959298126,20.363096087511774,37.58379027422737,29.54401169563735
79,Accountant,1,100.0,100.0,100.0,3.819990146379024,42.369380950927734,76.92840566459601,64.50523948399386,71.16050708074502,72.8569478407012,89.82989075604608,83.02705708465511
79,Business Analyst,0,50.0,100.0,100.0,1.0455748372190545,40.677059173583984,58.75839510162046,63.47445400249301,48.447993877025574,51.48046482543583,68.94301044239718,61.94921908892101
79,Customer Support Representative,0,66.66666666666666,100.0,100.0,3.9319217810914395,35.234840393066406,64.208347659457,62.88463742480566,55.260434574321266,57.89217371700825,74.8453639909333,69.32131952999653
79,Market Research Analyst,0,66.66666666666666,100.0,100.0,1.2558258838998522,32.558319091796875,63.40545507968783,61.64941807131462,54.25681884960979,56.94759421139745,74.37303670247395,68.84906731284507
79,Operations Manager,0,75.0,100.0,100.0,5.031357181556095,42.6410026550293,68.4008539754878,64.84746765459663,60.50106746935976,62.82453408880919,79.58370635088752,72.94671009086284
80,Accountant,1,66.66666666666666,8.333333333333332,100.0,2.7127459010160986,39.69188690185547,46.36069492043074,35.426710133996,55.86753531720509,36.894935200506744,54.063274159150964,47.53754339429696
80,Business Analyst,0,50.0,8.333333333333332,100.0,1.2896496738135463,38.42338943481445,40.12362253296087,34.8055731276321,48.071194832867754,29.55720297995396,46.97667656692805,40.42366366792789
80,Customer Support Representative,0,66.66666666666666,60.0,100.0,1.1818206395652384,25.044540405273438,54.26728749005913,47.59069870265508,52.83410936257392,46.19680881183427,63.635311051910996,59.42424285796249
80,Market Research Analyst,0,66.66666666666666,12.5,100.0,1.548980889637402,32.16143798828125,45.88989616502112,34.70240435644277,54.2373702062764,36.34105431178956,53.71476356655943,48.312565255034045
80,Operations Manager,0,50.0,5.0,100.0,3.168068705947887,40.31391143798828,40.022297021590425,34.649687725523734,48.77787127698804,29.437996495988738,46.5259843714097,39.970835653990804
81,Accountant,1,66.66666666666666,8.333333333333332,100.0,2.962947562187061,46.538604736328125,47.42523284477728,37.06446078683684,57.19820772263826,38.147332758561504,55.27151848288144,47.581696628621245
81,Business Analyst,0,50.0,8.333333333333332,70.0,1.408596490983513,45.670257568359375,36.7284947755681,29.58229965472015,43.82728513612679,30.857052677138938,42.9614180022595,35.150536635663755
81,Customer Support Representative,0,33.33333333333333,60.0,100.0,4.395735156661291,35.00202178955078,44.57633020859848,50.63025160297201,40.7204127607481,34.79568259835115,51.66702345305798,46.26591404725396
81,Market Research Analyst,0,66.66666666666666,12.5,100.0,1.6918463130315309,36.1025390625,46.50249113966306,35.644858163584196,55.00311392457883,37.06175428195654,54.41025199142156,48.337776800338894
81,Operations Manager,0,75.0,5.0,100.0,4.638090442588124,43.15828323364258,49.41945605143461,35.64531700220708,60.52432006429326,40.49347770757013,57.32204998240751,50.5243689016332
82,Accountant,1,100.0,60.0,100.0,3.758103405848519,51.51634216308594,70.29116683534016,54.29410282360025,72.86395854417522,65.04843157098844,82.0322956758387,73.6043711892674
82,Business Analyst,0,50.0,60.0,100.0,1.0286357310494911,43.299251556396484,51.149183093116896,51.767973989410606,48.93647886639612,42.528450697784585,59.99398556877585,52.53446512900874
82,Customer Support Representative,0,33.33333333333333,100.0,100.0,7.234991058372442,45.13615417480469,54.522338451643236,65.9318027461178,43.15292306455405,46.4968687666391,62.86716446222044,56.1787239122618
82,Market Research Analyst,0,66.66666666666666,100.0,100.0,1.235480551150219,32.384037017822266,63.376260968679205,61.60450405437827,54.22032621084901,56.91324819844613,74.3422810423608,68.8454769600069
82,Operations Manager,0,75.0,20.0,100.0,8.23225659461409,48.8104248046875,53.80640220989524,42.394464938300366,62.25800276236905,45.65459083517087,61.848898494944855,54.68804528140249
83,Accountant,1,33.33333333333333,100.0,100.0,2.7015313896558744,39.6759147644043,53.02328358977569,63.6255644970908,41.27910448721961,44.73327481150081,61.90359280156154,55.378701617782404
83,Business Analyst,0,25.0,100.0,100.0,0.8083835410515026,39.0779914855957,49.73295625399708,63.05070192922628,37.16619531749635,40.862301475290685,58.36670437981101,51.6132441543032
83,Customer Support Representative,0,33.33333333333333,100.0,100.0,6.031143154517148,37.17635726928711,53.1477917302373,63.81711548241636,41.43473966279663,44.879754976749766,61.46249442007027,55.96628016452263
83,Market Research Analyst,0,33.33333333333333,100.0,100.0,0.970938606050642,29.884126663208008,51.29492645705547,60.96655352367508,39.11865807131933,42.69991347888878,60.17563019546808,55.07330289126384
83,Operations Manager,0,50.0,100.0,100.0,7.227419603897846,44.777015686035156,60.30066529348995,65.84717737459992,50.37583161686244,53.294900345282294,69.66653217988856,63.040132871276086
84,Accountant,1,66.66666666666666,100.0,100.0,2.409767290724858,43.47075271606445,65.21541133435173,64.43396615541292,56.51926416793967,59.076954511002036,76.29876028322705,69.05270403169654
84,Business Analyst,0,25.0,100.0,100.0,0.5672945306289768,42.0616569519043,50.144342722379996,63.68360418827692,37.68042840297499,41.34628555574116,58.89323357974782,51.57069903481688
84,Customer Support Representative,0,66.66666666666666,100.0,100.0,4.046969410410551,40.89751434326172,65.07500589638417,64.21795778930898,56.34375737048022,58.91177164280491,75.84465939390893,69.34162205281754
84,Market Research Analyst,0,33.33333333333333,100.0,100.0,0.681369835997143,38.7028923034668,52.57430598758626,62.93482972449168,40.71788248448282,44.20506586774854,61.73188295551375,55.022202520077926
84,Operations Manager,0,50.0,80.0,100.0,2.8358976181073294,49.30738067626953,56.321491744156525,59.72537191408697,50.40186468019566,48.613519699007675,65.76012600169463,57.55927605025423
85,Accountant,1,66.66666666666666,60.0,100.0,2.722613699348982,42.903995513916016,57.17732471532308,52.067679049215,56.471655894153855,49.62038201802716,66.78697960049497,59.69614751557139
85,Business Analyst,0,50.0,60.0,100.0,1.1585816418182848,34.076019287109375,49.78519013933915,49.669523291291,47.23148767417394,40.923753105104886,58.36635634478401,52.55739676032088
85,Customer Support Representative,0,66.66666666666666,100.0,100.0,4.790101053681582,38.98337936401367,64.89935539598761,63.94772625023736,56.12419424498452,58.70512399527954,75.50687086815928,69.47276293104184
85,Market Research Analyst,0,66.66666666666666,100.0,100.0,1.3915568380322094,27.823606491088867,62.71560783270149,60.58811461441255,53.39450979087686,56.13600921494293,73.53749918470196,68.87301983416253
85,Operations Manager,0,75.0,20.0,100.0,3.7385803243004925,38.7681999206543,51.62601703674322,39.04002621037419,59.53252129592903,43.0894318079332,60.07674116246841,53.895043586641265
86,Accountant,1,66.66666666666666,100.0,100.0,2.910932832897559,34.00297164916992,63.87041900564345,62.36474718816941,54.838023757054316,57.49461059487464,74.62797538906919,69.14114500972701
86,Business Analyst,0,50.0,100.0,100.0,0.9272546544376472,41.11992645263672,58.807077166061156,63.54934948624793,48.508846457576446,51.53773784242489,69.02116349164177,61.928339056665465
86,Customer Support Representative,0,66.66666666666666,100.0,100.0,6.695277247622259,37.07910919189453,64.89949129926084,63.94793533219619,56.12436412407607,58.70528388148335,75.17082319072648,69.80897049467843
86,Market Research Analyst,0,66.66666666666666,100.0,100.0,10.299550193320483,44.470706939697266,66.548871903286,66.48544395377333,58.18608987910749,60.645731650924695,76.47522279327991,70.44501866156637
86,Operations Manager,0,75.0,100.0,100.0,3.6498931058275312,38.08452606201172,67.5101628751759,63.47717365411675,59.38770359396986,61.77666220608928,78.77962224623737,72.70292231279309
87,Accountant,1,66.66666666666666,8.333333333333332,100.0,2.911990053682723,46.75289535522461,47.4497328113361,37.10215304308118,57.22883268083679,38.176156248630704,55.309334474451404,47.57270412712048
87,Business Analyst,0,25.0,8.333333333333332,100.0,0.9591354849192715,36.142330169677734,30.981886514856214,34.20290233054803,36.64402481023694,18.80221942924261,36.28001904955097,30.07121998753477
87,Customer Support Representative,0,33.33333333333333,60.0,100.0,0.7433798646321723,25.60381317138672,42.6187456220695,47.61858300831205,38.27343202758687,32.492641908317054,50.00851604985256,45.62138076042528
87,Market Research Analyst,0,33.33333333333333,12.5,100.0,1.1520047396436202,26.998668670654297,33.389267678211354,33.41938617160721,38.61158459776419,21.63443256260159,39.07819643207625,34.51702044425083
87,Operations Manager,0,50.0,5.0,100.0,3.306183024982993,38.8436393737793,39.822473359814346,34.34226670740668,48.528091699767934,29.202909835075697,46.26652459537282,39.99520876911465
88,Accountant,1,66.66666666666666,100.0,100.0,2.2350887117019522,38.68576431274414,64.47146128700024,63.28942762102602,55.58932660875031,58.20171916117676,75.45435056499406,69.02187840010427
88,Business Analyst,0,50.0,100.0,70.0,0.9511201496680779,44.01251220703125,54.7445448535049,57.29929977462292,43.43068106688113,52.052405710005765,64.23750215418198,56.638432967588486
88,Customer Support Representative,0,66.66666666666666,100.0,100.0,6.867598957149233,38.686119079589844,65.1663910388442,64.35855031617055,56.45798879855524,59.01928357511081,75.45441317090801,69.83938020812437
88,Market Research Analyst,0,66.66666666666666,100.0,100.0,1.1423776282037958,36.14149856567383,63.925914762414976,62.450125275510224,54.90739345301873,57.55989972048821,75.00536249198166,68.82904703242812
88,Operations Manager,0,75.0,100.0,100.0,6.937190888595858,45.209503173828125,69.0720041093636,65.88000632209784,61.3400051367045,63.614122481604234,80.0369711483226,73.2830336862228
89,Accountant,1,66.66666666666666,60.0,100.0,2.7747052500633793,55.70094680786133,59.10468114202203,55.03284278259801,58.880851427527546,51.887860167084746,69.04526512295591,59.70534014216804
89,Business Analyst,0,25.0,60.0,100.0,0.6532062737041222,39.881107330322266,41.830147040603954,50.892533908621466,37.28768380075495,31.564878871298774,49.096665999468634,42.174095224771314
89,Customer Support Representative,0,66.66666666666666,100.0,100.0,5.123184056104208,45.510284423828125,65.92835360532318,65.53080041844592,57.41044200665397,59.91571012390962,76.65867764342065,69.53154228441053
89,Market Research Analyst,0,33.33333333333333,100.0,100.0,0.7845572759050123,36.69902801513672,52.28920446032292,62.49621199024039,40.361505575403655,43.86965230626226,61.37825984580844,55.04041206829696
89,Operations Manager,0,25.0,20.0,100.0,0.8173474786739389,46.95361328125,34.91564411398859,40.254837098443986,38.64455514248574,23.43016954586893,40.932990579044116,32.79129661388364
90,Accountant,1,66.66666666666666,100.0,100.0,3.1694242046525165,40.828643798828125,64.93304353385543,63.999554154649374,56.16630441731929,58.744757098653444,75.83250576842065,69.18676113415437
90,Business Analyst,0,50.0,100.0,100.0,1.1722841709248304,39.64037322998047,58.621898610135794,63.264459400208914,48.27737326266975,51.31988071780682,68.76006586411421,61.97157955957497
90,Customer Support Representative,0,66.66666666666666,100.0,100.0,5.629334843296509,37.87809753417969,64.85944818995476,63.88633054864836,56.074310237443456,58.65817434112325,75.31182113348268,69.62086301156212
90,Market Research Analyst,0,66.66666666666666,100.0,100.0,1.4080147615727758,30.703645706176758,63.15008240349576,61.25653703101912,53.937603004369706,56.64715576881854,74.04574139912923,68.87592417361088
90,Operations Manager,0,75.0,100.0,100.0,7.484803104237396,44.10161209106445,68.98796227929527,65.75071119891581,61.2349528491191,63.515249740347386,79.84146095724667,73.37967113604189
91,Accountant,1,66.66666666666666,100.0,100.0,2.3313469483510083,41.959373474121094,64.97694139670415,64.06708932826278,56.22117674588018,58.79640164318135,76.03204629935469,69.03886514774821
91,Business Analyst,0,25.0,100.0,100.0,0.5488332329385452,40.63187026977539,49.92710552540709,63.34939311601091,37.40888190675887,41.090712382831875,58.640918282901545,51.567441158753866
91,Customer Support Representative,0,66.66666666666666,100.0,100.0,7.517639971860223,43.05978012084961,65.9199463472398,65.51786617524073,57.39993293404976,59.905819232046824,76.2262357076009,69.95409332836749
91,Market Research Analyst,0,33.33333333333333,100.0,100.0,0.6591962194708614,38.73088836669922,52.57517935459217,62.93617336603924,40.71897419324023,44.20609335834374,61.73682343726065,55.018289528926225
91,Operations Manager,0,25.0,100.0,100.0,0.686747015779551,41.00357437133789,50.00354820806762,63.466997243180955,37.50443526008452,41.180644950667784,58.70651312435375,51.59177888513757
92,Accountant,1,100.0,100.0,100.0,3.239749207979544,43.128841400146484,76.9552885912189,64.54659783264448,71.19411073902364,72.88857481319872,89.96391318826115,82.92466162493757
92,Business Analyst,0,50.0,100.0,100.0,0.886756279718338,45.23763656616211,59.41865892688207,64.49024450289548,49.273323658602585,52.257245796331844,69.74781821755802,61.92119228465618
92,Customer Support Representative,0,33.33333333333333,100.0,100.0,6.237070676294743,41.02558898925781,53.75606561649955,64.75292146128136,42.19508202062444,45.59537131352888,62.14177060594746,56.00262031542456
92,Market Research Analyst,0,66.66666666666666,100.0,100.0,9.849711477307357,49.995296478271484,67.31008452667015,67.65654029744127,59.1376056583377,61.54127591372959,77.45015035891065,70.36563535874052
92,Operations Manager,0,75.0,80.0,100.0,2.861438037807999,41.029781341552734,63.83368290690411,57.82105062600632,59.79210363363014,57.451391655181304,74.5934908249799,67.85790083020142
93,Accountant,1,33.33333333333333,100.0,100.0,1.7047539646200365,45.38348388671875,53.72990234436748,64.71267027338587,42.16237793045936,45.56459099337351,62.91081088196997,55.20279971924668
93,Business Analyst,0,0.0,100.0,100.0,0.1125974504095417,30.040836334228516,39.52301506769571,60.80463856568571,24.40376883461964,28.850605961994955,46.4777946472168,41.196340726542864
93,Customer Support Representative,0,33.33333333333333,100.0,100.0,7.148094083390108,43.49089431762695,54.26251492681923,65.53207424638856,42.828143658524034,46.19119403155204,62.57682448742437,56.163389151970804
93,Market Research Analyst,0,0.0,100.0,100.0,0.13523928431706098,27.0237979888916,39.073855590981296,60.11362398612507,23.842319488726627,28.322183048213294,45.945376115686756,41.200336344291244
93,Operations Manager,0,0.0,100.0,100.0,0.14089154667096698,37.671165466308594,40.67180855194693,62.57201315684143,25.83976068993367,30.202127708172867,47.82432331758387,41.201333802353695
94,Accountant,1,33.33333333333333,100.0,100.0,3.460181455340931,46.45697021484375,54.15423941719437,65.3654965392734,42.692799271492966,46.0638110790522,63.10024964575674,55.512581041138596
94,Business Analyst,0,25.0,100.0,100.0,1.035395608675696,44.709022521972656,50.611662719597255,64.40255803014962,38.26457839949657,41.89607378776148,59.36041573917165,51.65330510741336
94,Customer Support Representative,0,0.0,100.0,100.0,7.079370228898569,41.564083099365234,42.29651799923957,65.07156615267625,27.870647499049465,32.11355058734067,48.511308782240924,42.425771216864455
94,Market Research Analyst,0,33.33333333333333,100.0,100.0,1.2435997493106898,34.44205856323242,52.01951541354813,62.08130576443302,40.02439426693517,43.55237107476251,60.979971119001796,55.121419563603844
94,Operations Manager,0,50.0,100.0,100.0,3.569055091141419,44.3098258972168,59.68183214825373,64.89512638192882,49.60229018531717,52.56686135088675,69.58408692303826,62.39453913373084
95,Accountant,1,33.33333333333333,60.0,100.0,1.6335323771062529,43.954280853271484,45.504838651223324,52.058726130087166,41.88104831402916,35.88804547202744,53.24683387606752,45.778466497920704
95,Business Analyst,0,25.0,60.0,100.0,0.4991827534686498,37.17015838623047,41.400401170954865,50.23138641685364,36.75050146369358,31.059295495241017,48.618263244628906,42.14691460355329
95,Customer Support Representative,0,66.66666666666666,100.0,100.0,9.611369087854808,49.29127502441406,67.16872995017366,67.43907171821589,58.96091243771708,61.37497641196901,77.32591127881817,70.32357493707241
95,Market Research Analyst,0,33.33333333333333,100.0,100.0,0.5995616959085183,33.05235290527344,51.71445385684396,61.611980292580455,39.64306732105495,43.193475125698775,60.73472894406786,55.00776578947405
95,Operations Manager,0,50.0,20.0,100.0,2.4954077734408067,44.00313949584961,43.47478209039356,39.96120321599009,49.343477612991954,33.49974363575713,50.70643638162052,43.38154254825426
96,Accountant,1,66.66666666666666,100.0,100.0,2.3854213989481363,44.9627571105957,65.43556010976491,64.77265657912551,56.79445013720614,59.33595307031166,76.56205517637963,69.04840769785359
96,Business Analyst,0,25.0,100.0,100.0,0.5615631509636547,35.41831970214844,49.14698242796681,62.14920373533356,36.43372803495852,40.172920503490374,57.720879947437965,51.56968761487594
96,Customer Support Representative,0,33.33333333333333,100.0,100.0,4.770727569444476,38.87073516845703,53.21288607735189,63.917260631823424,41.516107596689864,44.95633656159046,61.76150228462967,55.743853884803926
96,Market Research Analyst,0,33.33333333333333,100.0,100.0,11.22782516590289,51.259700775146484,56.039795557824064,68.26635214024216,45.04974444728009,48.28211242096949,63.94779033286898,56.88334169594364
96,Operations Manager,0,25.0,100.0,100.0,0.7026757764488983,34.048316955566406,48.9626489098023,61.86561370738815,36.20331113725287,39.95605754094388,57.47911475686467,51.59458984290275
97,Accountant,1,66.66666666666666,8.333333333333332,100.0,2.543832706433367,54.02562713623047,48.48541897639957,38.69551637394807,58.52344038716613,39.394610560470085,56.59275772992302,47.50773518348824
97,Business Analyst,0,25.0,8.333333333333332,100.0,0.598855493951315,39.25403594970703,31.394600383215415,34.837846743408335,37.159917145685945,19.287765156724024,36.8291435989679,30.00764116559925
97,Customer Support Representative,0,66.66666666666666,60.0,100.0,4.69690363064623,40.156097412109375,57.06128348974667,51.88915408678976,56.326604362183346,49.483862929113734,66.30205640605851,60.04455162109443
97,Market Research Analyst,0,33.33333333333333,12.5,100.0,0.7192772848474086,35.985015869140625,34.672310639764866,35.393298420151076,40.215388299706085,23.14389487031161,40.66402240827972,34.44065677575738
97,Operations Manager,0,50.0,5.0,100.0,2.9936704431189796,44.5186882019043,40.626853796753494,35.579775071928445,49.533567245941875,30.14923976088646,47.268003800336054,39.940059489962174
98,Accountant,1,100.0,100.0,100.0,2.9700249602778137,45.32888412475586,77.24483636275505,64.99205594270008,71.55604545344382,73.22921925030006,90.35215602201575,82.87706322828433
98,Business Analyst,0,50.0,100.0,70.0,1.1906693348109547,45.80220413208008,55.04893102003365,57.76758618466716,43.811163775042075,52.41050708239253,64.55333014095531,56.680706353201934
98,Customer Support Representative,0,33.33333333333333,100.0,100.0,6.028913334156167,38.617469787597656,53.363624134929736,64.14916533578933,41.704530168662174,45.13367545285851,61.71680839388978,55.965886666811876
98,Market Research Analyst,0,66.66666666666666,100.0,100.0,1.4300969348099826,32.68314743041992,63.45031998811782,61.71844100736075,54.312899985147276,57.0003764566092,74.3950652328192,68.87982102771157
98,Operations Manager,0,75.0,100.0,100.0,4.071193999480078,44.027442932128906,68.46479553974135,64.94583929190976,60.58099442467669,62.899759458519235,79.82837228214039,72.77726952932001
99,Accountant,1,66.66666666666666,100.0,100.0,3.8624792728949755,43.52298355102539,65.44115275692138,64.78126065167393,56.801440946151736,59.34253265520163,76.30797748939663,69.30906496972656
99,Business Analyst,0,25.0,100.0,100.0,0.5797995304658342,41.84642028808594,50.11393297278276,63.636819958127326,37.642416215978464,41.31050937974443,58.85525063907399,51.572905799493974
99,Customer Support Representative,0,33.33333333333333,100.0,100.0,3.597446388279564,35.65618896484375,52.554711969635164,62.90468508149,40.69338996204396,44.182014081923725,61.19422942516851,55.53680426459835
99,Market Research Analyst,0,33.33333333333333,100.0,100.0,0.6963894232273193,32.09518051147461,51.58540215687195,61.413439215700436,39.48175269608995,43.04164959631995,60.5658161686916,55.02485303547149
99,Operations Manager,0,50.0,80.0,100.0,3.5540263122638573,41.88985061645508,55.31658153930784,58.17935621431975,49.145726924134806,47.431272399185694,64.4511501087862,57.68600464334069
100,Accountant,1,33.33333333333333,60.0,100.0,2.0128071832430763,44.97339630126953,45.71459718934356,52.38143157334906,42.14324648667945,36.13482022275713,53.42667777865541,45.845397346062505
100,Business Analyst,0,25.0,60.0,100.0,0.7917043744782791,37.62922286987305,41.5131390866527,50.404829364081074,36.891423858315875,31.191928337238473,48.699274624095246,42.19853606608441
100,Customer Support Representative,0,66.66666666666666,100.0,100.0,4.736036661720058,41.380794525146484,65.2508580113633,64.48849950466152,56.56357251420415,59.11865648395684,75.92994413188859,69.46322215598981
100,Market Research Analyst,0,33.33333333333333,100.0,100.0,0.9509054832564456,30.014116287231445,51.31141993223984,60.991928100881815,39.139274915299815,42.719317567340994,60.19856954088397,55.069767634300156
100,Operations Manager,0,50.0,20.0,100.0,9.71132519020488,50.75416564941406,45.56982362594284,43.18434403991206,51.96227953242855,35.96449838346217,51.8977939381319,44.65493973944792
101,Accountant,1,66.66666666666666,60.0,100.0,3.5765912751512343,44.08768844604492,57.48297529151275,52.53791070489142,56.85371911439094,49.979970931191474,66.99586658851773,59.84684944071296
101,Business Analyst,0,50.0,60.0,100.0,1.3228842423721343,42.71795654296875,51.10612611780113,51.70173248892482,48.88265764725142,42.47779543270722,59.89140409581802,52.5863913368892
101,Customer Support Representative,0,66.66666666666666,100.0,100.0,4.692393176944602,38.44847869873047,64.80446411468459,63.80173966361731,56.005580143355736,58.59348719374657,75.41247663310929,69.45552036455885
101,Market Research Analyst,0,66.66666666666666,100.0,100.0,11.552978496640556,41.90898895263672,66.35262845072492,66.18353094983321,57.94078556340616,60.41485700085285,76.02315491321039,70.66621189156402
101,Operations Manager,0,75.0,20.0,100.0,4.355865430924493,39.373382568359375,51.80938719989258,39.322134153680885,59.76173399986573,43.30516141163832,60.18353810029872,54.00397625251609
102,Accountant,1,66.66666666666666,100.0,100.0,3.2217415663451083,48.89942932128906,66.15150896647846,65.87411635868482,57.68938620809808,60.178245842915835,77.25676203709023,69.19599360974718
102,Business Analyst,0,25.0,100.0,100.0,0.787749171491648,37.61627960205078,49.51060431603137,62.70862202466364,36.88825539503921,40.600710960036906,58.10875522389132,51.60960279496912
102,Customer Support Representative,0,66.66666666666666,100.0,100.0,1.476769668252056,32.49079895019531,63.42846862610043,61.684823527334004,54.285585782625546,56.97466897188286,74.36112138336779,68.88805739243664
102,Market Research Analyst,0,33.33333333333333,100.0,100.0,0.9461549421092427,31.648338317871094,51.555840655663715,61.36795998307238,39.44480081957965,43.006871359604375,60.48696166393804,55.06892930350947
102,Operations Manager,0,25.0,100.0,100.0,1.8047119187484393,45.706748962402344,50.87671913217262,64.81033712641941,38.59589891521578,42.20790486137955,59.53648511101218,51.7890668091909
103,Accountant,1,33.33333333333333,60.0,100.0,2.0157534279822977,47.042938232421875,46.02547041572729,52.85969807547789,42.53183801965912,36.500553430267395,53.79189106062346,45.84591727160472
103,Business Analyst,0,25.0,60.0,70.0,0.6159837176148135,40.56779861450195,37.427567349817515,44.119334384334636,31.784459187271896,31.679490999785312,43.92372916726505,36.87340889134379
103,Customer Support Representative,0,66.66666666666666,100.0,100.0,1.8453305757587815,37.63182067871094,64.25490602150379,62.956265674108394,55.31863252687974,57.94694826059269,75.26836051192937,68.95309755258488
103,Market Research Analyst,0,33.33333333333333,100.0,100.0,12.315903339729012,58.19071578979492,57.24265953609526,70.11691210681322,46.55332442011907,49.69724651305325,65.17091062957165,57.07535549132473
103,Operations Manager,0,50.0,20.0,100.0,3.0792941995050485,40.979915618896484,43.10888147276023,39.398279188861885,48.886101840950296,33.069272320894385,50.172926285687616,43.48458132932443
104,Accountant,1,33.33333333333333,60.0,100.0,1.6006438043757825,46.81047058105469,45.928333824481236,52.71025716586857,42.41041728060155,36.38627508762498,53.75086735744102,45.772662632144744
104,Business Analyst,0,0.0,60.0,100.0,0.10572106892076505,41.10573959350586,33.181719099363995,51.048798614406145,26.477148874204993,21.39025776395764,39.018659928265734,31.783362541574256
104,Customer Support Representative,0,33.33333333333333,100.0,100.0,6.711556473912474,41.4375114440918,53.8890268543673,64.95747721184713,42.36128356795913,45.75179629925565,62.214462803859334,56.08635310323945
104,Market Research Analyst,0,0.0,100.0,100.0,0.12698015493312925,36.86890411376953,40.5493826403054,62.38366560046985,25.686728300381752,30.058097223888705,47.68274778478286,41.19887885087056
104,Operations Manager,0,25.0,20.0,100.0,2.0033302812448652,44.601295471191406,34.74069386286544,39.985682865946835,38.4258673285818,23.224345721018167,40.517875671386726,33.000587696690275
105,Accountant,1,0.0,100.0,100.0,1.056976721916305,41.58992004394531,41.39703451487924,63.68774540750652,26.746293143599054,31.055334723387347,48.51586824304917,41.36299589210287
105,Business Analyst,0,0.0,100.0,100.0,0.10033922328607828,40.8342170715332,41.14018344422289,63.292589914189065,26.425229305278616,30.753156993203405,48.382508894976446,41.19417750999166
105,Customer Support Representative,0,33.33333333333333,100.0,100.0,6.369897415034148,43.3864860534668,54.130124186941806,65.32839618503868,42.66265523367726,46.03544021993154,62.5583994996314,56.026060328143274
105,Market Research Analyst,0,0.0,100.0,100.0,9.025216993440448,43.15104675292969,42.82643956195552,65.88683009531618,28.533049452444402,32.73698771994767,48.791361191693476,42.769155940018905
105,Operations Manager,0,25.0,80.0,100.0,2.6885954677614032,43.48366928100586,46.67583971231509,58.34744571125398,38.344799640393866,37.26569377919422,54.43829457900103,47.23916390607555
106,Accountant,1,33.33333333333333,8.333333333333332,100.0,2.107719202219778,44.22140884399414,35.28270254026542,36.33236288245962,42.02004484199845,23.86200298854755,41.13711136462641,33.70528378078388
106,Business Analyst,0,25.0,8.333333333333332,100.0,0.8290364454486089,41.63582992553711,31.786396622314523,35.440610188176194,37.64966244455983,19.748701908605323,37.24946018293792,30.04826133351054
106,Customer Support Representative,0,66.66666666666666,60.0,100.0,4.591366596944398,38.653446197509766,56.820055252501454,51.51803372179712,56.02506906562682,49.200065002942885,66.03688266230564,60.02592743867646
106,Market Research Analyst,0,33.33333333333333,12.5,100.0,10.745299272484052,45.33838653564453,37.579219537885955,39.86546595572199,43.849024422357445,26.56378769163053,42.31461723178041,36.20995477357562
106,Operations Manager,0,25.0,5.0,100.0,1.0373612068569278,39.488624572753906,30.828897866941624,33.967535179910186,37.286122333677035,18.622232784637205,36.0862278657801,29.300710801210048
107,Accountant,1,33.33333333333333,60.0,100.0,2.2283484724546043,42.40656661987305,45.361903930515815,51.838826559767924,41.702379913144775,35.71988697707743,52.97370783487956,45.883434044158655
107,Business Analyst,0,25.0,60.0,100.0,0.5028395986273789,46.72797775268555,42.83462260269694,52.43788092722606,38.54327825337118,32.746614826702285,50.30493725047392,42.14755992916954
107,Customer Support Representative,0,33.33333333333333,100.0,100.0,6.096622252110372,42.41332244873047,53.94315837179279,65.0407564694248,42.42894796474099,45.81548043740329,62.38666474585439,55.97783529939203
107,Market Research Analyst,0,33.33333333333333,100.0,100.0,9.126633940001257,47.912025451660156,55.222465575415875,67.0089213980757,44.02808196926985,47.320547735783386,63.357024099312575,56.512543244313946
107,Operations Manager,0,50.0,20.0,100.0,2.3288079676195443,41.637516021728516,43.09494859840221,39.376843997541854,48.86868574800277,33.0528807040026,50.28897341559915,43.352142582521104
108,Accountant,1,66.66666666666666,8.333333333333332,100.0,3.140586554042641,48.204891204833984,47.70182166383149,37.48998204692025,57.54394374645602,38.47273136921352,55.565569036147174,47.61304468600752
108,Business Analyst,0,50.0,8.333333333333332,70.0,1.000409032798461,42.76835250854492,36.231980897868176,28.81843215056642,43.2066427890019,30.272918703374323,42.449317109351064,35.07850355480757
108,Customer Support Representative,0,66.66666666666666,60.0,100.0,7.597560925484438,43.81589126586914,58.04535116203636,53.40310435185082,57.55668895254546,50.64158960239572,66.9479023802514,60.556432320183525
108,Market Research Analyst,0,66.66666666666666,12.5,100.0,1.2015778432627986,34.32759094238281,46.162708651180175,35.12211587361052,54.578385813975224,36.662010177859024,54.09702585257736,48.251258835085586
108,Operations Manager,0,75.0,5.0,100.0,8.00635600045123,45.85407257080078,50.3290642856878,37.04471428567354,61.661330357109755,41.56360504198565,57.79777751249426,51.11876870596198
109,Accountant,1,33.33333333333333,100.0,100.0,2.1144301360867397,55.1254997253418,55.25265614588094,67.05536842956042,44.06582018235119,47.356066053977585,64.62999014760933,55.27509551421138
109,Business Analyst,0,0.0,100.0,70.0,0.42843493601078514,46.77680206298828,37.58078554984986,57.81659315361516,21.975981937312326,31.85974770570572,44.13708271699793,35.95795910635484
109,Customer Support Representative,0,33.33333333333333,100.0,100.0,4.54791017548764,41.937034606933594,53.63940838402985,64.57344879594336,42.04926048003731,45.458127510623356,62.302613950243185,55.70453316822331
109,Market Research Analyst,0,0.0,100.0,100.0,0.5145874432483097,36.96617889404297,40.6221149505937,62.49556146245184,25.777643688242115,30.143664647757284,47.699913922478174,41.26728013704383
109,Operations Manager,0,25.0,80.0,100.0,2.518932117097936,50.65363693237305,47.72588535742065,59.96290054987792,39.657356696775814,38.50104159696547,55.70358298806584,47.209223314781994
110,Accountant,1,100.0,8.333333333333332,100.0,3.419381263367828,54.456382751464844,60.34803126889156,38.9969711829101,73.35170575278113,53.350625022225366,70.39426362280751,61.38773394843746
110,Business Analyst,0,50.0,8.333333333333332,100.0,1.37081420822079,41.16156005859375,40.546522806688856,35.45618893336746,48.59982017502774,30.054732713751587,47.45988314759499,40.43798682105858
110,Customer Support Representative,0,66.66666666666666,60.0,100.0,5.25212207936622,38.073158264160156,56.83212538486229,51.53660315619839,56.040156731077865,49.21426515866152,65.93447890936159,60.14253134733914
110,Market Research Analyst,0,66.66666666666666,12.5,100.0,1.6464665210192735,32.50651931762695,45.95628120913026,34.80453519353374,54.32035151141283,36.41915436368266,53.77566027173808,48.32976860174849
110,Operations Manager,0,50.0,5.0,100.0,1.7152798157710096,38.565582275390625,39.542129313674245,33.91096817488345,48.17766164209281,28.873093310204993,46.21745569565717,39.71446114395959
111,Accountant,1,100.0,100.0,100.0,3.379822492630482,44.95646667480469,77.25044337511527,65.00068211556196,71.5630542188941,73.23581573542974,90.28643529555377,82.94938043987597
111,Business Analyst,0,50.0,100.0,70.0,0.9250959340591929,46.456687927246094,55.1072675791958,57.85733473722429,43.88408447399475,52.479138328465645,64.66882728127872,56.633840458951624
111,Customer Support Representative,0,66.66666666666666,100.0,100.0,5.842723138147806,42.200809478759766,65.53986322586947,64.93312291159404,56.92482903233683,59.458662618669955,76.07465265311447,69.65851976947705
111,Market Research Analyst,0,66.66666666666666,100.0,100.0,1.111120292615314,35.85456466674805,63.87818607723783,62.376696529083844,54.84773259654729,57.50374832616215,74.95472709805357,68.82353103203015
111,Operations Manager,0,75.0,80.0,100.0,4.451606815478403,44.540767669677734,64.59885617277342,58.998240265805265,60.74857021596679,58.3515954973805,75.21307664759019,68.13851884979032
112,Accountant,1,66.66666666666666,8.333333333333332,100.0,2.5306110384462324,46.8165397644043,47.40207262042758,37.02882967245269,57.16925744220114,38.12008543579715,55.32056584077723,47.505401947961104
112,Business Analyst,0,50.0,8.333333333333332,70.0,1.2030620704499866,42.989742279052734,36.29558731909208,28.916288183218576,43.28615081553176,30.347749787167153,42.48838589238186,35.11426585556961
112,Customer Support Representative,0,33.33333333333333,60.0,100.0,4.096360003289588,35.66075134277344,44.63023336857612,50.713179541399164,40.78779171072016,34.85909808067779,51.78326984480316,46.21308313783542
112,Market Research Analyst,0,66.66666666666666,12.5,100.0,1.4449816830210414,33.001529693603516,46.000310039827006,34.87227185614413,54.37538754978376,36.47095298803178,53.86301504396924,48.29421245386645
112,Operations Manager,0,75.0,5.0,100.0,7.03243992333137,46.28301239013672,50.24731784702021,36.91895053387725,61.55914730877527,41.46743276120025,57.87347277473001,50.94690116294083
113,Accountant,1,33.33333333333333,8.333333333333332,100.0,3.514112923864116,47.28351974487305,35.952978233643904,37.36355625688806,42.85788945872155,24.65056262781636,41.67748387654622,33.95347090813288
113,Business Analyst,0,25.0,8.333333333333332,100.0,0.7929797130072145,35.36400604248047,30.840214529989815,33.98494543075357,36.46693482915394,18.635546505870376,36.142667732986745,30.04189838072676
113,Customer Support Representative,0,33.33333333333333,60.0,100.0,6.147621594777566,37.45730972290039,45.20740636431836,51.60113799638722,41.50925795539795,35.538125134492184,52.1003095589432,46.57507047750977
113,Market Research Analyst,0,33.33333333333333,12.5,100.0,0.9524372752223191,28.326610565185547,33.558523842727844,33.679780270863354,38.82315480340981,21.833557462032758,39.31253911934647,34.48180265641178
113,Operations Manager,0,25.0,5.0,100.0,0.9922439436942904,30.937511444091797,29.539463308167914,31.98378970487371,35.674329135209895,17.10525095078578,34.577207901898554,29.29274893124017
114,Accountant,1,66.66666666666666,60.0,100.0,3.5405368266020747,52.909366607666016,58.80081884847354,54.56536233098494,58.50102356059193,51.53037511585122,68.55263332292145,59.84048689096899
114,Business Analyst,0,25.0,60.0,100.0,0.666611331225271,45.829647064208984,42.72443875931514,52.268367322023295,38.40554844914393,32.61698677566487,50.14640830544865,42.176460823157406
114,Customer Support Representative,0,33.33333333333333,100.0,100.0,7.655797824997437,43.672454833984375,54.36590456551394,65.6911352289958,42.95738070689242,46.312828900604636,62.60886457854627,56.252983929901504
114,Market Research Analyst,0,33.33333333333333,100.0,100.0,0.8006579103225355,35.78008270263672,52.15377775861055,62.28786321837521,40.192222198263195,43.71032677483594,61.216093025955495,55.04325335672358
114,Operations Manager,0,50.0,20.0,100.0,3.0872862513226016,42.1793212890625,43.28999113105777,39.67690943239656,49.11248891382221,33.282342507126785,50.384586109834565,43.48599169140987
115,Accountant,1,100.0,100.0,100.0,3.348111691259769,42.82560348510742,76.92605727645508,64.50162657916165,71.15757159556885,72.85418503112362,89.91040061501896,82.94378441610468
115,Business Analyst,0,50.0,100.0,100.0,1.0819302619038553,49.89841079711914,60.14705115885345,65.61084793669761,50.183813948566815,53.114177833945234,70.5703077877269,61.955634752100686
115,Customer Support Representative,0,33.33333333333333,100.0,100.0,7.580309004188002,43.057899475097656,54.262397938559516,65.53189426445054,42.8279974231994,46.191056398305314,62.50041363286037,56.239662373288084
115,Market Research Analyst,0,66.66666666666666,100.0,100.0,9.448685418027486,45.524723052978516,66.57934460398423,66.53232503177061,58.22418075498029,60.68158188704027,76.66122563680013,70.2948660541617
115,Operations Manager,0,75.0,80.0,100.0,2.978934135827576,40.598690032958984,63.78664362531798,57.74868250048921,59.73330453164748,57.39605132390351,74.51741588816923,67.87863543573428
116,Accountant,1,100.0,100.0,100.0,2.8978669148308684,46.2081184387207,77.36589780303272,65.17830431235805,71.70737225379092,73.37164447415617,90.50731501859777,82.86432945555838
116,Business Analyst,0,50.0,100.0,70.0,1.0117773893357185,51.5401725769043,55.882792494936,59.050449992209224,44.85349061867,53.39152058227764,65.565912807689,56.649137186353364
116,Customer Support Representative,0,66.66666666666666,100.0,100.0,3.804825262748246,39.31766891479492,64.8017074599648,63.79749865635611,56.00213432495601,58.59024407054683,75.56586314182654,69.29889073264184
116,Market Research Analyst,0,66.66666666666666,100.0,100.0,11.238392771670618,52.248416900634766,67.85635478417913,68.49695607822431,59.82044348022392,62.18394680491663,77.84775984521006,70.61069676362814
116,Operations Manager,0,50.0,80.0,100.0,2.869880886160393,42.48384094238281,55.303058274281476,58.15855119120228,49.12882284285185,47.41536267562527,64.55597193100873,57.565273097557714
117,Accountant,1,100.0,100.0,100.0,4.142753749570412,46.583072662353516,77.60887396178859,65.55211378736706,72.01109245223574,73.65749877857482,90.57348341100356,83.08401536757125
117,Business Analyst,0,50.0,100.0,100.0,1.3387159875749015,40.87109375,58.83147146063624,63.58687917020959,48.539339325795304,51.56643701251322,68.9772518382353,62.00094988016028
117,Customer Support Representative,0,33.33333333333333,100.0,100.0,4.558254110043544,37.0687370300293,52.910715337677594,63.45238257078604,41.138394172096994,44.60084157373835,61.44350261314243,55.70635856843906
117,Market Research Analyst,0,66.66666666666666,100.0,100.0,1.6079137796187166,31.413331985473633,63.28652019809718,61.46644133040592,54.10815024762148,56.8076708212908,74.17098015429926,68.9112004709131
117,Operations Manager,0,75.0,100.0,100.0,7.825398197037659,47.44864273071289,69.54110613916258,66.60170175255783,61.926382673953235,64.16600722254422,80.43211342306698,73.43977615241842
118,Accountant,1,66.66666666666666,8.333333333333332,100.0,4.109982630593301,41.7422981262207,46.8778421135221,36.22232120029041,56.51396930856929,37.503343662967175,54.425111434038946,47.78411458186941
118,Business Analyst,0,25.0,8.333333333333332,100.0,0.8579075965258208,37.782798767089844,31.212772621209012,34.55811172493695,36.93263244317794,19.073850142598843,36.56951350791781,30.053356242524163
118,Customer Support Representative,0,33.33333333333333,60.0,100.0,3.9641199583706355,31.009037017822266,43.9126402130956,49.60919007142913,39.8908002663695,34.014870838936,50.96237908157647,46.18974665932031
118,Market Research Analyst,0,33.33333333333333,12.5,100.0,1.0304212834511035,30.246183395385742,33.85815736849219,34.14075492588543,39.19769671061525,22.186067492343753,39.65128726585238,34.49556454021686
118,Operations Manager,0,25.0,5.0,100.0,4.951325631298125,39.998966217041016,31.49254377725087,34.98852888807826,38.11567972156359,19.40299267911867,36.17628815594841,29.991410405523197
119,Accountant,1,66.66666666666666,60.0,100.0,3.2262323715766748,45.155792236328125,57.59063702451905,52.70354414028572,56.98829628064881,50.10663179355182,67.18435549268536,59.785021398905684
119,Business Analyst,0,50.0,60.0,100.0,1.193295973247375,42.814666748046875,51.10119440819413,51.694145243375594,48.87649301024267,42.47199342140487,59.90847060259651,52.56352281880836
119,Customer Support Representative,0,66.66666666666666,100.0,100.0,1.432772336617864,32.400936126708984,63.40838960283236,61.653932722306195,54.260487003540455,56.95104659156748,74.34526323804668,68.88029315744237
119,Market Research Analyst,0,66.66666666666666,100.0,100.0,10.421261571862143,42.67961502075195,66.29846482222544,66.10020229060325,57.87308102778181,60.351135084971105,76.15914774876015,70.46649714013253
119,Operations Manager,0,75.0,20.0,100.0,7.618959315802833,44.600547790527344,53.08292606594953,41.28142471684543,61.35365758243692,44.80344243052886,61.10597902185777,54.57981634984756
120,Accountant,0,33.33333333333333,8.333333333333332,100.0,0.6845513453065142,33.32532501220703,33.43481478696036,33.48945864660569,39.710185150367124,21.688017396423955,39.214273041369864,33.45413651191683
120,Business Analyst,1,25.0,8.333333333333332,100.0,0.5179745656207488,35.830116271972656,30.868880292305676,34.0290466035472,36.502767032048766,18.669270932124327,36.22492247936772,29.99336806059974
120,Customer Support Representative,0,66.66666666666666,60.0,100.0,7.462366940970937,46.33785629272461,58.40336681838766,53.95389766931435,58.00420852298458,51.06278449222078,67.39295503204944,60.53257455821055
120,Market Research Analyst,0,33.33333333333333,12.5,100.0,0.6221322889124177,37.519996643066406,34.887986006463485,35.725106676610494,40.48498250807936,23.3976305958394,40.93490136838427,34.42351354118062
120,Operations Manager,0,25.0,5.0,100.0,1.508714207354019,44.751888275146484,31.689090372375073,35.29090826519242,38.36136296546884,19.634223967500088,37.01503910737879,29.38389074247424
121,Accountant,0,33.33333333333333,100.0,100.0,1.349721983320492,39.82300567626953,52.84257581560517,63.34755253682847,41.05321976950646,44.520677430123726,61.92955002130247,55.1401470166644
121,Business Analyst,1,0.0,100.0,100.0,0.12812964812790562,34.80733108520508,40.240319109999945,61.90818324615376,25.300398887499938,29.694493070588177,47.31894077974207,41.199081702610805
121,Customer Support Representative,0,33.33333333333333,100.0,100.0,3.7334379117487098,38.424041748046875,52.990288615636004,63.57480299841437,41.23786076954501,44.69445719486589,61.68267403396906,55.56080276873997
121,Market Research Analyst,0,0.0,100.0,100.0,0.15389479823555924,31.849905014038086,39.80056997184104,61.23164611052468,24.75071246480131,29.177141143342407,46.797042061300836,41.20362849380627
121,Operations Manager,0,25.0,100.0,100.0,3.433241557594825,47.35063934326172,51.36758213512848,65.56551097712074,39.2094776689106,42.78539074720998,59.82658341351678,52.07645439251673
122,Accountant,0,66.66666666666666,60.0,100.0,2.5398285798908047,47.43183135986328,57.829082324296444,53.07038306302017,57.286352905370556,50.38715567564287,67.58600945566215,59.66389131801994
122,Business Analyst,1,25.0,60.0,70.0,0.5731268692853224,48.26227569580078,38.575310384762915,45.885092899635254,33.21913798095365,33.02977692325049,45.281578063964844,36.86584591810918
122,Customer Support Representative,0,33.33333333333333,100.0,100.0,6.948812372982031,41.18848419189453,53.88726115139815,64.95476074574074,42.35907643924769,45.749719001644884,62.17051681817746,56.12822179131056
122,Market Research Analyst,0,33.33333333333333,100.0,100.0,0.6883749795675347,38.89138412475586,52.60363053231517,62.97994440869001,40.75453816539397,44.2395653321355,61.765146218094166,55.02343872188447
122,Operations Manager,0,50.0,20.0,100.0,2.654330373526456,45.481021881103516,43.7203028381945,40.33892744337614,49.65037854774313,33.78859157434647,50.96723915548886,43.40958771297526
123,Accountant,0,100.0,60.0,100.0,2.1448857808277952,44.18790054321289,68.9499179486061,52.23064299785553,71.18739743575763,63.47049170424247,80.73904127233169,73.31968572602844
123,Business Analyst,1,50.0,60.0,100.0,0.9127351743137002,44.558753967285156,51.32072337123983,52.031882109599735,49.15090421404979,42.73026278969392,60.21625070010915,52.514012089584774
123,Customer Support Representative,0,33.33333333333333,100.0,100.0,3.26172995125857,36.9852409362793,52.703712299797346,63.13391635866258,40.879640374746685,44.357308587996876,61.42876800836301,55.477560187477
123,Market Research Analyst,0,66.66666666666666,100.0,100.0,1.0962739502202121,36.80459213256836,64.01846324575162,62.592507557566584,55.02307905718952,57.668780289119546,75.12237900378656,68.82091108925454
123,Operations Manager,0,75.0,20.0,100.0,3.7446535136366843,48.88905715942383,53.14505660095907,41.377010155321656,61.43132075119885,44.87653717759891,61.862774792839495,53.89611532593589
124,Accountant,0,0.0,100.0,100.0,0.13191209885062466,32.17699432373047,39.84633596338716,61.30205532828794,24.807919954233956,29.230983486337838,46.85476370418773,41.19974919391481
124,Business Analyst,1,0.0,100.0,70.0,0.09981298345368012,36.85048294067383,36.04254438861913,55.450068290183275,20.05318048577391,30.050052221904856,42.38537934247185,35.899966997080064
124,Customer Support Representative,0,33.33333333333333,100.0,100.0,6.336489803949459,44.301448822021484,54.262357460562306,65.53183199060868,42.82794682570289,46.191008777132126,62.71986351761163,56.02016486736363
124,Market Research Analyst,0,0.0,100.0,100.0,0.11988403288643606,35.94904708862305,40.41033966822643,62.16975333573296,25.51292458528303,29.894517256736965,47.5204200744629,41.19762659403879
124,Operations Manager,0,25.0,100.0,100.0,2.674494840090534,49.25080108642578,51.53879438897745,65.82891444458069,39.42349298622181,42.98681692820877,60.16190607407514,51.942557912957156
125,Accountant,0,66.66666666666666,100.0,100.0,1.3670634298763118,35.28203582763672,63.83069822196028,62.30363829019531,54.788372777450355,57.44788026112975,74.85369259703393,68.86869746801739
125,Business Analyst,1,50.0,100.0,100.0,1.0344060984192989,43.852691650390625,59.23306466232149,64.20471486510998,49.04133082790187,52.03889960273116,69.50341617359835,61.94724813501517
125,Customer Support Representative,0,66.66666666666666,100.0,100.0,4.276703136946548,35.43144607543945,64.28955571519123,63.009572895165995,55.36194464398904,57.98771260610733,74.88005911135205,69.38216329867683
125,Market Research Analyst,0,66.66666666666666,100.0,100.0,1.2424112618412773,38.92886734008789,64.3590251236227,63.11644890813749,55.44878140452838,58.06944132190906,75.49725109923119,68.84670002659944
125,Operations Manager,0,75.0,80.0,100.0,4.071666471748548,45.034664154052734,64.6159495938702,59.02453783672337,60.769936992337755,58.371705404553175,75.3002348507152,68.07147055383798
126,Accountant,0,66.66666666666666,100.0,100.0,2.0856307144360855,40.707645416259766,64.75232475293771,63.7215252609298,55.94040594117213,58.53214676816201,75.81115311267328,68.99550345941029
126,Business Analyst,1,25.0,100.0,100.0,0.8203483045528759,46.35257339477539,50.82593825489924,64.73221269984498,38.53242281862405,42.14816265282264,59.65045412848978,51.61535558315639
126,Customer Support Representative,0,33.33333333333333,100.0,100.0,6.485477441257725,38.8673210144043,53.46958643501597,64.31218425899893,41.83698304376996,45.25833698237173,61.76089978685566,56.046456803359206
126,Market Research Analyst,0,33.33333333333333,100.0,100.0,0.9853093226793329,43.60912322998047,53.355831549565636,64.1371767429215,41.694789436957045,45.124507705371336,62.59768841313381,55.07583890008067
126,Operations Manager,0,50.0,100.0,100.0,2.9503924418437886,46.089256286621094,59.85594730926974,65.16299586041498,49.81993413658718,52.77170271678793,69.8981040505802,62.28536337209008
127,Accountant,0,100.0,8.333333333333332,100.0,2.6937946712402296,46.591697692871094,59.05949052128336,37.01460080197441,71.74102981827087,51.8346947309216,69.00637802423215,61.259689255709056
127,Business Analyst,1,50.0,8.333333333333332,70.0,1.280640187414669,50.20491027832031,37.389499236526916,30.599229594656787,44.65354071232531,31.634704984149312,43.76165083342907,35.12795611150455
127,Customer Support Representative,0,33.33333333333333,60.0,100.0,6.484477660110738,39.80856704711914,45.61062337275115,52.221471855514594,42.01327921593894,36.012498085589584,52.51523732204063,46.63451566550974
127,Market Research Analyst,0,66.66666666666666,12.5,100.0,1.538159716616017,41.74370193481445,47.3256125810479,36.9111988426378,56.03201572630988,38.030132448291646,55.405751321829996,48.310655636265565
127,Operations Manager,0,50.0,5.0,100.0,1.6024463793592225,43.43556594848633,40.25570184917683,35.008772075656665,49.069627311471045,29.712590410796277,47.07686457914465,39.694549361063395
128,Accountant,0,66.66666666666666,100.0,100.0,1.2307820922802346,31.568490982055664,63.25322429448371,61.415216863308274,54.06653036810464,56.768499169980835,74.19836115369608,68.8446478202063
128,Business Analyst,1,50.0,100.0,100.0,0.9312870743643025,39.006591796875,58.490681830685894,63.06258743182445,48.11335228835737,51.16550803610105,68.64822208180146,61.929050660181936
128,Customer Support Representative,0,66.66666666666666,100.0,100.0,4.692930735405456,33.365177154541016,64.0420495168253,62.62879412844919,55.052561896031634,57.69652884332388,74.5154234194288,69.45561522781665
128,Market Research Analyst,0,66.66666666666666,100.0,100.0,1.1185563880235507,35.01454162597656,63.753298035433346,62.18456108015387,54.69162254429169,57.35682121815688,74.80648773791744,68.824843284161
128,Operations Manager,0,75.0,100.0,100.0,4.48139888499586,43.37141799926758,68.42792253263951,64.88911158867619,60.534903165799406,62.85637945016414,79.71260317634135,72.84965862676398
129,Accountant,0,66.66666666666666,60.0,100.0,1.4859037544041975,34.64790725708008,55.75340498505597,49.877033310342526,54.69175623131997,47.945182335359966,65.33002284928864,59.47790458411054
129,Business Analyst,1,50.0,60.0,100.0,1.1243281559794926,39.9761962890625,50.6650786667563,51.023197948855845,48.33134833344538,41.958916078536824,59.40756405101103,52.551352027525795
129,Customer Support Representative,0,66.66666666666666,100.0,100.0,5.665701055154849,34.16566848754883,64.30803876473888,63.03800835600854,55.38504845592361,58.00945737028104,74.65668659584195,69.62728057836065
129,Market Research Analyst,0,66.66666666666666,100.0,100.0,1.3504154365763708,35.30858612060547,63.8321835669106,62.30592343627272,54.79022945863826,57.44962772577718,74.85837794285194,68.8657595868468
129,Operations Manager,0,50.0,20.0,100.0,2.2044271890014344,36.570133209228516,42.316184059734496,38.178744707283826,47.89523007466813,32.1366871290994,49.39472938986386,43.3301930333532
130,Accountant,0,66.66666666666666,8.333333333333332,100.0,3.4597943920352225,43.18675231933594,46.99698200670567,36.405613343649755,56.662894175048756,37.64350824318314,54.68001511517693,47.669375480947394
130,Business Analyst,1,25.0,8.333333333333332,70.0,1.0352797871061679,39.4710807800293,26.992620751736982,28.06557038728767,31.6574426063379,19.403083237337633,31.573327980789482,24.790539570273634
130,Customer Support Representative,0,33.33333333333333,60.0,100.0,0.802395657439557,26.115427017211914,42.704340067864386,47.75026677107342,38.380425084830485,32.59334125631104,50.09880084617465,45.631795312097175
130,Market Research Analyst,0,33.33333333333333,12.5,100.0,1.243460637580233,29.5952205657959,33.79246884717308,34.03969566231757,39.11558605896636,22.108786879027157,39.53641147239536,34.5331597203573
130,Operations Manager,0,25.0,5.0,100.0,2.3031982824744484,38.77173614501953,30.9112401641241,34.094215637114,37.38905020515513,18.719106075440113,35.959718143238746,29.524093814554316
131,Accountant,0,66.66666666666666,100.0,100.0,1.3630422270737896,33.64775848388672,63.584953439977404,61.92556939483704,54.48119179997176,57.1587687529146,74.56529071284275,68.86798784399342
131,Business Analyst,1,50.0,100.0,100.0,1.0313634036832646,40.234683990478516,58.68990710912427,63.369087860191186,48.36238388640534,51.39989071661679,68.86494423361385,61.94671118888529
131,Customer Support Representative,0,33.33333333333333,100.0,100.0,7.2541763603406935,40.89057922363281,53.88838000426269,64.95648205784005,42.36047500532836,45.75103529913258,62.1179453531901,56.182109553785615
131,Market Research Analyst,0,66.66666666666666,100.0,100.0,1.2387567220892677,36.60344314575195,64.0096633135095,62.57896920027104,55.012079141886886,57.658427427658246,75.08688212376015,68.84605510781967
131,Operations Manager,0,75.0,100.0,100.0,4.059689707342954,44.973445892333984,68.60497033995155,65.16149283069468,60.75621292493943,63.064670988178285,79.99531398100012,72.77523936011934
132,Accountant,0,100.0,60.0,100.0,2.917887985538073,37.594207763671875,68.07681436238148,50.887406711356135,70.09601795297687,62.44331101456646,79.57544842888326,73.45609787980084
132,Business Analyst,1,50.0,60.0,100.0,1.387174997615565,38.83667755126953,50.533577882332764,50.82088904974271,48.16697235291596,41.80420927333267,59.20647250904757,52.597736764285095
132,Customer Support Representative,0,66.66666666666666,100.0,100.0,1.2711917632818739,27.527427673339844,62.65312624882659,60.49198910075886,53.31640781103324,56.06250146920775,73.48523233451095,68.85177893861837
132,Market Research Analyst,0,66.66666666666666,100.0,100.0,1.6661172452635948,33.7352409362793,63.64353706056476,62.01569804189451,54.55442132570595,57.227690659487955,74.58072879267674,68.92147167073279
132,Operations Manager,0,75.0,20.0,100.0,3.819380137765992,43.67709732055664,52.374471618748395,40.19149479807445,60.468089523435495,43.96996661029223,60.943017174215875,53.90930237725282
133,Accountant,0,66.66666666666666,100.0,100.0,1.9313693804584826,43.126014709472656,65.091940946823,64.24401171306103,56.36492618352876,58.931695231556475,76.23792416441674,68.9682808710613
133,Business Analyst,1,25.0,100.0,100.0,0.6268591764975714,42.01380157470703,50.146099112680695,63.686306327201066,37.68262389085086,41.3483518972714,58.884788513183594,51.58121044291134
133,Customer Support Representative,0,33.33333333333333,100.0,100.0,3.8894344716686096,35.80592346191406,52.62097035670406,63.00662106159599,40.77621294588008,44.259965125534194,61.22065315994561,55.58833157343172
133,Market Research Analyst,0,33.33333333333333,100.0,100.0,0.752912131569275,34.32615280151367,51.9285264066291,61.94132267686529,39.91065800828639,43.445325184269535,60.95951716105143,55.03482763106124
133,Operations Manager,0,25.0,100.0,100.0,1.7236883803958227,41.65971374511719,50.25751031882695,63.8577081828107,37.82188789853369,41.4794239045023,58.82230242560892,51.774768537716916
134,Accountant,0,100.0,100.0,100.0,2.3399035351882835,43.382205963134766,76.85831642474845,64.3974098842284,71.07289553093558,72.77448991146878,90.00862458172966,82.7658653297391
134,Business Analyst,1,50.0,100.0,100.0,0.9957230730687516,41.713340759277344,58.90635957485192,63.70209165361833,48.6329494685649,51.65454067629638,69.1258836634019,61.94042171877684
134,Customer Support Representative,0,66.66666666666666,100.0,100.0,7.561973617319855,42.07069778442383,65.77823404359488,65.29984724655624,57.22279255449361,59.739098874817515,76.0516917658787,69.96191691286036
134,Market Research Analyst,0,66.66666666666666,100.0,100.0,1.1959496000132452,32.56722640991211,63.397809734822125,61.637656002290456,54.24726216852766,56.93859968802603,74.37460858214135,68.83850090980626
134,Operations Manager,0,50.0,80.0,100.0,2.118000852753689,44.827449798583984,55.54181759770066,58.52587322723177,49.42727199712583,47.69625599729489,64.96954996445601,57.432588385780065
135,Accountant,0,33.33333333333333,100.0,100.0,1.4379495360064107,40.75089645385742,52.99499356514624,63.582041382276266,41.2437419564328,44.69999242958381,62.0932954526415,55.155716584785445
135,Business Analyst,1,0.0,100.0,100.0,0.13650512501909637,40.41574478149414,41.08283748597699,63.20436536304152,26.353546857471237,30.685691159972922,48.308660843793085,41.20055972794455
135,Customer Support Representative,0,33.33333333333333,100.0,100.0,8.208590846253609,48.47673797607422,55.16946599001584,66.92738357438334,43.9618324875198,47.258195282371574,63.45667925067976,56.35053563953495
135,Market Research Analyst,0,0.0,100.0,100.0,0.16395447095868815,35.61086654663086,40.36622315263843,62.1018817732899,25.457778940798043,29.842615473692277,47.4607411552878,41.20540373016918
135,Operations Manager,0,0.0,80.0,100.0,1.2418061387170762,43.66996383666992,37.73676549630805,58.05656230201239,27.170956870385062,26.74913587800947,44.17705244176528,36.68973049506772
136,Accountant,0,100.0,8.333333333333332,100.0,2.5168705693965543,41.060829162597656,58.203321626465794,35.69741788687046,70.67081869974892,50.82743720760682,68.03034240124272,61.2284673553837
136,Business Analyst,1,50.0,8.333333333333332,100.0,1.071029664337927,42.60539245605469,40.71812998472556,35.720199976500865,48.81432914757361,30.256623511441838,47.71467710008809,40.38508366625572
136,Customer Support Representative,0,33.33333333333333,60.0,100.0,7.1326961872795245,43.44607162475586,46.25348183847198,53.210484879700466,42.81685229808997,36.7688021629082,53.15714989456476,46.74890717030423
136,Market Research Analyst,0,66.66666666666666,12.5,100.0,1.2863993346258653,33.443416595458984,46.042805722846055,34.93764983001958,54.428507153557575,36.52094790923066,53.940995085473155,48.26622733356142
136,Operations Manager,0,75.0,5.0,100.0,4.3940839672228,44.35946273803711,49.56303200578899,35.86620308582921,60.70379000723624,40.66239059504587,57.5340228361242,50.48130893539226
137,Accountant,0,66.66666666666666,100.0,100.0,1.7170415623384168,37.10653305053711,64.15686952526465,62.80544029527897,55.19608690658083,57.83161120619372,75.17566269519281,68.93045831492246
137,Business Analyst,1,50.0,100.0,70.0,1.2992215463498702,41.70001220703125,54.449885063007166,56.84597702001102,43.06235632875896,51.70574713294961,63.829413918887866,56.69986262582645
137,Customer Support Representative,0,66.66666666666666,100.0,100.0,4.608459398155398,34.43801498413086,64.19030449067627,62.85687870360452,55.23788061334534,57.87094645961914,74.7047477422976,69.44070852124311
137,Market Research Analyst,0,66.66666666666666,100.0,100.0,1.5604775370897042,34.56938934326172,63.75281336538604,62.18381543392724,54.691016706732555,57.356251018101226,74.72793145273245,68.90282936929033
137,Operations Manager,0,50.0,100.0,100.0,3.1915823394992215,41.381412506103516,59.18594922684041,64.13222957975447,48.98243653355051,51.98346967863577,69.06730808931239,62.32792629520574
138,Accountant,0,66.66666666666666,100.0,100.0,1.2284737919855337,39.12339782714844,64.38611407620343,63.158124219800136,55.482642595254276,58.101310677886374,75.53158000871247,68.84424047309548
138,Business Analyst,1,50.0,100.0,70.0,0.9295404693058686,45.31745910644531,54.937049936362676,57.59546144055796,43.67131242045335,52.27888227807374,64.46778690113742,56.63462478870104
138,Customer Support Representative,0,66.66666666666666,100.0,100.0,4.684129263993502,36.79525375366211,64.55524078598167,63.41831915792052,55.69405098247709,58.30028327762549,75.12073105456781,69.45406202697924
138,Market Research Analyst,0,66.66666666666666,100.0,100.0,1.1164585641631701,37.78010940551758,64.16781852878545,62.822284916080164,55.209773160981804,57.8444923868064,75.29452911077762,68.82447307995037
138,Operations Manager,0,75.0,80.0,100.0,4.4729941361521846,47.272403717041016,65.01180967797897,59.63355335073689,61.26476209747373,58.83742315056351,75.69513006771312,68.14229308285039
139,Accountant,0,33.33333333333333,100.0,100.0,1.2799096849798306,34.72748565673828,52.06777596792438,62.155552771165716,40.084719959905485,43.6091481975581,61.03034060609107,55.12782719931016
139,Business Analyst,1,25.0,100.0,100.0,0.9684600982185937,38.637699127197266,49.69092388381238,62.98603674432674,37.11365485476548,40.81285162801457,58.28900572832893,51.64149295850917
139,Customer Support Representative,0,33.33333333333333,100.0,100.0,4.474948141012722,40.88844680786133,53.47117590899777,64.31462960358631,41.83896988624722,45.260206951762086,62.11756904452455,55.69165751508067
139,Market Research Analyst,0,33.33333333333333,100.0,100.0,1.163204407349656,31.253662109375,51.529196644175364,61.32696919616723,39.41149580521921,42.97552546373572,60.41731292126225,55.107232150316605
139,Operations Manager,0,50.0,80.0,100.0,4.281049184743326,44.23577117919922,55.777523054591384,58.88849700706366,49.721903818239234,47.9735565348134,64.86513609044692,57.81430279730765
140,Accountant,0,66.66666666666666,100.0,100.0,1.8676321621954657,45.08597183227539,65.37637393250395,64.68160092180096,56.720467415629955,59.26632227353407,76.58379895079369,68.95703312666194
140,Business Analyst,1,25.0,100.0,70.0,0.6061721652210871,48.54711151123047,46.62299255146773,58.26614238687343,33.27874068933467,42.49763829584439,54.74360791374655,46.28344214680372
140,Customer Support Representative,0,33.33333333333333,100.0,100.0,3.761079048646631,33.75144577026367,52.29354538950321,62.50289034282545,40.36693173687901,43.87475928176848,60.858098273183785,55.565680616427834
140,Market Research Analyst,0,33.33333333333333,100.0,100.0,0.7280652403695643,38.9251594543457,52.61465037087396,62.99689800647276,40.76831296359244,44.25252984808701,61.771106570374734,55.030442885555416
140,Operations Manager,0,50.0,80.0,100.0,2.807373508310639,46.75740051269531,55.9347161031509,59.13033246638598,49.91839512893863,48.158489533118704,65.31012950224036,57.55424238381953
141,Accountant,0,66.66666666666666,100.0,100.0,3.162247730063809,43.69622802734375,65.36210469694447,64.65964825170944,56.70263087118058,59.24953493758172,76.33855004404106,69.18549469746225
141,Business Analyst,1,25.0,100.0,70.0,0.7135793162521258,42.24588394165039,45.693919488685374,56.83679921336212,32.11739936085672,41.404611163159274,53.631626577938306,46.302396349926845
141,Customer Support Representative,0,0.0,100.0,100.0,4.847309974063927,33.4820556640625,40.74940484571896,62.69139207033687,25.936756057148706,30.293417465551723,47.08506864659927,42.03187823071716
141,Market Research Analyst,0,33.33333333333333,100.0,100.0,0.8570705258634996,34.65211868286133,51.993045047975386,62.04058212509034,39.99130630996924,43.521229468206336,61.017040551877486,55.053208524171986
141,Operations Manager,0,25.0,100.0,100.0,0.8928913858484081,36.62194061279297,49.37722479979621,62.50342276891725,36.72153099974526,40.44379388211319,57.9332836375517,51.62815730338502
142,Accountant,0,100.0,100.0,100.0,2.8974979002437022,39.161521911621094,76.30885297177971,63.55208149504571,70.38606621472465,72.12806231974085,89.26379798440372,82.86426433533713
142,Business Analyst,1,50.0,100.0,100.0,1.3774814738546164,39.76346969604492,58.67114267548493,63.340219500746045,48.33892834435617,51.37781491233521,68.78178876989028,62.00779084832729
142,Customer Support Representative,0,66.66666666666666,100.0,100.0,1.2623087257536052,28.986364364624023,62.870634296889975,60.82661686701022,53.58829287111247,56.31839329045879,73.74269175061993,68.85021134376044
142,Market Research Analyst,0,66.66666666666666,100.0,100.0,1.6544744841604528,32.10592269897461,63.39739291080359,61.63701473456963,54.24674113850449,56.938109306827755,74.29320204491708,68.91941706583223
142,Operations Manager,0,75.0,100.0,100.0,4.709951072723548,44.81523132324219,68.67877735939486,65.2750420913767,60.848471699243575,63.15150277575866,79.9673937629251,72.88999136577475
143,Accountant,0,66.66666666666666,100.0,100.0,1.7632505858127616,39.026573181152344,64.4518068983781,63.25919010006887,55.564758622972626,58.17859635103306,75.51449330647786,68.93861284847675
143,Business Analyst,1,50.0,100.0,70.0,1.334186197323079,45.4147834777832,55.012345451265936,57.71130069425529,43.76543181408243,52.36746523678345,64.48496179019703,56.70603285835113
143,Customer Support Representative,0,33.33333333333333,100.0,100.0,6.755606044532369,43.015079498291016,54.132269498090174,65.33169666372848,42.66533687261271,46.03796411540021,62.49285716636508,56.094126556878265
143,Market Research Analyst,0,66.66666666666666,100.0,100.0,1.6024731094300515,36.283939361572266,64.01629520398367,62.58917210869285,55.02036900497961,57.66622965174551,75.03049910302255,68.91024035264452
143,Operations Manager,0,75.0,100.0,100.0,5.28150983847482,47.451393127441406,69.15993544488744,66.01528529982681,61.449919306109294,63.717571111632274,80.43259878719554,72.99085467737791
144,Accountant,0,66.66666666666666,8.333333333333332,100.0,1.7278493729006237,50.095497131347656,47.77350197563724,37.60025944969832,57.63354413621321,38.55706114780852,55.89920537612017,47.36373812462952
144,Business Analyst,1,25.0,8.333333333333332,70.0,0.5280045988874276,41.37520217895508,27.202147683343043,28.38791951283545,31.919351270845475,19.649585509815346,31.909349404129326,24.701020419411506
144,Customer Support Representative,0,33.33333333333333,60.0,100.0,3.5794186615034826,37.72932434082031,44.86297811701524,51.07124838515164,41.07872264626904,35.13291543178263,52.14831213857613,46.121858195167285
144,Market Research Analyst,0,33.33333333333333,12.5,100.0,0.6341792270600243,40.924217224121094,35.40042613434383,36.513476104118716,41.12553266792979,24.000501334522156,41.53564617680568,34.42563947144196
144,Operations Manager,0,50.0,5.0,100.0,2.639487785426726,47.72815704345703,41.055146724332566,36.23868726820394,50.06893340541571,30.653113793332427,47.83438065472771,39.87755666801648
145,Accountant,0,66.66666666666666,8.333333333333332,100.0,1.834619049667212,34.95552062988281,45.5185209519325,34.131057874767954,54.814817856582295,35.90414229639118,53.22744481703815,47.38257983229421
145,Business Analyst,1,50.0,8.333333333333332,100.0,1.388188061927518,39.184391021728516,40.25255352921507,35.003928506484726,48.232358578185504,29.70888650495891,47.11097096461876,40.441052795242115
145,Customer Support Representative,0,33.33333333333333,60.0,100.0,4.332047614013057,41.210044860839844,45.4979805378946,52.048175186504515,41.87247567236825,35.87997710340541,52.76255693622664,46.25467506913955
145,Market Research Analyst,0,66.66666666666666,12.5,100.0,1.6673340231925564,31.032163619995117,45.73825797981148,34.469114840735614,54.04782247476435,36.16265644683703,53.51547985450893,48.33345110213202
145,Operations Manager,0,75.0,5.0,100.0,6.244003713459772,43.759891510009766,49.750584283520425,36.1547450515699,60.93823035440054,40.88304033355345,57.42821614882525,50.80776536119878
146,Accountant,0,0.0,60.0,100.0,0.5420876094789284,40.36235046386719,33.13566571100191,50.97794724769525,26.419582138752396,21.33607730706108,38.88747361127068,31.86036840167275
146,Business Analyst,1,0.0,60.0,70.0,0.41017755055687294,49.20595932006836,29.942420530593783,46.06526235475966,22.428025663242234,22.87343591834563,35.15399282118853,26.5429725089218
146,Customer Support Representative,0,33.33333333333333,100.0,100.0,6.4501765506750335,46.08400344848633,54.54679366654087,65.96942615365262,43.183492083176084,46.52563960769515,63.03443198110543,56.04022723443285
146,Market Research Analyst,0,0.0,100.0,100.0,0.4926587429686223,43.58053207397461,41.61097862254149,64.01689018852537,27.013723278176858,31.307033673578218,48.867152718936694,41.263410366406234
146,Operations Manager,0,25.0,20.0,100.0,2.4115899964429146,52.98521423339844,36.0595206344762,42.014647129963386,40.07440079309525,24.775906628795532,41.99739074707031,33.072633528784046
147,Accountant,0,100.0,100.0,100.0,3.222907274574563,41.99357986450195,76.78247307086147,64.28072780132536,70.97809133857686,72.68526243630762,89.76357291726505,82.92168951904256
147,Business Analyst,1,50.0,100.0,100.0,1.1920661099249952,42.87220764160156,59.10964106272899,64.01483240419844,48.88705132841124,51.89369536791646,69.33038958381205,61.97507048998677
147,Customer Support Representative,0,33.33333333333333,100.0,100.0,4.058919364108371,33.66792297363281,52.32569301732784,62.552348231786425,40.40711627165981,43.9125800203857,60.843358956131276,55.618240672097556
147,Market Research Analyst,0,66.66666666666666,100.0,100.0,1.4317745826260535,34.58325958251953,63.73558845810516,62.15731557657205,54.66948557263146,57.33598642130019,74.73037914201325,68.88011708320852
147,Operations Manager,0,75.0,100.0,100.0,4.718913222392367,44.44254684448242,68.62421901003121,65.1911061692788,60.780273762539025,63.08731648238967,79.9016259137322,72.89157292159865
148,Accountant,0,66.66666666666666,60.0,100.0,2.716731008298887,45.09520721435547,57.505124066731476,52.57198574368947,56.88140508341435,50.006028313801735,67.17366401821958,59.695109393621365
148,Business Analyst,1,25.0,60.0,70.0,0.6130459156986257,49.35234832763672,38.7448091365003,46.145860210000464,33.43101142062538,33.22918721941212,45.473943822524134,36.87289045571152
148,Customer Support Representative,0,33.33333333333333,100.0,100.0,3.411539590985048,35.289180755615234,52.47177471865671,62.777089310753915,40.58971839832089,44.08444084547848,61.12946327059877,55.50399718272285
148,Market Research Analyst,0,33.33333333333333,100.0,100.0,0.7363212096812601,40.65399932861328,52.87521474741085,63.39776627806798,41.09401843426356,44.55907617342452,62.07619595995136,55.0318998213163
148,Operations Manager,0,25.0,20.0,100.0,1.6857057552270391,43.22450256347656,34.48653124780554,39.594663458162366,38.10816405975692,22.925330879771224,40.2749122170841,32.94453630974595
149,Accountant,0,66.66666666666666,8.333333333333332,100.0,1.675830090826095,47.39872741699219,47.361183626172746,36.96592352744525,57.1181461993826,38.07198073667381,55.423304838292744,47.35455825132225
149,Business Analyst,1,25.0,8.333333333333332,70.0,0.5121082941533729,40.30546951293945,27.039303337730587,28.137389750354753,31.715795838829905,19.45800392674187,31.720573051303038,24.69821518916432
149,Customer Support Representative,0,33.33333333333333,60.0,100.0,3.471655339112133,36.985267639160156,44.73520511340751,50.874674533447454,40.91900639175939,34.98259425106766,52.017008014753756,46.10284113827469
149,Market Research Analyst,0,33.33333333333333,12.5,100.0,0.6150863890987724,37.09907913208008,34.82379149484349,35.62634588950281,40.40473936855437,23.322107640992343,40.860621807621975,34.42227014709586
149,Operations Manager,0,50.0,5.0,100.0,3.4108561478974933,49.03888702392578,41.36746147577349,36.71917150118999,50.45932684471686,31.0205429126747,48.06568594539867,40.01368049668779
150,Accountant,0,100.0,100.0,100.0,3.449856767058521,56.398033142089844,78.97718348637225,67.65720536364962,73.72147935796532,75.26727468984971,92.30553526036879,82.96173942948093
150,Business Analyst,1,50.0,100.0,70.0,1.098924615589302,51.89617919921875,55.94926557222121,59.1527162649557,44.93658196527652,53.469724202613186,65.6287375057445,56.66451610863341
150,Customer Support Representative,0,33.33333333333333,100.0,100.0,3.9270923633879873,39.990840911865234,53.254356657954645,63.98106152505843,41.567945822443306,45.00512547994664,61.959168004054646,55.59497708373513
150,Market Research Analyst,0,66.66666666666666,100.0,100.0,1.3199035856508565,38.7714958190918,64.34704324404473,63.098015247248306,55.433804055055916,58.055344992993795,75.46947965434953,68.86037514256583
150,Operations Manager,0,50.0,80.0,100.0,3.11707178165101,46.72359848022461,55.97610053928135,59.1940008296636,49.97012567410169,48.207177105036884,65.3041644376867,57.60889502029136
151,Accountant,0,100.0,100.0,100.0,3.832217831997137,43.70759582519531,77.13097204857887,64.81688007473672,71.41371506072359,73.0952612336222,90.0660463220933,83.02921491152891
151,Business Analyst,1,50.0,100.0,100.0,1.417433582223384,41.06278991699219,58.87203352488233,63.64928234597282,48.59004190610292,51.61415708809687,69.01108057358685,62.01484122039236
151,Customer Support Representative,0,66.66666666666666,100.0,100.0,1.2989203941958856,30.218982696533203,63.06101879694269,61.119516097860554,53.826273496178366,56.5423750552267,73.96021263272154,68.85667222642672
151,Market Research Analyst,0,66.66666666666666,100.0,100.0,1.7024604245445158,30.922334671020508,63.227052597668084,61.37495271436116,54.03381574708511,56.737708938433045,74.08433356939578,68.92788517295884
151,Operations Manager,0,75.0,80.0,100.0,5.611052958663308,44.448516845703125,64.75893547065496,59.24451610869995,60.948669338318716,58.539924083123495,75.1967970904182,68.3431269927053
152,Accountant,0,66.66666666666666,60.0,100.0,1.6716110892961107,38.96944046020508,56.429491065758505,50.91716574219259,55.53686383219814,48.74057772442177,66.09264635572247,59.51067646673852
152,Business Analyst,1,25.0,60.0,100.0,0.5108190311854992,38.57082748413086,41.61224697729745,50.55730304199608,37.01530872162182,31.308525855644064,48.86544014425839,42.14896806432685
152,Customer Support Representative,0,66.66666666666666,100.0,100.0,4.8831404603353885,37.086944580078125,64.62884608939535,63.53155808624926,55.7860576117442,58.38687775222983,75.1722059062883,69.4891816498631
152,Market Research Analyst,0,33.33333333333333,100.0,100.0,0.6135378726764418,35.946929931640625,52.15073683731423,62.283184877919325,40.18842104664279,43.70674922036968,61.24553665460325,55.010232173609566
152,Operations Manager,0,50.0,20.0,100.0,3.402269115485727,45.993492126464844,43.909364186292585,40.629791055834744,49.88670523286574,34.011016689755984,51.05767508114085,43.54157690273278
153,Accountant,0,66.66666666666666,60.0,100.0,1.9739392664272752,47.453460693359375,57.747443327301326,52.94478460610461,57.18430415912666,50.29110979682509,67.58982639686734,59.564028497996965
153,Business Analyst,1,25.0,60.0,70.0,0.6406759657311555,44.74099349975586,38.05725041982305,45.08807756895854,32.57156302477882,32.420294611556535,44.66017532348633,36.877766346893736
153,Customer Support Representative,0,33.33333333333333,100.0,100.0,1.1742367316376439,27.443801879882812,50.95937245839473,60.45031660265856,38.69921557299342,42.30514406869968,59.744984645469515,55.10917903107331
153,Market Research Analyst,0,33.33333333333333,100.0,100.0,0.7695072914127099,37.55118179321289,52.414770029360504,62.689389788759755,40.51846253670063,44.01737650513001,61.52863992429247,55.03775618868067
153,Operations Manager,0,50.0,20.0,100.0,2.9671714354435554,45.308921813964844,43.74141398741126,40.37140613447886,49.67676748426408,33.813428220483836,50.93686855540557,43.46479495919592
154,Accountant,0,66.66666666666666,100.0,100.0,1.8218368615488478,44.06133270263672,65.21580876796116,64.43457759173513,56.51976095995146,59.07742207995431,76.40298028085746,68.94895160301843
154,Business Analyst,1,50.0,100.0,70.0,1.3785162551540937,44.57478332519531,54.892994937052414,57.52768451854217,43.61624367131552,52.22705286712049,64.33672646915213,56.713855809733076
154,Customer Support Representative,0,66.66666666666666,100.0,100.0,5.281631615021838,38.79439926147461,64.9447379648078,64.01754558688378,56.180922456009746,58.75851525271505,75.47352143829944,69.55950361833717
154,Market Research Analyst,0,66.66666666666666,100.0,100.0,1.655717346071242,34.1890869140625,63.710053972353386,62.118031752338545,54.637567465441734,57.305945849827516,74.66081925934435,68.91963639440472
154,Operations Manager,0,50.0,80.0,100.0,3.38637251438995,46.16218185424805,55.9322831552957,59.12658946968569,49.91535394411963,48.15562724152436,65.20509091545554,57.656418679009995
155,Accountant,0,66.66666666666666,100.0,100.0,1.9405772148406326,32.26336669921875,63.46392492044223,61.73937167247523,54.329906150552794,57.0163822593438,74.32098628025429,68.96990578301109
155,Business Analyst,1,25.0,100.0,100.0,0.5930110054743417,39.17697525024414,49.71549793835777,63.02384298208888,37.144372422947214,40.84176228042091,58.38417210298426,51.57523723626018
155,Customer Support Representative,0,66.66666666666666,100.0,100.0,4.2304257658374125,33.62129211425781,64.0110910153476,62.58116566463735,55.01386376918452,57.66010707687954,74.56062017702588,69.37399670377522
155,Market Research Analyst,0,33.33333333333333,100.0,100.0,0.7122575482907609,39.35999298095703,52.677504246053836,63.09359627598026,40.8468803075673,44.326475583592746,61.84784189860026,55.02765329283562
155,Operations Manager,0,50.0,100.0,100.0,2.9644539249682973,44.79963684082031,59.664613614868294,64.8686363305666,49.58076701858537,52.54660425278623,69.67052414838005,62.287844810288526
156,Accountant,0,66.66666666666666,60.0,100.0,1.9962463357508449,41.47859573364258,56.85455964374234,51.57111740062925,56.06819955467793,49.24065840440276,66.53543846279966,59.5679650396423
156,Business Analyst,1,25.0,60.0,100.0,0.6479161090448741,42.70636749267578,42.2531425402581,51.54329621578169,37.81642817532263,32.062520635597764,49.5952413222369,42.173161666302036
156,Customer Support Representative,0,33.33333333333333,100.0,100.0,5.0230075224286175,34.46697998046875,52.59016479210127,62.95922788528401,40.73770599012659,44.22372328482503,60.98436901616115,55.78837387650701
156,Market Research Analyst,0,33.33333333333333,100.0,100.0,0.7782033302354262,35.95001220703125,52.17589899725667,62.321895893215384,40.21987374657083,43.73635176147843,61.24608058555453,55.039290783767036
156,Operations Manager,0,25.0,20.0,100.0,0.8107279728301154,36.7719841003418,33.38740681097579,37.9037027861166,36.73425851371974,21.632243307030336,39.13623248829561,32.79012846579355
157,Accountant,0,33.33333333333333,8.333333333333332,100.0,0.8345650320998063,31.354703903198242,33.16172367362803,33.06931847224827,39.368821258701715,21.366733733680046,38.8665163750742,33.480609515468586
157,Business Analyst,1,25.0,8.333333333333332,100.0,0.6314843480303213,39.47773742675781,31.433049932884884,34.89699989674598,37.20797908277278,19.332999921041043,36.86862033021216,30.013399198672015
157,Customer Support Representative,0,33.33333333333333,60.0,100.0,3.514147634337874,35.69348907470703,44.547812173023395,50.58637770208729,40.68476521627925,34.76213196826282,51.78904709161496,46.11033977860864
157,Market Research Analyst,0,33.33333333333333,12.5,100.0,0.7584673629324865,34.350013732910156,34.43293883104306,35.02503409904061,39.916173538803825,22.86228097769772,40.37549261953316,34.44757267189004
157,Operations Manager,0,50.0,5.0,100.0,3.870841335244578,41.1647834777832,40.25534372195417,35.00822111069872,49.06917965244271,29.712169084651965,46.67613826078527,40.09485435327846
158,Accountant,0,66.66666666666666,100.0,100.0,1.8191153058666711,36.135494232177734,64.02652476403999,62.604909893394854,55.033155955049985,57.67826442828233,75.00430290371763,68.94847132848626
158,Business Analyst,1,50.0,100.0,100.0,1.3764569551001922,39.01536560058594,58.55877338335292,63.1673436666968,48.19846672919115,51.245615745121086,68.6497704001034,62.00761005090004
158,Customer Support Representative,0,66.66666666666666,100.0,100.0,4.8824205607652615,36.6464729309082,64.56266735708435,63.429744651924636,55.703334196355435,58.30902042009923,75.0944756152583,69.48905460876249
158,Market Research Analyst,0,66.66666666666666,100.0,100.0,1.653243948454593,29.6356143951416,63.02666208487276,61.06665961775297,53.78332760609096,56.501955393967954,73.85726528541714,68.91919991247238
158,Operations Manager,0,75.0,80.0,100.0,5.448842871545876,41.9311637878418,64.35700099890815,58.62615538293561,60.44625124863519,58.06705999871547,74.75255831550149,68.31450168321398
159,Accountant,0,66.66666666666666,100.0,100.0,2.319302715502105,53.09986877441406,66.64620905682075,66.63519342074989,58.30776132102594,60.760245949200886,77.99801605822994,69.03673969489253
159,Business Analyst,1,25.0,100.0,70.0,0.912259316684195,51.06245803833008,47.04620760325214,58.91724246654176,33.807759504065174,42.99553835676723,55.18749259499943,46.33745752647368
159,Customer Support Representative,0,66.66666666666666,100.0,100.0,7.819505563237057,46.344757080078125,66.4579727298306,66.34559907153428,58.072465912288266,60.53879144685954,76.80593752393536,70.00736372684575
159,Market Research Analyst,0,33.33333333333333,100.0,100.0,1.0957024040171939,40.72006607055664,52.93903193785274,63.4959465710555,41.173789922315926,44.634155221003226,62.0878547967649,55.09532003208146
159,Operations Manager,0,25.0,80.0,100.0,2.0899612737031346,49.444698333740234,47.480198941116505,59.584921447871544,39.35024867639564,38.211998754254715,55.49024088242475,47.13352257771232
160,Accountant,0,66.66666666666666,60.0,100.0,1.622119827336882,39.518184661865234,56.50437900671365,51.03237795904664,55.630473758392064,48.828681184368996,66.18948356778013,59.50194271462808
160,Business Analyst,1,50.0,60.0,70.0,1.2273977966888825,46.10367965698242,47.099661618050696,45.53794095084722,43.87457702256337,43.05842543300082,55.194766998291016,47.27542314059216
160,Customer Support Representative,0,66.66666666666666,100.0,100.0,6.738302891494661,42.68288803100586,65.7465119717084,65.25104405903858,57.18313996463551,59.70177879024518,76.15972533880495,69.8165632553618
160,Market Research Analyst,0,66.66666666666666,100.0,100.0,1.4742109967214276,38.26148986816406,64.29368846306616,63.01593096881973,55.367110578832694,57.99257466243077,75.3794786041858,68.88760586216652
160,Operations Manager,0,75.0,20.0,100.0,4.04145688741678,46.351139068603516,52.80888939340304,40.859829836004685,61.01111174175381,44.481046345180054,61.41490689445944,53.948492391897084
161,Accountant,0,66.66666666666666,8.333333333333332,100.0,1.4199118087741638,29.848278045654297,44.69022847816427,32.856761761278364,53.779452264372004,34.929680562546196,52.326166713938996,47.30939620154838
161,Business Analyst,1,50.0,8.333333333333332,100.0,1.0743945029284137,40.60383224487305,40.41840067883689,35.259077967441364,48.439667515212776,29.904000798631635,47.361460592232504,40.38567746130109
161,Customer Support Representative,0,66.66666666666666,60.0,100.0,7.757706079986843,40.729164123535156,57.60636386386163,52.72773927773585,57.00795482982704,50.12513395748427,66.40318582572189,60.584693229801594
161,Market Research Analyst,0,66.66666666666666,12.5,100.0,1.290440797031672,37.97483444213867,46.72312461920888,35.98429428596239,55.27890577401111,37.321323081422214,54.74065705841662,48.26694053280951
161,Operations Manager,0,50.0,5.0,100.0,2.868674208800244,38.26899337768555,39.67065013797287,34.108692519958254,48.338312672466095,29.02429427996808,46.1651164784151,39.91800133096475
162,Accountant,0,66.66666666666666,100.0,100.0,1.5807753908933064,38.810585021972656,64.39203739526322,63.16723701835368,55.49004674407903,58.10827928854497,75.47637774897557,68.90641134349097
162,Business Analyst,1,50.0,100.0,70.0,1.1961139979577484,39.98354721069336,54.17694918129767,56.42607566353487,42.72118647662209,51.38464609564432,63.526508331298835,56.681667176110196
162,Customer Support Representative,0,66.66666666666666,100.0,100.0,6.027443415228593,42.17925262451172,65.56433773929437,64.97077600917083,56.95542217411797,59.487456163875734,76.07084850236481,69.6911174654325
162,Market Research Analyst,0,66.66666666666666,100.0,100.0,1.4366364465364172,33.39411163330078,63.55794554530891,61.88401878765474,54.447431931636146,57.12699475918696,74.52052950391582,68.88097505919269
162,Operations Manager,0,50.0,80.0,100.0,3.3927469980936937,42.04407501220703,55.31552330154511,58.177728156223246,49.1444041269314,47.430027413582486,64.47836617862478,57.65754358789889
163,Accountant,0,33.33333333333333,100.0,100.0,1.154951660061753,32.21480941772461,51.672130828334616,61.546867941027614,39.59016353541827,43.14368332745249,60.586927152147474,55.10577578314815
163,Business Analyst,1,25.0,100.0,100.0,0.8739090041019257,34.830684661865234,49.105689049895076,62.085675461377036,36.38211131236884,40.12434005870009,57.61717964621151,51.62480747131211
163,Customer Support Representative,0,33.33333333333333,100.0,100.0,4.401246317337152,36.85877227783203,52.85566945594204,63.367696598885196,41.06958681992756,44.53608171287299,61.4064500098135,55.67865131090263
163,Market Research Analyst,0,33.33333333333333,100.0,100.0,1.0496403590233034,31.506145477294922,51.5500345421144,61.359027500688825,39.437543177643,43.000040637781645,60.461868809718716,55.08719143590607
163,Operations Manager,0,25.0,100.0,100.0,1.0935095847176552,37.80743408203125,49.58514155001234,62.82329469232667,36.98142693751542,40.68840182354393,58.142488367417286,51.66356051495018
164,Accountant,0,100.0,60.0,100.0,3.4458707938432633,47.07460403442383,69.57807122424006,53.19703265267702,71.97258903030009,64.20949555792949,81.24845953548656,73.54927131656058
164,Business Analyst,1,50.0,60.0,70.0,1.2745342768395749,46.886146545410156,47.22410212333746,45.72938788205763,44.03012765417183,43.20482602745584,55.332849390366505,47.28374134297169
164,Customer Support Representative,0,66.66666666666666,100.0,100.0,3.64415559976509,39.3996467590332,64.78990368715307,63.77933900587652,55.987379608941346,58.576357279003616,75.58032982022154,69.27053726270364
164,Market Research Analyst,0,66.66666666666666,100.0,100.0,1.5308259894909688,35.98411560058594,63.960574571844866,62.50344805924852,54.95071821480609,57.60067596687632,74.97758902755437,68.8975967432435
164,Operations Manager,0,75.0,20.0,100.0,5.732794407169879,48.3887825012207,53.368236536258586,41.72036390193628,61.710295670323234,45.13910180736304,61.774491029627185,54.24696371891233
165,Accountant,0,66.66666666666666,100.0,100.0,1.6594475686553243,38.18252944946289,64.30962988605106,63.040456234950355,55.387037357563834,58.011329277707134,75.36554441265031,68.92029466897839
165,Business Analyst,1,50.0,100.0,100.0,1.2556423114759596,40.61368179321289,58.78039861570333,63.5083055626205,48.47549826962916,51.50635131259215,68.93182619880227,61.98628981967223
165,Customer Support Representative,0,66.66666666666666,100.0,100.0,4.810853774596372,39.490325927734375,64.97851028868294,64.06950300823017,56.22313786085368,58.79824739845052,75.59633202646293,69.47642517590916
165,Market Research Analyst,0,66.66666666666666,100.0,100.0,1.5081351038108304,32.57011795043945,63.445071291470875,61.710366089442374,54.3063391143386,56.9942015193775,74.37511885399911,68.89359246929995
165,Operations Manager,0,75.0,80.0,100.0,4.970585990899481,44.51663589477539,64.67308328285124,59.11243581977112,60.84135410356404,58.43892150923674,75.20881809907802,68.23010341015873
166,Accountant,0,33.33333333333333,8.333333333333332,100.0,0.8648589469509077,30.32384490966797,33.01163891182616,32.838418838706914,39.18121530644937,21.190163425677838,38.684600082098264,33.48595550044231
166,Business Analyst,1,25.0,8.333333333333332,100.0,0.6544066277008481,36.0239143371582,30.91841481139552,34.105253555993116,36.56468518091108,18.72754683693591,36.25912213792988,30.017444306849168
166,Customer Support Representative,0,33.33333333333333,60.0,100.0,5.073325647843775,34.31742477416992,44.57527922996872,50.628634712772396,40.71909903746091,34.79444615290438,51.54621221504959,46.385488839815565
166,Market Research Analyst,0,33.33333333333333,12.5,100.0,0.7859990049570812,33.500308990478516,34.309612865982004,34.835301845100524,39.76201608247751,22.717191607037652,40.22554472380993,34.452431196953206
166,Operations Manager,0,25.0,5.0,100.0,0.8188494641144285,33.73567581176758,29.9331787913823,32.589505832895846,36.166473489227876,17.568445636920355,35.07100161384134,29.262149905431958
167,Accountant,0,66.66666666666666,100.0,100.0,3.2460600883792434,40.56886291503906,64.90557178384607,63.95728992386576,56.13196472980759,58.71243739276009,75.78666208304611,69.20028511363554
167,Business Analyst,1,25.0,100.0,100.0,0.9329323006330471,41.182273864746094,50.06728092480687,63.56504757662596,37.58410115600859,41.255624617419855,58.738048329072846,51.63522334717054
167,Customer Support Representative,0,66.66666666666666,100.0,100.0,1.3348293382172502,28.141324996948242,62.754756483608155,60.648343308115116,53.443445604510195,56.18206645130371,73.5935671563242,68.86300909890107
167,Market Research Analyst,0,33.33333333333333,100.0,100.0,1.1205324471822207,36.373287200927734,52.290739613883154,62.498573764948446,40.36342451735395,43.8714583692743,61.32077617271273,55.0997018044047
167,Operations Manager,0,50.0,80.0,100.0,3.3553021238215597,49.29202651977539,56.397099296539544,59.84169122544545,50.49637412067443,48.702469760634756,65.75741644466625,57.65093566890969
168,Accountant,0,66.66666666666666,100.0,100.0,1.335436045416118,31.831192016601562,63.30832754263598,61.49999109123485,54.13540942829498,56.833326520748216,74.24472015979244,68.86311616487734
168,Business Analyst,1,50.0,100.0,100.0,1.010474831846221,38.055137634277344,58.35984186991853,62.86129518449005,47.94980233739817,51.01157867049239,68.48031840604895,61.9430249703258
168,Customer Support Representative,0,66.66666666666666,100.0,100.0,5.091972739943529,33.34001541137695,64.0981315560314,62.715074188766266,55.12266444503926,57.76250771297813,74.51098311181161,69.52603440508807
168,Market Research Analyst,0,66.66666666666666,100.0,100.0,1.213667739209351,34.5482177734375,63.69761616023035,62.09889665676465,54.62202020028795,57.29131312968277,74.72419529335171,68.84162764025263
168,Operations Manager,0,50.0,100.0,100.0,2.8661862149000594,39.7122688293457,58.88676825663686,63.67195116405671,48.608460320796084,51.6314920666316,68.77275332282571,62.27050344968825
169,Accountant,0,100.0,8.333333333333332,100.0,2.729392281062216,44.656497955322266,58.77455020212433,36.57623108019129,71.3848544193221,51.49947082602863,68.66487218819412,61.26597118685411
169,Business Analyst,1,50.0,8.333333333333332,70.0,1.1614662009947836,44.51272964477539,36.51779604353219,29.2581477592803,43.563911721081915,30.609171815920227,42.75714836868586,35.10692540801869
169,Customer Support Representative,0,66.66666666666666,60.0,100.0,8.386410563901409,39.418060302734375,57.50400396332869,52.57026250768517,56.88000495416087,50.00471054509258,66.17181456322763,60.69564107990416
169,Market Research Analyst,0,66.66666666666666,12.5,100.0,1.3950214432890866,34.47327423095703,46.21357768447025,35.20037592482603,54.64197210558782,36.72185609937676,54.1227346682081,48.285395940972585
169,Operations Manager,0,50.0,5.0,100.0,3.294469401361804,40.09153366088867,40.00790045933757,34.62753916821165,48.759875574171964,29.421059363926553,46.486741234274476,39.993141659063845
170,Accountant,0,33.33333333333333,8.333333333333332,100.0,1.1301435857624058,34.89842224121094,33.737618207379334,33.95531006263488,40.08868942589084,22.044256714563918,39.491878434723496,33.53277043670317
170,Business Analyst,1,25.0,8.333333333333332,100.0,0.8551376561275267,43.520782470703125,32.07305468569126,35.881622593371176,38.00798502378075,20.085946689048548,37.58209886737898,30.0528674295127
170,Customer Support Representative,0,66.66666666666666,60.0,100.0,7.329882564233111,44.959083557128906,58.17667825153763,53.605146028006615,57.720847814422044,50.79609206063251,67.14964219635607,60.50919496231565
170,Market Research Analyst,0,33.33333333333333,12.5,100.0,1.0270943452681898,41.925025939941406,35.609484709448104,36.83510468120221,41.38685588681013,24.24645259935071,41.7122594795975,34.4949774334787
170,Operations Manager,0,50.0,5.0,100.0,3.075512758876004,47.04796600341797,41.0185218143441,36.18234125283707,50.02315226793013,30.61002566393423,47.714346941779645,39.95450225156635
171,Accountant,0,66.66666666666666,60.0,100.0,1.7307166401242884,39.00768280029297,56.44409324939592,50.93963064009629,55.5551165617449,48.757756763995204,66.09939500397327,59.521106858061145
171,Business Analyst,1,50.0,60.0,70.0,1.3095689695556418,44.240116119384766,46.83245276334106,45.12685040514009,43.54056595417633,42.744062074518894,54.865902844597315,47.289923935803934
171,Customer Support Representative,0,66.66666666666666,100.0,100.0,4.645162668550892,37.53498840332031,64.66035599411401,63.58003486273951,55.825444992642524,58.423948228369426,75.25127246333103,69.44718556895995
171,Market Research Analyst,0,66.66666666666666,100.0,100.0,1.5729056880272652,37.04940414428711,64.12667980818048,62.758994576687925,55.15834976022561,57.796093891977044,75.16558112350164,68.90502257239696
171,Operations Manager,0,75.0,20.0,100.0,5.018340897479597,45.02583694458008,52.75662667630895,40.779425655859924,60.94578334538619,44.41956079565759,61.18103004904354,54.12088368779052
172,Accountant,0,100.0,60.0,100.0,2.741486508080146,45.28208923339844,69.2035363612218,52.62082517111044,71.50442045152724,63.76886630731975,80.93213339412914,73.42496820730827
172,Business Analyst,1,50.0,60.0,100.0,1.16661278106169,50.204837799072266,52.20571758702009,53.393411672338594,50.257146983775115,43.77143245531775,61.2126184351304,52.558814020187356
172,Customer Support Representative,0,33.33333333333333,100.0,100.0,7.769247493862916,41.78620147705078,54.09998401230372,65.28202668559547,42.624980015379656,45.999981190945554,62.27599633908739,56.2730044597013
172,Market Research Analyst,0,66.66666666666666,100.0,100.0,1.4012029314346646,38.497501373291016,64.31813897904219,63.05354714724439,55.39767372380273,58.02133997534374,75.42112769332587,68.87472208593945
172,Operations Manager,0,50.0,20.0,100.0,2.481500059556624,41.322147369384766,43.0705471143412,39.33930325283263,48.83818389292651,33.02417307569554,50.233320124009076,43.379088245804105
173,Accountant,0,66.66666666666666,60.0,100.0,1.8673696272580822,39.075382232666016,56.474746112321945,50.98678889075172,55.59343264040243,48.793818955672876,66.11134196262734,59.54522209108475
173,Business Analyst,1,25.0,60.0,100.0,0.570639875488543,42.96089553833008,42.27973031207279,51.58420048011199,37.849662890091,32.09380036714446,49.6401580361759,42.159524683909744
173,Customer Support Representative,0,66.66666666666666,100.0,100.0,7.816336329601168,47.099605560302734,66.57072461681892,66.51906351305475,58.213405771023645,60.671440725669314,76.93914607926911,70.00680445032177
173,Market Research Analyst,0,33.33333333333333,100.0,100.0,0.6853878847447471,41.677677154541016,53.021126422559526,63.62224577829671,41.27640802819941,44.73073696771709,62.25684498805625,55.02291158750398
173,Operations Manager,0,50.0,20.0,100.0,2.8526209514144085,44.87482833862305,43.659117393505625,40.24479599000864,49.57389674188204,33.716608698241906,50.8602638244629,43.44458016789667
174,Accountant,0,33.33333333333333,8.333333333333332,100.0,1.2296990593711654,43.885257720947266,35.100576850381096,36.05216951340682,41.79238772964304,23.647737471036585,41.07779057820638,33.550339049692944
174,Business Analyst,1,0.0,8.333333333333332,70.0,0.11673582391599159,43.31218719482422,18.681005119477696,28.74000787611953,21.26792306601379,9.62471190526788,21.95705264222388,14.334325929710666
174,Customer Support Representative,0,33.33333333333333,60.0,100.0,7.019784901794927,46.50846862792969,46.69590469612536,53.89113542993644,43.3698808701567,37.28929964250042,53.69757289512485,46.72898164933636
174,Market Research Analyst,0,0.0,12.5,100.0,0.1402098291137089,40.11456298828125,23.538215922609243,36.212639880937296,26.297769903261557,10.044959908952052,27.6672758214614,20.612978205137715
174,Operations Manager,0,0.0,5.0,100.0,1.061962052536814,46.83318328857422,23.184271801166656,35.66811046333331,27.73033975145832,9.628555060196065,27.088208815630747,19.010934479859436
175,Accountant,0,100.0,100.0,100.0,3.4948865635744073,47.61869430541992,77.66703713034914,65.64159558515254,72.08379641293645,73.72592603570489,90.75624017154469,82.96968586416018
175,Business Analyst,1,50.0,100.0,100.0,1.113268501485897,43.41409683227539,59.179104800064195,64.12169969240645,48.97388100008025,51.97541741184023,69.4260170880486,61.961165029673985
175,Customer Support Representative,0,33.33333333333333,100.0,100.0,4.985564712222374,38.13148880004883,53.13422469350735,63.79624311821644,41.41778086688418,44.86379375706747,61.63104704314587,55.781766321764735
175,Market Research Analyst,0,66.66666666666666,100.0,100.0,1.3371318342117733,33.3204460144043,63.53197001062574,61.84405642660371,54.414962513282184,57.096435306618524,74.50752968881645,68.86341542172364
175,Operations Manager,0,75.0,80.0,100.0,5.357102400100859,46.58222961425781,65.0408998021538,59.678307387928925,61.30112475269226,58.8716468260633,75.5733346378102,68.29831218825309
176,Accountant,0,66.66666666666666,100.0,100.0,1.7070555396022054,36.833316802978516,64.11438918472044,62.740085925210934,55.142986480900554,57.78163433496522,75.1274480632707,68.92869607561607
176,Business Analyst,1,50.0,100.0,70.0,1.2916654940178833,39.87533950805664,54.17505075031118,56.42315500047874,42.718813437888976,51.38241264742492,63.50741285436294,56.698529204826684
176,Customer Support Representative,0,66.66666666666666,100.0,100.0,4.9488725894458625,37.28879165649414,64.66898297022433,63.59330713367846,55.83622871278041,58.43409761202862,75.207825978597,69.50078143735318
176,Market Research Analyst,0,66.66666666666666,100.0,100.0,1.5514020641911315,34.417144775390625,63.72861535927059,62.146587732211174,54.66076919908824,57.32778277561246,74.70106476428461,68.90122781524941
176,Operations Manager,0,75.0,100.0,100.0,4.253071352351773,43.506370544433594,68.41391628451781,64.86756351464277,60.51739535564726,62.83990151119742,79.73641833137064,72.80936553276796
177,Accountant,0,33.33333333333333,8.333333333333332,100.0,0.6414944583888328,31.82575035095215,33.20342005473448,33.13346675087356,39.42094173508477,21.41578829968762,38.949642218795475,33.446538237754886
177,Business Analyst,1,25.0,8.333333333333332,100.0,0.4853950192491299,37.84036636352539,31.165530874082844,34.48543211397361,36.87358025927023,19.01827161656805,36.579672495524086,29.9876187288871
177,Customer Support Representative,0,33.33333333333333,60.0,100.0,6.476543499701491,42.432708740234375,46.003054502657044,52.82521205536981,42.503818128321306,36.474181767831816,52.978321150237434,46.63311551955516
177,Market Research Analyst,0,33.33333333333333,12.5,100.0,0.5830014336519607,40.965919494628906,35.399004805908795,36.511289444987895,41.123756007386,23.998829183422114,41.54300540101294,34.41660809613466
177,Operations Manager,0,50.0,5.0,100.0,2.4264830782055444,46.220176696777344,40.796998966247436,35.8415368711499,49.7462487078093,30.349410548526393,47.568266475901886,39.839967602036275
178,Accountant,0,66.66666666666666,100.0,100.0,1.2893486395791065,33.66779708862305,63.57690519256365,61.91318747573895,54.471131490704565,57.14930022654547,74.56882693720799,68.85498309325905
178,Business Analyst,1,50.0,100.0,100.0,0.9756022044199699,42.16221618652344,58.97067275864151,63.80103501329463,48.7133409483019,51.73020324546061,69.20509697409237,61.936870977250585
178,Customer Support Representative,0,66.66666666666666,100.0,100.0,7.409166594971041,39.17759704589844,65.32134787946374,64.59694545558526,56.65168484932969,59.20158574054559,75.54114457672718,69.93495096773998
178,Market Research Analyst,0,66.66666666666666,100.0,100.0,1.1717826951144088,36.381473541259766,63.966321768789456,62.51228990070173,54.95790221098682,57.60743737504642,75.04771101708505,68.83423616188293
178,Operations Manager,0,75.0,80.0,100.0,3.8402004701741155,45.66685485839844,64.67605829928588,59.11701276813213,60.84507287410736,58.44242152857163,75.41179791618796,68.03062361238366
179,Accountant,0,100.0,100.0,100.0,3.874161933362047,45.16748046875,77.35624636031682,65.16345593894893,71.69530795039601,73.36028983566683,90.32367302389707,83.03661681176978
179,Business Analyst,1,50.0,100.0,70.0,1.2340836738507917,47.53061294555664,55.31470449291111,58.17646845063249,44.143380616138906,52.72318175636602,64.85834346098059,56.688367707150135
179,Customer Support Representative,0,66.66666666666666,100.0,100.0,4.640816041259301,40.59669494628906,65.1189599814656,64.28557945866501,56.398699976831985,58.963482331135985,75.79157361797257,69.44641851708498
179,Market Research Analyst,0,66.66666666666666,100.0,100.0,1.4822413139188388,38.150718688964844,64.27827733376589,62.99222153912701,55.347846667207364,57.97444392207751,75.35993074903301,68.88902297696606
179,Operations Manager,0,50.0,80.0,100.0,3.5004470201021842,45.67605972290039,55.876476011450386,59.040732325308284,49.845595014312984,48.089971778176924,65.11930465698242,57.67654947413568
180,Accountant,0,100.0,60.0,100.0,2.4296471715269474,41.05672073364258,68.52295518577543,51.573777208885275,70.65369398221928,62.9681825715005,80.18648012946633,73.36993773615181
180,Business Analyst,1,50.0,60.0,100.0,1.155063465792382,45.37118911743164,51.4789378874836,52.27528905766708,49.34867235935451,42.916397514686594,60.35962160895853,52.55677590572807
180,Customer Support Representative,0,66.66666666666666,100.0,100.0,3.3025639823425443,34.55208969116211,64.01153138435903,62.581843155424146,55.014414230448786,57.66062515806944,74.72487857295017,69.21025638904084
180,Market Research Analyst,0,66.66666666666666,100.0,100.0,1.387331204093661,36.95793151855469,64.08512274173057,62.69506062830346,55.10640342716323,57.747203225565386,75.14943889543122,68.87227413405574
180,Operations Manager,0,75.0,20.0,100.0,3.949448695341796,45.74692916870117,52.704456679606444,40.69916412247145,60.88057084950806,44.35818432894876,61.308281618006085,53.932255652119146
181,Accountant,0,66.66666666666666,60.0,100.0,3.14352407984635,48.77607727050781,58.12127353588645,53.51990800392788,57.65159191985807,50.73091004221936,67.82322932224648,59.77042581801209
181,Business Analyst,1,25.0,60.0,100.0,0.9406417177964225,43.682186126708984,42.443424176675805,51.83603719488586,38.05428022084477,32.286381384324486,49.7674446105957,42.224819126669956
181,Customer Support Representative,0,0.0,100.0,100.0,0.5335850136712124,29.548471450805664,39.51230846967153,60.78816687641774,24.390385587089416,28.83800996431945,46.39090672661277,41.27063264947139
181,Market Research Analyst,0,33.33333333333333,100.0,100.0,1.1297921245184688,31.660198211669922,51.585165217094925,61.41307469296655,39.481456521368656,43.04137084364109,60.48905458637312,55.1013358651111
181,Operations Manager,0,50.0,20.0,100.0,4.158078857884971,44.97995376586914,43.870704893563115,40.57031522086633,49.8383811169539,33.96553516889778,50.8788153704475,43.674955092567934
182,Accountant,0,100.0,60.0,100.0,3.47034332298925,47.275169372558594,69.61182690433218,53.24896446820335,72.01478363041522,64.24920812274374,81.28385341868682,73.55358999817457
182,Business Analyst,1,50.0,60.0,100.0,1.1054504461153387,42.08320236206055,50.97829792122638,51.505073724963665,48.722872401532975,42.32740931908987,59.77938865212833,52.54802066696153
182,Customer Support Representative,0,66.66666666666666,100.0,100.0,1.7457121957565638,30.797571182250977,63.214825840034464,61.356142318001744,54.018532300043084,56.72332451768761,74.06231648314233,68.93551783846685
182,Market Research Analyst,0,66.66666666666666,100.0,100.0,1.327741672985033,33.25946807861328,63.521414796073074,61.82781763498422,54.401768495091346,57.08401740714479,74.49676887661802,68.86175833444834
182,Operations Manager,0,75.0,20.0,100.0,4.535301162584887,42.862457275390625,52.359663765696325,40.16871348568665,60.449579707120414,43.95254560670156,60.79925716624541,54.03564138163262
183,Accountant,0,100.0,60.0,100.0,3.4690511334704874,39.8686408996582,68.5006538049693,51.53946739226046,70.62581725621163,62.94194565290506,79.97681898229263,73.55336196473009
183,Business Analyst,1,50.0,60.0,100.0,0.8830133495527241,43.41318130493164,51.14442919817265,51.760660304881014,48.93053649771582,42.52285788020313,60.01409081851735,52.508767061685774
183,Customer Support Representative,0,66.66666666666666,100.0,100.0,3.6507769702523984,36.36165237426758,64.33519773501132,63.079791387196906,55.41899716876416,58.04140910001332,75.04421316408643,69.27170573984846
183,Market Research Analyst,0,66.66666666666666,100.0,100.0,1.0605754659769946,37.41322708129883,64.10440371542471,62.724723664755956,55.13050464428088,57.769886724029064,75.22978517120958,68.81461135674104
183,Operations Manager,0,75.0,20.0,100.0,4.249103363560782,45.60430145263672,52.72801072242962,40.735401111430185,60.910013403037034,44.38589496756426,61.28311202105354,53.9851358876872
184,Accountant,0,66.66666666666666,60.0,100.0,1.7827795225868328,41.42749786376953,56.81487494128678,51.51006401223608,56.01859367660848,49.19397051916092,66.5264211916456,59.53029442555453
184,Business Analyst,1,50.0,60.0,100.0,1.3489630181005696,40.104705810546875,50.71805032429712,51.10469280661095,48.3975629053714,42.021235675643666,59.43024220186121,52.59099347378246
184,Customer Support Representative,0,33.33333333333333,100.0,100.0,4.593144683879135,42.34871292114258,53.70794530741992,64.67889021654346,42.1349316342749,45.53875918519991,62.37526306451536,55.712515728527684
184,Market Research Analyst,0,66.66666666666666,100.0,100.0,1.6202213502575362,32.390743255615234,63.434978024214246,61.694837985970636,54.293722530267814,56.98232708731088,74.34346449608896,68.91337239514348
184,Operations Manager,0,75.0,20.0,100.0,5.340005365166884,47.95184326171875,53.24377729403284,41.52888814466591,61.554721617541055,44.992679169450405,61.69738410500919,54.177648005617684
185,Accountant,0,66.66666666666666,100.0,100.0,1.8082566696682203,37.0414924621582,64.16079570310728,62.81148056888301,55.20099462888412,57.83623023894975,75.16418494430242,68.9465550985689
185,Business Analyst,1,50.0,100.0,70.0,1.3682406285869368,42.37456512451172,54.561420862964795,57.01757055840737,43.201776078706,51.83696572113505,63.948452669031475,56.712042463868286
185,Customer Support Representative,0,33.33333333333333,100.0,100.0,0.670362706815489,26.969024658203125,50.812574771419456,60.22447400731198,38.51571846427432,42.1324409075523,59.66120042987898,55.02026008551646
185,Market Research Analyst,0,66.66666666666666,100.0,100.0,1.6433754291113365,36.52397537231445,64.05843595354719,62.65400403109825,55.073044941934,57.71580700417317,75.07285839903588,68.91745840905885
185,Operations Manager,0,75.0,100.0,100.0,3.7672471674389736,45.593536376953125,68.65411753165881,65.23710389485971,60.81764691457353,63.12249121371626,80.10474171357997,72.72363185307746
186,Accountant,0,100.0,100.0,100.0,3.4841180258012305,46.15227127075195,77.44545839448297,65.3007052222815,71.80682299310372,73.46524516997998,90.49745963601505,82.96778553396493
186,Business Analyst,1,50.0,100.0,100.0,1.2886808920323904,48.22298812866211,59.92675035310417,65.27192362016025,49.908437941380214,52.85500041541667,70.27464496388156,61.99212015741748
186,Customer Support Representative,0,33.33333333333333,100.0,100.0,6.525191492128164,39.95987319946289,53.639426370405324,64.57347646729025,42.04928296300666,45.45814867106509,61.95370311363071,56.053465165277515
186,Market Research Analyst,0,66.66666666666666,100.0,100.0,1.5478172988610002,35.21448516845703,63.847678703431036,62.329762107842626,54.8095983792888,57.467857298154165,74.8417718924728,68.90059520960293
186,Operations Manager,0,75.0,80.0,100.0,5.101372524749206,46.79273986816406,65.03411685893698,59.66787209067229,61.29264607367124,58.86366689286705,75.6104835061466,68.25318338672045
187,Accountant,0,66.66666666666666,60.0,100.0,1.8339119864640627,40.63185501098633,56.70319838295089,51.33825392248855,55.878997978688616,49.0625863328834,66.38601362938974,59.53931780153287
187,Business Analyst,1,50.0,60.0,100.0,1.3876530534755902,45.752925872802734,51.571086838941746,52.417056675295,49.46385854867719,43.02480804581383,60.426986918729895,52.597821127083925
187,Customer Support Representative,0,66.66666666666666,100.0,100.0,7.618089756923434,42.4586181640625,65.84483952148122,65.40231721253521,57.30604940185153,59.81745826056614,76.120148303462,69.9718197610257
187,Market Research Analyst,0,66.66666666666666,100.0,100.0,1.6666914317317447,36.95515823364258,64.12661078313948,62.758888384317146,55.15826347892435,57.796012686046446,75.14894949221143,68.92157299775658
187,Operations Manager,0,50.0,20.0,100.0,3.4088173731935782,43.124183654785156,43.479950154196814,39.9691540833797,49.349937692746025,33.505823710819776,50.551326527315034,43.5427324776224
188,Accountant,0,33.33333333333333,60.0,100.0,1.670344573317543,45.424034118652344,45.73082347046214,52.40639508276228,42.16352933807769,36.15390996524959,53.506202099370014,45.78496276784035
188,Business Analyst,1,0.0,60.0,100.0,0.4477304623862313,46.17140579223633,33.992870438193385,52.29672375106674,27.491088047741734,22.3445534566981,39.91260102215936,31.8437171404211
188,Customer Support Representative,0,33.33333333333333,100.0,100.0,3.41158350765297,39.60609436035156,53.119318346867345,63.773310277231815,41.39914793358418,44.84625687866747,61.89127155378753,55.50400493272307
188,Market Research Analyst,0,0.0,100.0,100.0,0.5377630406356834,39.2128791809082,40.96259633323159,63.01937897420244,26.203245416539477,30.54423098027245,48.096390443689685,41.27136994834748
188,Operations Manager,0,25.0,20.0,100.0,3.551000035259852,48.182289123535156,35.50999337381925,41.16922057510654,39.38749171727407,24.12940396919912,41.14981572768267,33.27370588857527
189,Accountant,0,66.66666666666666,8.333333333333332,100.0,1.4290258134466054,29.041141510009766,44.57052509851846,32.67260271566942,53.62982303981474,34.78885305708053,52.18373085470761,47.31100455531411
189,Business Analyst,1,50.0,8.333333333333332,100.0,1.08129073159503,42.172996520996094,40.65480975455534,35.62278423777744,48.73517885986084,30.18212912300628,47.63837193507774,40.3868944428305
189,Customer Support Representative,0,33.33333333333333,60.0,100.0,7.201031433014666,42.32326126098633,46.09531057076681,52.96714446784638,42.61913821345852,36.58271831854919,52.95900688919366,46.76096633131631
189,Market Research Analyst,0,66.66666666666666,12.5,100.0,1.2987237645941503,37.615264892578125,46.670431631909175,35.903228151655135,55.21303953988647,37.25933133165785,54.677203608494175,48.268402232967595
189,Operations Manager,0,75.0,5.0,100.0,4.256215450368812,41.65203857421875,49.136238103688136,35.20959708259713,60.170297629610175,40.16028012198604,57.05624210133273,50.45697919712391
190,Accountant,0,66.66666666666666,60.0,100.0,1.3100228652672328,42.428855895996094,56.89416514752283,51.63204894490692,56.11770643440354,49.28725311473274,66.70313143262676,59.44686678014519
190,Business Analyst,1,50.0,60.0,70.0,0.991245622760719,47.54561233520508,47.28052869369487,45.8161979902998,44.10066086711859,43.27121022787632,55.449225706212665,47.23374922754601
190,Customer Support Representative,0,33.33333333333333,100.0,100.0,6.972004764026199,43.5745849609375,54.24865512541122,65.51075147499162,42.81081890676403,46.17488838283673,62.591593424479164,56.1323145662007
190,Market Research Analyst,0,66.66666666666666,100.0,100.0,1.1905717946275893,39.99691390991211,64.51145618901428,63.350958239509154,55.63932023626786,58.24877198707563,75.68572990567075,68.83755188532643
190,Operations Manager,0,50.0,20.0,100.0,2.8116430513621826,44.22370529174805,43.555302251466536,40.08508038687159,49.44412781433317,33.59447323701945,50.745359757367304,43.4373487737698
191,Accountant,0,66.66666666666666,100.0,100.0,2.0728451650839532,40.69038391113281,64.74781769476584,63.714591325280786,55.93477211845731,58.52684434678335,75.80810696470971,68.9932471859952
191,Business Analyst,1,25.0,100.0,100.0,0.8410579097913009,46.659568786621094,50.87509400446186,64.80783692994132,38.59386750557732,42.20599294642572,59.70462978587432,51.619010219374935
191,Customer Support Representative,0,33.33333333333333,100.0,100.0,6.274918275293202,36.16082763671875,53.03202855346846,63.63901828738737,41.29003569183558,44.74356300408054,61.28328330844056,56.00929930348312
191,Market Research Analyst,0,33.33333333333333,100.0,100.0,1.0101833511830558,37.234031677246094,52.403298920931036,62.67174192963749,40.504123651163795,44.00388108344828,61.47267225676892,55.0802284345225
191,Operations Manager,0,50.0,80.0,100.0,2.899164328816091,43.824928283691406,55.50861389187613,58.474790602886344,49.385767364845165,47.65719281397192,64.79263440300437,57.57044076390873
192,Accountant,0,66.66666666666666,8.333333333333332,100.0,1.9222734743573364,38.07211685180664,45.9991585489246,34.87050033167886,55.415614852822415,36.46959829285246,53.77743238561294,47.39804826018071
192,Business Analyst,1,25.0,8.333333333333332,100.0,0.5874176596054259,37.630165100097656,31.149304080622127,34.46046781634174,36.853296767444334,18.999181271320154,36.54257815491919,30.005622724244095
192,Customer Support Representative,0,33.33333333333333,60.0,100.0,4.9903730660552785,38.099491119384766,45.13014629448267,51.48227635048616,41.41268286810334,35.44723093468549,52.21363568773456,46.37085014891172
192,Market Research Analyst,0,33.33333333333333,12.5,100.0,0.7055394557451605,39.49613571166992,35.19691794177893,36.20038657709579,40.87114742722366,23.76107993150462,41.28363179225548,34.43823245297464
192,Operations Manager,0,50.0,5.0,100.0,2.9364928652885545,42.055091857910156,40.24873770847981,34.998058013045856,49.06092213559977,29.70439730409389,46.833251504337085,39.92996932916857
193,Accountant,0,33.33333333333333,8.333333333333332,100.0,1.1835111923467863,38.225685119628906,34.24471278012968,34.73545555917388,40.72255764182877,22.640838564858452,40.079042472091366,33.542188249629824
193,Business Analyst,1,0.0,8.333333333333332,100.0,0.11235119121181568,35.5488166809082,22.01584184748467,33.87052591920718,25.436468976022503,8.253931585276082,25.881163728003408,19.62766981805699
193,Customer Support Representative,0,33.33333333333333,60.0,100.0,4.5606276885226515,35.30842208862305,44.64702413323852,50.739011487033615,40.808780166548146,34.87885192145708,51.721094094070736,46.29501272934713
193,Market Research Analyst,0,0.0,12.5,100.0,0.13494350570452737,33.500938415527344,22.54538228818478,34.685203520284276,25.056727860230982,8.876920339040918,26.500165602740122,20.612048853947858
193,Operations Manager,0,25.0,5.0,100.0,3.010456864196129,43.49950408935547,31.72649414303274,35.34845252774267,38.40811767879092,19.67822840356793,36.79403013341567,29.6489041525052
194,Accountant,0,33.33333333333333,8.333333333333332,100.0,1.5435125845796376,41.30590057373047,34.760745307079844,35.52935175448182,41.36759830051648,23.24793565538805,40.62260990516812,33.60571790708268
194,Business Analyst,1,0.0,8.333333333333332,100.0,0.41373355787316934,41.4466438293457,22.945723274749497,35.30111273038384,26.59882076010354,9.347909734999408,26.921956754198263,19.680854941585462
194,Customer Support Representative,0,33.33333333333333,60.0,100.0,6.506095932353685,41.530677795410156,45.87218272583124,52.623870860253184,42.34022840728905,36.320214971566166,52.819139218797865,46.63833065472908
194,Market Research Analyst,0,0.0,12.5,100.0,0.4969298155615893,37.08891677856445,23.137876989118904,35.5967338294137,25.79734623639864,9.573972928375184,27.133338255040787,20.675928790981455
194,Operations Manager,0,25.0,5.0,100.0,2.432497117419223,47.783119201660156,32.28234244786191,36.203603765941395,39.102928059827384,20.33216758571989,37.54996221205768,29.546911256015157
195,Accountant,0,66.66666666666666,8.333333333333332,100.0,3.013517330525152,44.16197967529297,47.07632455087271,36.52767879621444,56.76207235525756,37.73685241279143,54.85211406034582,47.59062070538679
195,Business Analyst,1,25.0,8.333333333333332,100.0,0.6800174495458261,47.035213470458984,32.57395130466739,36.65223277641137,38.63410579750091,20.675236829020456,38.20229257321825,30.02196386364534
195,Customer Support Representative,0,0.0,60.0,100.0,7.157213187731286,42.63641357421875,34.46904401429251,53.02929848352693,28.086305017865637,22.90475766387354,39.288778866038605,33.02774350371729
195,Market Research Analyst,0,33.33333333333333,12.5,100.0,0.8167598188519674,36.82748794555664,34.81330383132796,35.61021102255583,40.39162978915995,23.30976921332701,40.81269395117666,34.45785957587584
195,Operations Manager,0,25.0,5.0,100.0,1.8698588458058323,39.82990264892578,31.004964224209743,34.23840649878422,37.50620528026218,18.829369675540875,36.14645340863396,29.447622149259857
196,Accountant,0,0.0,100.0,100.0,0.16315532176371278,18.323041915893555,37.77292958564859,58.11219936253629,22.21616198206074,26.79168186546893,44.40994857339298,41.20526270384066
196,Business Analyst,1,0.0,100.0,100.0,0.12345356925919466,31.262271881103516,39.70785881755441,61.08901356546832,24.63482352194301,29.06806919712283,46.69334209666533,41.198256512222216
196,Customer Support Representative,0,33.33333333333333,100.0,100.0,7.423749389750714,42.53493118286133,54.16046875255847,65.37508013214124,42.7005859406981,46.071139708892325,62.40812511070102,56.21203420603444
196,Market Research Analyst,0,0.0,100.0,100.0,0.1482784227553467,35.515445709228516,40.349558619797584,62.07624403045782,25.436948274746975,29.823010140938326,47.44390218398151,41.20263736872154
196,Operations Manager,0,25.0,100.0,100.0,2.3393470776393963,40.24913024902344,50.138271598999424,63.67426399846065,37.67283949874929,41.33914305764638,58.573375926298255,51.88341419017166
197,Accountant,0,66.66666666666666,100.0,100.0,2.2020380269544266,43.75849914550781,65.22741390920267,64.45243165518359,56.53426738650333,59.09107518729725,76.34953906489353,69.01604592632529
197,Business Analyst,1,25.0,100.0,70.0,0.8934779748280138,40.58662033081055,45.47201474584578,56.4954073013012,31.840018432307232,41.14354675981857,53.33881535249598,46.334143172028476
197,Customer Support Representative,0,33.33333333333333,100.0,100.0,1.0638134833278117,29.686912536621094,51.279275569659,60.94247523537282,39.09909446207375,42.681500670187056,60.140827702540975,55.08969257548922
197,Market Research Analyst,0,33.33333333333333,100.0,100.0,1.073144386744995,30.583345413208008,51.41514013665961,61.15149764614299,39.268925170824524,42.84134133724661,60.299021739585726,55.09133920550401
197,Operations Manager,0,50.0,100.0,100.0,3.9495929287736447,46.650177001953125,60.089965489609014,65.52302383016772,50.11245686201127,53.04701822306943,69.9970900591682,62.46169286978358
198,Accountant,0,33.33333333333333,100.0,100.0,1.0833422051477148,43.232994079589844,53.3141171093773,64.07300068109328,41.64264638672163,45.07543189338506,62.531312680711935,55.093138820516266
198,Business Analyst,1,25.0,100.0,70.0,0.8197247905177287,42.55058288574219,45.755546151438985,56.931609463752295,32.194432689298736,41.47711311933999,53.68539697983686,46.32112790420901
198,Customer Support Representative,0,33.33333333333333,100.0,100.0,4.357866759352817,39.90517807006836,53.306123391079836,64.06070265294333,41.632654238849796,45.06602751891746,61.94405103197284,55.670996094787746
198,Market Research Analyst,0,33.33333333333333,100.0,100.0,0.9845604283520795,35.72629165649414,52.1732944793936,62.317888942656815,40.216618099242,43.733287622816,61.20660048840092,55.07570674225821
198,Operations Manager,0,50.0,80.0,100.0,3.8004074892189363,51.401947021484375,56.7803531766055,60.431312579393065,50.975441470756884,49.153356678359415,66.12975535673255,57.72948367456805
199,Accountant,0,33.33333333333333,100.0,100.0,1.5961441610275542,49.7053337097168,54.36188834727832,65.68495643171023,42.9523604340979,46.308103937974494,63.673490262499044,55.183633283318585
199,Business Analyst,1,0.0,100.0,100.0,0.427841281773717,42.072574615478516,41.375062384587835,63.65394213013513,26.718827980734797,31.02948515833863,48.60104257920209,41.25197199090125
199,Customer Support Representative,0,33.33333333333333,100.0,100.0,1.0736973133486583,30.08843994140625,51.3409872548799,61.03741628955882,39.176234068599875,42.75410265279988,60.211685479856,55.091436780787014
199,Market Research Analyst,0,0.0,100.0,100.0,0.513874413123197,34.82750701904297,40.30120721482493,62.00185725357681,25.376509018531156,29.766126135088147,47.322501238654645,41.267154308198215
199,Operations Manager,0,25.0,80.0,100.0,2.5154417978020227,49.85806655883789,47.60602625349598,59.778501928455356,39.50753281686999,38.360030886465864,55.56318821626551,47.20860737608271
200,Accountant,0,100.0,100.0,100.0,2.7538075055746907,43.691890716552734,76.96685473331911,64.56439189741403,71.2085684166489,72.90218203919896,90.06327483233284,82.83890720686611
200,Business Analyst,1,50.0,100.0,70.0,1.3091705161104286,48.947505950927734,55.53850147005573,58.520771492393415,44.423126837569654,52.986472317712625,65.1083834031049,56.70161832637243
200,Customer Support Representative,0,33.33333333333333,100.0,100.0,3.1849000062719552,35.16294860839844,52.41884395886722,62.69565737261625,40.52355494858403,44.0221693633732,61.107187009325216,55.46400196189112
200,Market Research Analyst,0,66.66666666666666,100.0,100.0,1.5724271109496462,39.987918853759766,64.56738522803974,63.43700291493294,55.70923153504968,58.31457085651734,75.68414254282034,68.90493811761857
200,Operations Manager,0,75.0,100.0,100.0,4.310710197957615,48.27748107910156,69.13822869155888,65.98189029470596,61.422785864448606,63.69203375477515,80.57837901395911,72.81953709375723
201,Accountant,0,0.0,100.0,100.0,0.16469451259005405,36.029476165771484,40.42912560175423,62.19865477192958,25.53640700219279,29.916618355004978,47.5346134410185,41.20553432575118
201,Business Analyst,1,0.0,100.0,70.0,0.12461821776240456,36.21693420410156,35.95123286327959,55.30958902043014,19.939041079099496,29.94262689797599,42.273576624253224,35.90434439136983
201,Customer Support Representative,0,33.33333333333333,100.0,100.0,5.058578269544837,44.5106086730957,54.10204470806274,65.2851969867632,42.627555885078436,46.00240553889734,62.75677407956591,55.79465106717458
201,Market Research Analyst,0,0.0,100.0,100.0,0.14967726641905452,33.70597457885742,40.07834777679147,61.658996579679176,25.09793472098934,29.503938560931143,47.12458374921013,41.20288422348571
201,Operations Manager,0,25.0,80.0,100.0,3.3391525716842096,50.6086540222168,47.84217098908515,60.14180152166946,39.802713736356445,38.637848222453115,55.695644827450025,47.353968100885446
202,Accountant,0,100.0,100.0,100.0,4.142245214831255,46.87758255004883,77.65297416473202,65.61996025343387,72.06621770591502,73.70938137027296,90.62545574412627,83.0839256261467
202,Business Analyst,1,50.0,100.0,100.0,1.5321043141866795,49.38380813598633,60.13738686752595,65.59597979619376,50.17173358440744,53.10280807944229,70.47949555340935,62.035077231915295
202,Customer Support Representative,0,33.33333333333333,100.0,100.0,4.781159715115072,35.249786376953125,52.6713085804769,63.08406448278497,40.839135725596115,44.31918656526694,61.1225113214231,55.74569485168698
202,Market Research Analyst,0,66.66666666666666,100.0,100.0,1.8401898994697803,41.01976776123047,64.76232698243837,63.736913306315444,55.952908728047966,58.54391409698631,75.86623352649164,68.95219037441623
202,Operations Manager,0,50.0,80.0,100.0,2.743443377018374,42.584503173828125,55.29919198262698,58.15260305019535,49.12398997828373,47.41081409720821,64.57373585420497,57.54296059594442
203,Accountant,0,66.66666666666666,60.0,100.0,2.0934134477740547,50.58120346069336,58.23452586960344,53.694142363492475,57.7931573370043,50.8641480818864,68.14178100286745,59.585112177058164
203,Business Analyst,1,25.0,60.0,100.0,0.8234095138333101,41.44748306274414,42.090633886486614,51.29328290228711,37.613292358108275,31.871333984101906,49.373085246366614,42.20413109067646
203,Customer Support Representative,0,33.33333333333333,100.0,100.0,4.377455691443356,38.655643463134766,53.12163153985338,63.77686903567187,41.40203942481673,44.848978282180454,61.72354492486692,55.67445296515667
203,Market Research Analyst,0,33.33333333333333,100.0,100.0,0.9889861000017757,36.98474884033203,52.362726907716734,62.609323447769334,40.45340863464592,43.956149303196156,61.42868116790173,55.07648774313756
203,Operations Manager,0,25.0,20.0,100.0,1.0303203094351152,44.684932708740234,34.6072879527263,39.78044300419431,38.259109940907884,23.06739759144271,40.53263518389534,32.8288800546062
204,Accountant,0,33.33333333333333,8.333333333333332,100.0,1.2235971178542449,41.77783203125,34.783547705698965,35.56443236774201,41.39610129879038,23.27476200670467,40.70589192708333,33.549262236484076
204,Business Analyst,1,25.0,8.333333333333332,70.0,0.9258504712039771,41.60604476928711,27.296450952740326,28.533001465754353,32.03723035759208,19.76053053263568,31.950086331834978,24.77122851452619
204,Customer Support Representative,0,0.0,60.0,100.0,4.085674852690864,37.26563262939453,33.20269612231281,51.08107095740432,26.503370152891012,21.414936614485658,38.34099399342257,32.485707326945445
204,Market Research Analyst,0,33.33333333333333,12.5,100.0,1.1120265570385326,31.75811767578125,34.09718830158963,34.50849482295841,39.496485376987046,22.467280354811333,39.918099197686885,34.509965470849934
204,Operations Manager,0,50.0,5.0,100.0,4.092694590342712,43.96449279785156,40.70857810822914,35.70550478189099,49.63572263528643,30.245386009681344,47.170204611385564,40.134004927707544
205,Accountant,0,66.66666666666666,8.333333333333332,100.0,1.8795338587871302,36.145729064941406,45.703789438559284,34.41608631573223,55.04640346486577,36.122105221834445,53.437481599695545,47.39050597508008
205,Business Analyst,1,50.0,8.333333333333332,70.0,1.4221734289906875,43.483726501464844,36.402551656235,29.08084870189999,43.41985623696041,30.473590183805882,42.57555957868988,35.15293256590032
205,Customer Support Representative,0,33.33333333333333,60.0,100.0,4.438104013960005,35.90589141845703,44.71826598152922,50.84861433055778,40.89783247691153,34.96266586062261,51.826529858159084,46.27339090442432
205,Market Research Analyst,0,66.66666666666666,12.5,100.0,1.7081533907906539,36.897247314453125,46.6241434391199,35.832015547363945,55.155179298899874,37.2048746342587,54.550494624119175,48.34065451994344
205,Operations Manager,0,50.0,5.0,100.0,1.7795448592845824,38.5455436706543,39.54876327949083,33.92117427613974,48.18595409936354,28.880897975871566,46.21391947129193,39.7258020339914
206,Accountant,0,66.66666666666666,8.333333333333332,100.0,1.9161403292969434,39.3624382019043,46.191786779680186,35.166851455918234,55.6564001412669,36.69621974080022,54.005136153277235,47.39696594046416
206,Business Analyst,1,25.0,8.333333333333332,100.0,0.5855434633656837,36.72999572753906,31.013997545302377,34.252303915849815,36.684163598294646,18.839997112120443,36.38372473623238,30.005291983731198
206,Customer Support Representative,0,66.66666666666666,60.0,100.0,5.597463686131847,37.95376968383789,56.86601833882879,51.5887461623007,56.08252292353599,49.254139222151515,65.91341033636354,60.20347398382719
206,Market Research Analyst,0,33.33333333333333,12.5,100.0,0.7032883838318041,37.50246047973633,34.897528996201885,35.73978819928495,40.496911245252356,23.408857642590455,40.931806751326015,34.43783520498992
206,Operations Manager,0,50.0,5.0,100.0,2.9271237838587414,43.20799255371094,40.42026745063545,35.261949924054534,49.275334313294316,29.90619700074759,47.036704568301936,39.92831596185742
207,Accountant,0,33.33333333333333,8.333333333333332,100.0,1.038504949340094,34.92805480957031,33.728317297169895,33.94100097000497,40.07706328812903,22.033314467258695,39.497107711492795,33.51659891262864
207,Business Analyst,1,25.0,8.333333333333332,100.0,0.7857981051641564,34.945865631103516,30.776416227106814,33.88679419554895,36.38718695055019,18.5604896789492,36.068878248626106,30.04063103816622
207,Customer Support Representative,0,66.66666666666666,60.0,100.0,1.473112062915916,29.792272567749023,55.023141027933065,48.753550299384216,53.77892628491634,47.086048268156546,64.47314613940668,59.47564722678908
207,Market Research Analyst,0,33.33333333333333,12.5,100.0,0.9438115425666653,32.466678619384766,34.17824019095938,34.6331900373734,39.59780023869923,22.56263551877574,40.04313936420515,34.48028046829607
207,Operations Manager,0,50.0,5.0,100.0,3.643116614777215,47.600250244140625,41.18650502883768,36.440776967442574,50.233131286047104,30.80765297510315,47.811808866613056,40.054667637901865
208,Accountant,0,100.0,60.0,100.0,2.354099545561113,44.817481994628906,69.07573723102851,52.42421112465924,71.34467153878563,63.6185143894453,80.85014388140512,73.35660580215784
208,Business Analyst,1,50.0,60.0,70.0,1.1191478383288098,44.292022705078125,46.81167558151104,45.09488551001698,43.5145944768888,42.71961833118946,54.875062830307904,47.25632020676391
208,Customer Support Representative,0,66.66666666666666,100.0,100.0,1.343743798095254,30.314844131469727,63.08212152276808,61.15198182989961,53.8526519034601,56.567201791491854,73.97712935653388,68.86458223887955
208,Market Research Analyst,0,66.66666666666666,100.0,100.0,1.34419342667237,35.902584075927734,63.92034995872335,62.44156403906157,54.90043744840419,57.553352892615706,74.96320111143822,68.86466158509904
208,Operations Manager,0,75.0,20.0,100.0,3.8266442501929063,48.103187561035156,53.03947477168421,41.21457657182186,61.29934346460527,44.75232326080496,61.72409192253562,53.91058427944581
209,Accountant,0,66.66666666666666,60.0,100.0,2.261032630871056,45.27214813232422,57.463310447812624,52.507657099198916,56.82913805976578,49.95683582095603,67.20488888609643,59.61469203289881
209,Business Analyst,1,25.0,60.0,100.0,0.8893397438171651,45.020355224609375,42.636454245263984,52.13300653117536,38.29556780657998,32.51347558266351,50.00359209846048,42.21576583714421
209,Customer Support Representative,0,66.66666666666666,100.0,100.0,1.272457584418762,28.51169776916504,62.8009566363709,60.719420466211645,53.50119579546363,56.23641957220106,73.65892705730363,68.85200231881899
209,Market Research Analyst,0,33.33333333333333,100.0,100.0,1.0681740130978987,40.07878875732422,52.83871108222998,63.34160679317433,41.04838885278748,44.51613068497645,61.97468821207682,55.09046208074276
209,Operations Manager,0,25.0,20.0,100.0,2.0374531558622375,44.84004211425781,34.781624290518,40.048652754643086,38.47703036314751,23.272499165315303,40.56000743192785,33.00660938044628
210,Accountant,0,100.0,60.0,100.0,3.2192109699241636,44.73836898803711,69.19363699369418,52.60559537491414,71.49204624211775,63.757219992581405,80.83618276259479,73.50927252410426
210,Business Analyst,1,50.0,60.0,100.0,1.1906989469474996,47.09793472290039,51.74329505047719,52.68199238534952,49.67911881309649,43.22740594173787,60.664341421688306,52.563064520049565
210,Customer Support Representative,0,66.66666666666666,100.0,100.0,6.536829525651908,39.87939453125,65.29576694186862,64.55759016697736,56.61970867733577,59.17149051984543,75.66499119178921,69.78100913197778
210,Market Research Analyst,0,66.66666666666666,100.0,100.0,1.4301325015491835,38.85234451293945,64.37570488550662,63.142110080266605,55.469631106883284,58.08906457118426,75.48374707091088,68.87982730419495
210,Operations Manager,0,50.0,20.0,100.0,3.567198767704764,44.012855529785156,43.637008144623486,40.21078176095921,49.54626018077936,33.6905978172041,50.70815097584444,43.570682135477306
211,Accountant,0,33.33333333333333,100.0,100.0,1.3369350706976935,37.72922897338867,52.52659127327962,62.86142247171224,40.658239091599526,44.148930909740734,61.56006001491173,55.13789050267214
211,Business Analyst,1,0.0,100.0,100.0,0.12691578139442405,37.328975677490234,40.6183837188327,62.48982110589647,25.772979648540876,30.13927496333259,47.76393688426299,41.19886749083431
211,Customer Support Representative,0,33.33333333333333,100.0,100.0,5.151842365842454,35.439334869384766,52.75534325195075,63.213348592744744,40.94417906493844,44.41805088464794,61.155961055381624,55.81110943710945
211,Market Research Analyst,0,0.0,100.0,100.0,0.15243683921699142,35.86598587036133,40.40276340643675,62.158097548364225,25.503454258045938,29.885604007572645,47.505762212416705,41.20337120692065
211,Operations Manager,0,25.0,100.0,100.0,2.404953247548601,44.87704086303711,50.84229911658786,64.75738325628902,38.55287389573483,42.16741072539748,59.390066034653614,51.8949917495674
212,Accountant,0,66.66666666666666,100.0,100.0,1.4728247420783014,36.83320999145508,64.07923854336335,62.68600801543078,55.099048179204175,57.74028063925099,75.12742921417835,68.88736122899421
212,Business Analyst,1,50.0,100.0,70.0,1.1144317533579757,40.063106536865234,54.17663074353348,56.42558575928227,42.72078842941686,51.384271462980564,63.54054821238798,56.66725266235729
212,Customer Support Representative,0,66.66666666666666,100.0,100.0,1.7598953530770969,26.617341995239258,62.58991893558078,60.3947470803807,53.237398669475986,55.98813992421269,73.32462897955202,68.93802074858223
212,Market Research Analyst,0,66.66666666666666,100.0,100.0,1.3385290004006007,35.055397033691406,63.79242223844713,62.24475216171354,54.74052779805892,57.402849692290744,74.81369751574947,68.86366198046285
212,Operations Manager,0,50.0,80.0,100.0,2.97557519106096,39.52190399169922,54.87462187741403,57.49941827294466,48.59327734676754,46.91131985578121,64.03327717500575,57.583925033716646
213,Accountant,0,66.66666666666666,60.0,100.0,3.1688540942843275,53.397911071777344,58.818348108242574,54.5923304229373,58.52293513530322,51.55099777440303,68.63884705188228,59.774895820559976
213,Business Analyst,1,25.0,60.0,70.0,0.9482212583653983,50.7357292175293,39.0025925713842,46.54245010982185,33.75324071423026,33.5324618486873,45.71806986191694,36.932039045593896
213,Customer Support Representative,0,0.0,100.0,100.0,4.184394641018522,37.43084716796875,41.24228627134809,63.44967118668937,26.55285783918512,30.87327796629187,47.781914206112134,41.91489317194444
213,Market Research Analyst,0,33.33333333333333,100.0,100.0,1.1388958088227943,39.513092041015625,52.764464844142424,63.22738181150117,40.95558105517803,44.42878216957932,61.87485937978707,55.10294239763539
213,Operations Manager,0,50.0,20.0,100.0,3.2685611966484154,48.986427307128906,44.33824827556659,41.28961273164092,50.42281034445824,34.51558620654894,51.58584011302275,43.517981387643836
214,Accountant,0,66.66666666666666,100.0,100.0,1.8742646419909748,43.639366149902344,65.16037795211733,64.34929941351383,56.450472440146655,59.01220935543215,76.3285155950808,68.9582035642729
214,Business Analyst,1,25.0,100.0,70.0,0.7372109600699006,46.98003387451172,46.407586725187244,57.93474880798037,33.00948340648405,42.244219676690875,54.46706480138442,46.30656664001234
214,Customer Support Representative,0,33.33333333333333,100.0,100.0,5.828213484986996,40.552391052246094,53.623757347251626,64.54937027782302,42.02969668406453,45.439714526178385,62.05826508765127,55.93046904637025
214,Market Research Analyst,0,33.33333333333333,100.0,100.0,0.885454175631121,40.750755310058594,52.91209808952012,63.45450988131301,41.14012261190015,44.60246834061191,62.0932705449123,55.05821740354274
214,Operations Manager,0,50.0,100.0,100.0,3.41785692734071,48.87104797363281,60.34333573514603,65.91282420791697,50.42916966893254,53.34510086487768,70.3890084659352,62.367857104824836
215,Accountant,0,66.66666666666666,8.333333333333332,100.0,3.9434255557981164,47.39326858520508,47.70050412115048,37.48795505818022,57.54229681810477,38.47118131900056,55.422341515036194,47.75472215690555
215,Business Analyst,1,25.0,8.333333333333332,100.0,0.9346343754485956,45.66001510620117,32.40586408891413,36.39363705986789,38.423996777809336,20.477487163428393,37.95961050893746,30.066896262334065
215,Customer Support Representative,0,0.0,60.0,100.0,4.124437242295757,39.55733108520508,33.55226524912513,51.61886961403866,26.940331561406406,21.82619441073544,38.74541136797737,32.492547748640426
215,Market Research Analyst,0,33.33333333333333,12.5,100.0,1.1225767863663818,38.505096435546875,35.11081764995365,36.06792458967229,40.76352206244207,23.65978547053371,41.10874250823376,34.511827276025436
215,Operations Manager,0,25.0,5.0,100.0,1.1694943557767001,42.2666015625,31.265414387741508,34.639099058063856,37.83176798467689,19.135781632637066,36.57645909926471,29.3240284157253
216,Accountant,0,100.0,8.333333333333332,100.0,2.7344963643313656,42.57175827026367,58.46260486185592,36.09631517208604,70.99492274398658,51.13247630806579,68.29697694965438,61.266871907431025
216,Business Analyst,1,50.0,8.333333333333332,100.0,1.2999899264370303,40.398040771484375,40.42137127135488,35.26364810977674,48.44338075586026,29.90749561335868,47.325144449869796,40.425488418390856
216,Customer Support Representative,0,66.66666666666666,60.0,100.0,1.5608781444322752,27.71916389465332,54.725339639196164,48.295394316712056,53.40667454899521,46.73569369317196,64.1073034323898,59.491135358821374
216,Market Research Analyst,0,66.66666666666666,12.5,100.0,1.5614004280849536,35.941734313964844,46.4588035446408,35.57764647893457,54.94850443080101,37.01035711134212,54.381874682856534,48.3147569382895
216,Operations Manager,0,50.0,5.0,100.0,1.626658425445739,41.75111770629883,40.006666419761686,34.62564064578721,48.75833302470211,29.419607552660807,46.779609006993915,39.69882207507866
217,Accountant,0,100.0,100.0,100.0,2.6948733894265837,50.29036331176758,77.94778550517913,66.07351616181404,72.43473188147391,74.05621824138721,91.22771117266487,82.82850706872235
217,Business Analyst,1,50.0,100.0,70.0,1.1467770241370747,48.214210510253906,55.404148130158646,58.31407404639791,44.25518516269831,52.828409564892524,64.97897832533893,56.672960651318306
217,Customer Support Representative,0,33.33333333333333,100.0,100.0,5.135626362098786,38.068275451660156,53.147251938730506,63.81628503394437,41.43406492341313,44.879119927918246,61.6198917463714,55.80824778938998
217,Market Research Analyst,0,66.66666666666666,100.0,100.0,1.377378470395671,39.2707405090332,64.43055118024766,63.226488995252815,55.53818897530958,58.15358962382078,75.55758165845684,68.87051776928551
217,Operations Manager,0,75.0,80.0,100.0,3.700488480095538,47.10184097290039,64.8703494179494,59.41592218146059,61.08793677243674,58.67099931523458,75.6650307599236,68.00596855531099
218,Accountant,0,100.0,8.333333333333332,100.0,3.9415394542038005,40.8714599609375,58.38861657893786,35.982487044519786,70.902437390339,51.04543126933866,67.9969243068321,61.47987951152616
218,Business Analyst,1,50.0,8.333333333333332,70.0,1.0032806729974144,45.989356994628906,36.71556231681062,29.562403564324022,43.81111956267994,30.841838019777196,43.01772966571883,35.079010314842684
218,Customer Support Representative,0,66.66666666666666,60.0,100.0,3.772873055360404,34.557655334472656,56.08291259180829,50.38396808996148,55.103640739760365,48.33283834330387,65.31409603941674,59.881487401926336
218,Market Research Analyst,0,66.66666666666666,12.5,100.0,1.2050269317093847,39.908817291259766,47.000409966778705,36.410887128377496,55.62551245847339,37.64754113738671,55.081948149438,48.251867497752635
218,Operations Manager,0,50.0,5.0,100.0,2.8457801659116084,42.85796356201172,40.355561559188494,35.16240239875154,49.19445194898562,29.83007242257471,46.97493474623736,39.913961205749104
219,Accountant,0,33.33333333333333,100.0,100.0,2.0191072441285893,45.44099426269531,53.78568189269025,64.79848496311321,42.232102365862815,45.630213991400296,62.92095977184819,55.25827382739524
219,Business Analyst,1,0.0,100.0,100.0,0.5412151686915581,40.0268440246582,41.085208879002465,63.20801366000379,26.356511098753085,30.68848103412055,48.2400312984691,41.271979147416154
219,Customer Support Representative,0,33.33333333333333,100.0,100.0,5.27100921296855,39.682857513427734,53.4097466756261,64.22012309070682,41.76218334453263,45.18793726544248,61.904817992565675,55.83213888071994
219,Market Research Analyst,0,0.0,100.0,100.0,0.6500462648946551,32.74249267578125,40.00888084110138,61.5521243709252,25.011101051376738,29.422212754236927,46.95455753102022,41.291184634981406
219,Operations Manager,0,0.0,100.0,100.0,1.7876422227243636,43.174259185791016,41.7442852112773,64.22197724811892,27.180356514096637,31.463864954443892,48.795457503374884,41.49193686283371
220,Accountant,0,66.66666666666666,100.0,100.0,1.4816713824160308,39.144142150878906,64.42720536332757,63.22134158460653,55.534006704159474,58.149653368620676,75.53524077172372,68.88892240081852
220,Business Analyst,1,50.0,100.0,70.0,1.1211256773675566,47.11800003051758,55.23586885618277,58.0551828556658,44.04483607022846,52.63043394845032,64.78552941715016,56.66843394306486
220,Customer Support Representative,0,66.66666666666666,100.0,100.0,6.154878568231299,39.12907409667969,65.12592623306998,64.29629676882561,56.407407791337484,58.9716779212588,75.53258170333564,69.71360602184474
220,Market Research Analyst,0,66.66666666666666,100.0,100.0,1.3465689825585965,37.74961853027344,64.19776146025814,62.8683509644997,55.247201825322676,57.87971936500957,75.28914836808747,68.86508080084367
220,Operations Manager,0,75.0,80.0,100.0,4.438088407048364,46.21208953857422,64.84752669184338,59.380810295143675,61.05940836480424,58.64414904922752,75.50801580092487,68.13613324830266
221,Accountant,0,100.0,100.0,100.0,3.438328910183724,48.1187629699707,77.73356378202317,65.74394428003563,72.16695472752896,73.80419268473314,90.84448758293601,82.95970510179714
221,Business Analyst,1,50.0,100.0,70.0,1.095252507864231,52.17805480957031,55.99099609761518,59.21691707325412,44.98874512201898,53.5188189383708,65.6784802605124,56.6638680896231
221,Customer Support Representative,0,66.66666666666666,100.0,100.0,7.908312092271852,41.86317443847656,65.7990563129456,65.33188150709579,57.24882039118199,59.76359566228893,76.01506999894684,70.02303546726365
221,Market Research Analyst,0,66.66666666666666,100.0,100.0,1.3154930664173619,43.12360382080078,64.99919786641605,64.1013300508965,56.248997333020064,58.82258572519535,76.23749871347465,68.85959681564228
221,Operations Manager,0,50.0,80.0,100.0,1.3704734811221826,44.2634391784668,55.34508689893835,58.223210613751306,49.18135862367294,47.46480811639806,64.87001867855297,57.30067179078627
222,Accountant,0,33.33333333333333,100.0,100.0,1.1646612476385927,40.535823822021484,52.921739427115675,63.46934270838309,41.152174283894595,44.613811090724326,62.0553414587881,55.10748923977936
222,Business Analyst,1,25.0,100.0,70.0,0.8812558882209223,46.359405517578125,46.336099210869854,57.824768016722864,32.920124013587326,42.16011671867042,54.357542150160846,46.331986333215454
222,Customer Support Representative,0,33.33333333333333,100.0,100.0,6.574825126582981,40.15190887451172,53.675676766830875,64.62924630794494,42.09459595853859,45.50079619627162,61.987591762168734,56.06222404194602
222,Market Research Analyst,0,33.33333333333333,100.0,100.0,1.0584646027925857,34.71662902832031,52.0329307113336,62.101944684102975,40.041163389167004,43.56815377803953,61.0284247304879,55.08874865539477
222,Operations Manager,0,50.0,80.0,100.0,3.895565556864986,45.689701080322266,55.937789995578086,59.13506153165859,49.92223749447261,48.162105877150694,65.12171195535099,57.74627627474088
223,Accountant,0,66.66666666666666,100.0,100.0,1.9268586845244933,37.87649917602539,64.30383701241581,63.031544121665355,55.37979626551977,58.004514132253895,75.311539070279,68.96748486589647
223,Business Analyst,1,25.0,100.0,100.0,0.6253951524909671,48.000606536865234,51.04390025340343,65.06753885138988,38.80487531675429,42.4045885334158,59.941283506505634,51.5809520857337
223,Customer Support Representative,0,0.0,100.0,100.0,6.582311139134858,41.975074768066406,42.28360788608019,65.05170444012337,27.85450985760024,32.09836221891787,48.58383672377642,42.33805490690616
223,Market Research Analyst,0,33.33333333333333,100.0,100.0,0.7511537120122067,39.20975875854492,52.66080353725023,63.06790287782087,40.82600442156279,44.30682769088263,61.82132997699812,55.03451732172764
223,Operations Manager,0,50.0,80.0,100.0,2.8964011943515695,44.112674713134766,55.55136138612295,58.54055597865069,49.43920173265369,47.70748398367406,64.84341318467084,57.5699531519444
224,Accountant,0,100.0,100.0,100.0,2.812941094928296,40.89995574951172,76.556934526666,63.93374542564,70.6961681583325,72.41992297254824,89.57058042638442,82.84934254616381
224,Business Analyst,1,50.0,100.0,100.0,0.8960401605470452,44.81619644165039,59.356835490329615,64.39513152358403,49.196044362912026,52.18451234156426,69.67344643087948,61.922830616567126
224,Customer Support Representative,0,66.66666666666666,100.0,100.0,3.7046357047754803,34.60441207885742,64.07969050087827,62.686703334684516,55.099613126097836,57.740812353974434,74.73411193548463,69.28121022241136
224,Market Research Analyst,0,66.66666666666666,100.0,100.0,1.07622179357498,37.39208984375,64.10358007893207,62.72345653169038,55.1294750986651,57.76891773992009,75.22605507046569,68.81737247337597
224,Operations Manager,0,75.0,80.0,100.0,4.3117890142822315,45.697635650634766,64.75141369973755,59.232944153442375,60.93926712467195,58.53107494086771,75.41722982070024,68.11384512016745
225,Accountant,0,66.66666666666666,100.0,100.0,2.005955209239686,44.84247589111328,65.36059799838627,64.65733025392761,56.700747497982846,59.24776235104268,76.5408290788239,68.98144307614034
225,Business Analyst,1,25.0,100.0,100.0,0.7890092639692065,40.68925857543945,49.9717401759113,63.418061809094304,37.46467521988913,41.14322373636624,58.651045630959906,51.60982516422986
225,Customer Support Representative,0,33.33333333333333,100.0,100.0,0.953792782938347,30.541563034057617,51.39097003921606,61.11431288084522,39.23871254902007,42.81290592848948,60.29164837855919,55.07027715777343
225,Market Research Analyst,0,33.33333333333333,100.0,100.0,0.9476684222477225,35.077369689941406,52.070422383495035,62.15962417973596,40.088027979368796,43.61226162764122,61.092084847244564,55.06919638823979
225,Operations Manager,0,50.0,80.0,100.0,3.658004186939178,50.72871398925781,56.658007726429545,60.2430888098916,50.822509658036935,49.009420854622995,66.01094952751609,57.704353680048094
226,Accountant,0,66.66666666666666,100.0,100.0,1.4391865325986242,30.874958038330078,63.18045501897264,61.30326413175278,53.9755687737158,56.68288825761487,74.07597298715629,68.88142507438015
226,Business Analyst,1,50.0,100.0,100.0,1.0889789702132813,40.10679626464844,58.67936628522926,63.35287120804501,48.34920785653657,51.38748974732854,68.84237581140854,61.95687864180234
226,Customer Support Representative,0,66.66666666666666,100.0,100.0,4.095144584313542,35.108642578125,64.21390140769911,62.89318165287043,55.26737675962389,57.898707538469544,74.82309378829656,69.35012355409455
226,Market Research Analyst,0,66.66666666666666,100.0,100.0,1.3079580046645007,34.65629959106445,63.72797197269267,62.145597906706676,54.659964965865846,57.327025850226676,74.74326855528588,68.85826709886236
226,Operations Manager,0,75.0,100.0,100.0,5.240219989339949,42.119388580322266,68.35394128544934,64.77529428530666,60.442426606811665,62.76934268876392,79.49165680829216,72.98356823341294
227,Accountant,0,100.0,8.333333333333332,100.0,2.414613389127282,43.238975524902344,58.514705003771105,36.17646923657094,71.06004792138056,51.19377059267189,68.41472117106119,61.21042197063031
227,Business Analyst,1,50.0,8.333333333333332,100.0,1.0275151210031856,42.51691818237305,40.6983316621731,35.68974101872785,48.789581244383044,30.233331367262476,47.6990639929678,40.37740462919665
227,Customer Support Representative,0,66.66666666666666,60.0,100.0,7.8034168802341375,45.8145866394043,58.37603386127909,53.911846966070414,57.970042326598865,51.03062807209305,67.30061332852232,60.59275984160994
227,Market Research Analyst,0,66.66666666666666,12.5,100.0,1.2341346014851984,35.4588508605957,46.33728115264547,35.3906889527879,54.79660144080684,36.8673895913476,54.29665995579139,48.257004145360135
227,Operations Manager,0,50.0,5.0,100.0,2.185625663765041,43.73008728027344,40.38735694160577,35.21131837170119,49.23419617700722,29.867478754830323,47.12883893181296,39.797463352429126
228,Accountant,0,66.66666666666666,60.0,100.0,3.5157078503431554,47.58924102783203,57.99907566505961,53.33191127957889,57.49884458132451,50.5871478412466,67.61378763236252,59.8361053069233
228,Business Analyst,1,25.0,60.0,70.0,1.0520108603013454,44.761497497558594,38.12202625367899,45.18773269796768,32.652532817098745,32.496501474916464,44.66379367603975,36.95035485770024
228,Customer Support Representative,0,33.33333333333333,100.0,100.0,4.861009815778814,39.52545928955078,53.32463703246611,64.08918517815299,41.655796290582636,45.087808273489536,61.87704183541092,55.75978604592175
228,Market Research Analyst,0,33.33333333333333,100.0,100.0,1.263556104720406,33.94903564453125,51.948555429054416,61.97213655751962,39.935694286318025,43.46888874006402,60.892967074525124,55.124941273382035
228,Operations Manager,0,25.0,20.0,100.0,2.340420084278192,44.036468505859375,34.70653328852063,39.93312813618559,38.38316661065079,23.184156810024277,40.41820032456342,33.06007413251968
229,Accountant,0,66.66666666666666,60.0,100.0,1.3381455451351685,37.967437744140625,56.2291708267247,50.60898075906364,55.28646353340588,48.50490685497024,65.9158223470052,59.45182960600424
229,Business Analyst,1,50.0,60.0,100.0,1.0125250096008152,41.36441421508789,50.8565408837033,51.31775520569739,48.570676104629136,42.1841657455333,59.65254368501551,52.53162206051779
229,Customer Support Representative,0,33.33333333333333,100.0,100.0,4.534403831035178,37.95713806152344,53.04039795055046,63.65189428289814,41.300497438188074,44.75340935358877,61.60027926575904,55.70214969567287
229,Market Research Analyst,0,66.66666666666666,100.0,100.0,1.2161301801549105,34.95368576049805,63.75880572443127,62.19303444784298,54.69850715553909,57.36330085227208,74.79574846753887,68.84206218865478
229,Operations Manager,0,75.0,20.0,100.0,4.872319796935695,47.262298583984375,53.07019275713801,41.26183501098155,61.337740946422514,44.78846206722119,61.575699750114886,54.095115258282775
230,Accountant,0,66.66666666666666,8.333333333333332,100.0,1.8334762909736335,36.7111930847168,45.781700406353565,34.53594934310805,55.14379217460862,36.21376518394537,53.5372693678912,47.38237816899535
230,Business Analyst,1,50.0,8.333333333333332,100.0,1.3873233788880734,40.027618408203125,40.37890793473035,35.198319899585144,48.390301585079605,29.857538746741586,47.259775797526046,40.44090020411751
230,Customer Support Representative,0,66.66666666666666,60.0,100.0,4.920964774390947,35.854827880859375,56.449702231620876,50.9482598435193,55.5621277895261,48.7643555666128,65.54300884172028,60.08409182293173
230,Market Research Analyst,0,66.66666666666666,12.5,100.0,1.666295464015681,32.11906433105469,45.90113730259388,34.719698414247006,54.251421628242355,36.354279179522216,53.70728586234298,48.33326782698315
230,Operations Manager,0,75.0,5.0,100.0,5.491858699666331,41.83195877075195,49.34857262056275,35.536265570096525,60.43571577570344,40.41008543595617,57.08799272425035,50.675033888176415
231,Accountant,0,100.0,100.0,100.0,2.791293560636863,42.650455474853516,76.81626235532354,64.33271131588239,71.02032794415446,72.72501453567477,89.8794921426212,82.84552239305356
231,Business Analyst,1,50.0,100.0,100.0,1.326991528637027,41.81927490234375,58.97193996464712,63.80298456099557,48.714924955808904,51.73169407605544,69.14457792394302,61.99888085799477
231,Customer Support Representative,0,66.66666666666666,100.0,100.0,7.285063472107824,39.54425048828125,65.35773042739169,64.65291860624363,56.697163034239615,59.244388738107865,75.60584812538296,69.91305041664647
231,Market Research Analyst,0,66.66666666666666,100.0,100.0,1.5938316895714222,33.4416389465332,63.588653928749025,61.93126245448568,54.485817410936285,57.1631222691165,74.52891667683919,68.90871539619887
231,Operations Manager,0,50.0,100.0,100.0,2.5440846510179327,43.84000778198242,59.457613864950055,64.55017517684624,49.322017331187574,52.30307513523536,69.50117784387925,62.21366199723846
232,Accountant,0,100.0,8.333333333333332,100.0,3.291742389226341,40.90061950683594,58.29552095107601,35.8392630016554,70.78606785551169,50.93590700126589,68.00207010904948,61.36520944123602
232,Business Analyst,1,50.0,8.333333333333332,70.0,1.2175263544677173,42.18519592285156,36.17707500826456,28.733961551176243,43.138010426997376,30.208323539134778,42.346407123640475,35.11681837627862
232,Customer Support Representative,0,66.66666666666666,60.0,100.0,1.115727630643826,26.511579513549805,54.47742940496237,47.91399395635237,53.09678675620297,46.44403459407338,63.894200306312705,59.41257938579989
232,Market Research Analyst,0,66.66666666666666,12.5,100.0,1.4623545401470393,34.14084243774414,46.17381288001701,35.13919930259027,54.59226610002127,36.675073976490594,54.06407023411171,48.29727825218281
232,Operations Manager,0,75.0,5.0,100.0,4.163024816041665,45.20066833496094,49.65455397265039,36.00700611176983,60.81819246581299,40.77006349723575,57.68247088264017,50.44053379106618
233,Accountant,0,66.66666666666666,8.333333333333332,100.0,1.681642294355203,38.35639953613281,46.0057062745732,34.880573755753645,55.42379950988317,36.477301499497884,53.82759991814108,47.355583934297975
233,Business Analyst,1,50.0,8.333333333333332,100.0,1.2724362356750551,38.956336975097656,40.200982648282576,34.9245886896655,48.167894977019884,29.648214880332443,47.07072613286038,40.420626002374036
233,Customer Support Representative,0,66.66666666666666,60.0,100.0,4.875197826150777,38.898277282714844,56.89935459966317,51.64003271743052,56.124193249578965,49.29335835254491,66.08008814793007,60.07601530265405
233,Market Research Analyst,0,66.66666666666666,12.5,100.0,1.5283060604470575,31.498027801513672,45.78728341262744,34.544538583529395,54.1091042657843,36.22033342662051,53.59769118065927,48.30891675576517
233,Operations Manager,0,75.0,5.0,100.0,5.723357518046901,44.167781829833984,49.73367090218213,36.12872446489558,60.91708862772767,40.86314223786133,57.500196793500116,50.71588662083181
234,Accountant,0,100.0,60.0,100.0,2.3717598304732737,45.38289260864258,69.16319786586737,52.55876594748827,71.45399733233423,63.72140925396162,80.94992222505458,73.3597223230247
234,Business Analyst,1,50.0,60.0,100.0,1.0092792080806179,48.77177429199219,51.96715802501092,53.02639696155526,49.958947531263654,43.49077414707167,60.95972487505745,52.53104927201423
234,Customer Support Representative,0,33.33333333333333,100.0,100.0,7.098845417720727,39.095787048339844,53.595861536575754,64.50645364601398,41.99482692071969,45.40689592538324,61.80121732225605,56.154698210970324
234,Market Research Analyst,0,66.66666666666666,100.0,100.0,1.212231691574307,40.657554626464844,64.6138012810392,63.5084122272398,55.76725160129901,58.36917797769318,75.80231356153301,68.84137422008173
234,Operations Manager,0,50.0,20.0,100.0,1.2628963456287712,40.74897003173828,42.80177995660505,38.92581531785394,48.50222494575632,32.70797641953536,50.13217118207146,43.16404053158155
235,Accountant,0,66.66666666666666,60.0,100.0,3.0685906242293455,46.400535583496094,57.75370226449215,52.954413740244334,57.19212783061519,50.298473252343705,67.40401608336205,59.75720226702086
235,Business Analyst,1,25.0,60.0,70.0,0.9182192605091075,42.66067123413086,37.786833574195995,44.67205165260922,32.233541967745,32.10215714611294,44.2930596295525,36.926744575383964
235,Customer Support Representative,0,33.33333333333333,100.0,100.0,1.093271527111688,26.937822341918945,50.87133074702126,60.31486781593015,38.58916343377658,42.20156558473089,59.65569413877001,55.09489105380402
235,Market Research Analyst,0,33.33333333333333,100.0,100.0,1.10286081244047,34.02750015258789,51.93622081142092,61.95316022269885,39.92027601427615,43.45437742520108,60.90681375241747,55.096583280626746
235,Operations Manager,0,25.0,20.0,100.0,1.1489543619829312,41.67258071899414,34.17323026214656,39.11266194176394,37.716537827683204,22.55674148487831,40.001043656293085,32.84981547564405
236,Accountant,0,33.33333333333333,100.0,100.0,2.6261789631291768,45.3258056640625,53.85946436074541,64.91199645242884,42.32433045093177,45.71701689499461,62.900632372089454,55.36540413074828
236,Business Analyst,1,0.0,100.0,70.0,0.4706527144717993,44.36464309692383,37.225294371709346,57.269683648783605,21.531617964636684,31.44152279024629,43.7114076053395,35.96540930255385
236,Customer Support Representative,0,0.0,100.0,100.0,3.965377617734895,39.90440368652344,41.58046719563875,63.969949531751915,26.97558399454844,31.27113787722206,48.218424179974726,41.87624310901204
236,Market Research Analyst,0,0.0,100.0,100.0,0.5652946495283548,35.68760299682617,40.43793464695318,62.212207149158736,25.54741830869148,29.92698193759198,47.47428288179286,41.27622846756383
236,Operations Manager,0,25.0,100.0,100.0,3.732798962967993,48.43158721923828,51.57465792733094,65.88408911897068,39.468322409163676,43.0290093262717,60.017338921042054,52.12931746405317
237,Accountant,0,100.0,60.0,100.0,4.050515068885854,42.1845817565918,68.93526452382164,52.208099267417914,71.16908065477708,63.45325238096665,80.38551442763385,73.65597324745045
237,Business Analyst,1,50.0,60.0,100.0,1.498175817669689,44.5691032409668,51.41009185879547,52.16937209045457,49.26261482349434,42.83540218681821,60.218077042523554,52.61732514429465
237,Customer Support Representative,0,33.33333333333333,100.0,100.0,4.6752807881781875,38.596946716308594,53.157500792339675,63.8320525010354,41.44687599042461,44.89117740275256,61.713186675427,55.72701033516869
237,Market Research Analyst,0,66.66666666666666,100.0,100.0,1.7994388383203275,37.9011344909668,64.28841933272639,63.007824614450875,55.360524165908004,57.98637568556047,75.31588647879806,68.94499901068397
237,Operations Manager,0,50.0,20.0,100.0,1.874645539208726,42.51580047607422,43.15856690229244,39.47471831121914,48.948208627865554,33.12772576740287,50.44396478989545,43.27199627162507
238,Accountant,0,100.0,8.333333333333332,100.0,2.439600968740129,44.38279724121094,58.690026398159326,36.44619445870666,71.27919966436583,51.40003105665803,68.61657206217447,61.21483154350316
238,Business Analyst,1,50.0,8.333333333333332,70.0,1.1597955386799965,45.604087829589844,36.68124917190714,29.50961411062637,43.7682281315506,30.801469614008404,42.949740989535464,35.10663058525726
238,Customer Support Representative,0,66.66666666666666,60.0,100.0,6.367172609330477,39.1498908996582,57.16089285968163,52.04239927130508,56.45111607460204,49.60105042315486,66.12449055092007,60.33930497027401
238,Market Research Analyst,0,66.66666666666666,12.5,100.0,1.3930148332373893,37.78547668457031,46.710107061004486,35.96426727334024,55.26263382625561,37.306008307064104,54.70724098355162,48.2850418333164
238,Operations Manager,0,50.0,5.0,100.0,2.223539460953061,42.49946975708008,40.20845138270497,34.93607905031534,49.01056422838122,29.657001626711732,46.91167113360237,39.80415402252113
239,Accountant,0,100.0,8.333333333333332,100.0,4.424150455866209,39.83799362182617,58.30598827832052,35.85536658203158,70.79915201456733,50.948221503906495,67.81454789404776,61.565046158878346
239,Business Analyst,1,50.0,8.333333333333332,100.0,1.339114671943617,38.847137451171875,40.19460448513399,34.91477613097537,48.159922273084156,29.640711158981166,47.05145562863818,40.43239278524496
239,Customer Support Representative,0,66.66666666666666,60.0,100.0,1.2271498145444475,30.566162109375,55.10233012192125,48.87537967475065,53.87791265240156,47.17921190814265,64.60971488204656,59.43224212413529
239,Market Research Analyst,0,66.66666666666666,12.5,100.0,1.60839263405545,31.606245040893555,45.81552898457568,34.58799330960361,54.144411230719605,36.253563511265504,53.61678834054984,48.32304968051958
239,Operations Manager,0,75.0,5.0,100.0,6.02327394514144,43.39474868774414,49.662703394932834,36.01954368451206,60.82837924366605,40.77965105286216,57.36377918019014,50.76881304914261
240,Accountant,0,66.66666666666666,100.0,100.0,1.2283077746647735,35.655616760253906,63.86592201357113,62.357828738827386,54.83240251696392,57.48932001596604,74.91961864396637,68.84421117592123
240,Business Analyst,0,50.0,100.0,100.0,0.9294148501683184,41.01206588745117,58.79122211064293,63.524957093296806,48.48902763830366,51.5190848360505,69.00212927425609,61.928720267676766
240,Customer Support Representative,1,66.66666666666666,100.0,100.0,9.43330141962187,49.372440338134766,67.15419459699683,67.41670963640537,58.94274324624603,61.35787599646685,77.34023456947476,70.29215123091366
240,Market Research Analyst,0,66.66666666666666,100.0,100.0,1.116307684705447,34.64374542236328,63.697341299393635,62.09847379393893,54.62167662424205,57.29098976399251,74.74105311375038,68.8244464541637
240,Operations Manager,0,75.0,80.0,100.0,3.6583961459221603,42.5191650390625,64.1766341777477,58.34866796576569,60.22079272218463,57.85486373852671,74.8563232421875,67.99854049633922
241,Accountant,0,66.66666666666666,8.333333333333332,100.0,2.214813845689536,50.60143280029297,47.922436996897375,37.82939025163699,57.81971291278838,38.73227881987926,55.988488141228174,47.449673031592276
241,Business Analyst,0,25.0,8.333333333333332,70.0,0.8711603500252949,42.072357177734375,27.358194295830614,28.62799122435479,32.11440953645494,19.83316975980072,32.032376756855086,24.76157731667113
241,Customer Support Representative,1,66.66666666666666,60.0,100.0,7.853913787573317,48.12895965576172,58.73076434983358,54.457586179231164,58.41345543729198,51.44795805862774,67.70903209611481,60.60167106055215
241,Market Research Analyst,0,33.33333333333333,12.5,100.0,1.0463389875552402,34.543914794921875,34.50520473403823,35.13621241134087,40.00650591754779,22.9472996871038,40.40971045400582,34.49837354682347
241,Operations Manager,0,50.0,5.0,100.0,3.133138568195763,46.83128356933594,40.994663320629755,36.14563587789193,49.9933291507872,30.581956847799713,47.67610886517693,39.96467151203455
242,Accountant,0,66.66666666666666,100.0,100.0,3.129994928480008,41.38677215576172,65.01084839596959,64.11925394251732,56.26356049496199,58.83629223055246,75.93099900787952,69.17980302659451
242,Business Analyst,0,25.0,100.0,100.0,0.9365933682822094,37.7154426574707,49.54780540386294,62.76585446748144,36.93475675482867,40.6444769457211,58.12625458661248,51.635869417932156
242,Customer Support Representative,1,33.33333333333333,100.0,100.0,3.7751304171014475,36.0424690246582,52.639306582930615,63.03483064040608,40.79913322866327,44.28153715638896,61.26239649454753,55.56816026968457
242,Market Research Analyst,0,33.33333333333333,100.0,100.0,1.1249297063289259,29.991445541381836,51.334122953823275,61.02685582639479,39.1676536922791,42.74602700449798,60.19456882102816,55.10047779131294
242,Operations Manager,0,50.0,100.0,100.0,3.228479338126996,41.641300201416016,59.230466930931456,64.20071835527916,49.038083663664324,52.03584344815466,69.1131706237793,62.33443753025771
243,Accountant,0,66.66666666666666,8.333333333333332,100.0,1.0786114727703886,30.550432205200195,44.74435655169559,32.94003572055732,53.847112356286154,34.99336064905363,52.45007627150592,47.249166730488895
243,Business Analyst,0,50.0,8.333333333333332,70.0,0.8161452211179837,43.940372467041016,36.38014431989052,29.046375876754638,43.39184706652981,30.447228611635907,42.65614416085038,35.04598641156984
243,Customer Support Representative,1,66.66666666666666,60.0,100.0,7.978475892442746,43.89113235473633,58.11377457041019,53.5083711339644,57.64221821301275,50.72208772989435,66.96118021946327,60.62365260847029
243,Market Research Analyst,0,66.66666666666666,12.5,100.0,9.065393880434353,52.59158706665039,50.08188047539604,41.15161098778878,59.47735059424505,41.27280055928946,57.32008399215398,49.63899107693939
243,Operations Manager,0,75.0,5.0,100.0,3.2125401599835546,36.43297576904297,48.19682738935398,33.76434982977535,58.99603423669247,39.0550910462988,56.135231018066406,50.27280120470298
244,Accountant,0,100.0,100.0,100.0,2.500878159816333,41.85313034057617,76.65310127505887,64.08169426932135,70.8163765938236,72.53306032359869,89.73878770716051,82.79427261643818
244,Business Analyst,0,50.0,100.0,70.0,1.0642242507926585,44.35740280151367,54.81324405784595,57.40499085822454,43.51655507230744,52.133228303348176,64.29836520026713,56.65839251484576
244,Customer Support Representative,1,66.66666666666666,100.0,100.0,6.721430097525887,41.721778869628906,65.59981467840655,65.02535591549726,56.99976834800819,59.52919373930182,75.99011783973843,69.81358570348496
244,Market Research Analyst,0,66.66666666666666,100.0,100.0,1.2782254438850342,35.96846008300781,63.920336162367256,62.44154281389835,54.900420202959076,57.55333666160854,74.97482628915824,68.85302017637187
244,Operations Manager,0,75.0,100.0,100.0,3.4341022687125355,42.72788619995117,68.17429827029956,64.49892041584546,60.217872837874445,62.5579979650583,79.59903874116786,72.66484157683162
245,Accountant,0,66.66666666666666,8.333333333333332,100.0,1.99360827141545,41.34791946411133,46.50122916032902,35.642916656916434,56.04320311707794,37.06026960038707,54.35551519954906,47.4106367537792
245,Business Analyst,0,25.0,8.333333333333332,100.0,0.647059879856628,38.9079704284668,31.349921212915177,34.76910955833105,37.10406818281064,19.235201426959033,36.76807321286669,30.016147821935483
245,Customer Support Representative,1,33.33333333333333,60.0,100.0,7.845204858070597,40.98512649536133,45.99121636968145,52.80699954309967,42.48902046210182,36.46025455256642,52.722865459965725,46.874643994561474
245,Market Research Analyst,0,33.33333333333333,12.5,100.0,0.7771749248656012,31.205055236816406,33.964001190918964,34.30359157577277,39.33000148864871,22.31058963637525,39.82049994375191,34.45087400634883
245,Operations Manager,0,50.0,5.0,100.0,2.9967373449713284,37.48369598388672,39.57206499932871,33.95702307589032,48.21508124916089,28.90831176391613,46.02653458539178,39.94060070793612
246,Accountant,0,33.33333333333333,8.333333333333332,100.0,0.988668396851179,34.534080505371094,33.66174566866667,33.838583080000014,39.99384875250001,21.954994904313732,39.427582834281175,33.5078042268953
246,Business Analyst,0,25.0,8.333333333333332,100.0,0.748088637781658,37.226226806640625,31.112813983330007,34.40432920512309,36.80768414582918,18.95625174509413,36.47129492666207,30.033976426275192
246,Customer Support Representative,1,66.66666666666666,60.0,100.0,11.216485913127915,46.87232208251953,59.04665453268044,54.94357107591863,58.80831816585056,51.81959356785934,67.48727252436619,61.19506614153237
246,Market Research Analyst,0,33.33333333333333,12.5,100.0,0.8985192081289178,31.59475326538086,34.040657537693136,34.4215244169638,39.42582192211642,22.400773573756624,39.88927018408682,34.472287703395295
246,Operations Manager,0,50.0,5.0,100.0,3.4682880089906423,45.86567306518555,40.90009416112643,36.00014486327142,49.875117701408044,30.470699013089913,47.50570701150333,40.023815530998355
247,Accountant,0,66.66666666666666,100.0,100.0,2.413498737573162,41.02741622924805,64.8494705783565,63.87098037695874,56.06183822294564,58.64643597453707,75.8675832561418,69.05336252231683
247,Business Analyst,0,25.0,100.0,100.0,0.9493097621282292,39.92437744140625,49.88105308053017,63.27854320081565,37.35131635066272,41.03653303591785,58.51606660730699,51.638113487434396
247,Customer Support Representative,1,66.66666666666666,100.0,100.0,11.353877272886706,47.92302703857422,67.22486898005246,67.52543945649097,59.031086225065586,61.44102232947349,77.08445575190525,70.6310763814898
247,Market Research Analyst,0,33.33333333333333,100.0,100.0,1.140203196062259,32.175445556640625,51.6640139795721,61.53438048139297,39.58001747446512,43.134134093614236,60.57998058842678,55.10317311303059
247,Operations Manager,0,50.0,80.0,100.0,3.4142038590281794,44.88700485229492,55.74518130669846,58.838740471843785,49.68147663337308,47.935507419645255,64.98005967981675,57.66133009276968
248,Accountant,0,66.66666666666666,100.0,100.0,1.5812413344218446,39.39868927001953,64.48032292399954,63.30306090871724,55.600403654999425,58.21214461647005,75.58016085157207,68.90649356881954
248,Business Analyst,0,25.0,100.0,100.0,0.48320340280821794,39.02298355102539,49.67592804307504,62.96296622011544,37.094910053843805,40.79520946244122,58.35699709723978,51.55585942402498
248,Customer Support Representative,1,66.66666666666666,100.0,100.0,8.960950074231802,52.212684631347656,67.50937853917024,67.96314647051832,59.38672317396281,61.775739457847344,77.84145415062997,70.20879511113894
248,Market Research Analyst,0,33.33333333333333,100.0,100.0,9.661109916115484,46.553646087646484,55.09888006723096,66.81878984702199,43.8736000840387,47.175153020271715,63.117310093898396,56.606862534216454
248,Operations Manager,0,25.0,80.0,100.0,0.6046253670105743,39.74089813232422,45.801828524900216,57.0028131152311,37.25228565612528,36.237445323412025,53.7778055527631,46.87140447653128
249,Accountant,0,33.33333333333333,100.0,100.0,1.053711241280948,35.32758712768555,52.123861422011636,62.24183808514611,40.15482677751456,43.67513108471958,61.13624086567,55.08790982689271
249,Business Analyst,0,25.0,100.0,100.0,0.7973041412223272,39.66653823852539,49.81957635696216,63.183963626095625,37.2744704462027,40.96420747877901,58.47056557150448,51.61128896609806
249,Customer Support Representative,1,33.33333333333333,100.0,100.0,3.2136968049750485,35.90278625488281,52.534139125645346,62.873034552274895,40.667673907056674,44.15781073605335,61.23774659399893,55.46908374989756
249,Market Research Analyst,0,33.33333333333333,100.0,100.0,9.736431066173484,38.03367614746094,53.83218274871183,64.87002474160795,42.29022843588979,45.684920880837446,61.61378598680683,56.620154501873756
249,Operations Manager,0,50.0,100.0,100.0,3.5244593453574544,41.36764144897461,59.23381511914981,64.20586941407663,49.042268898937266,52.03978249311742,69.06487790276023,62.38666929623955
250,Accountant,0,33.33333333333333,100.0,100.0,1.5644468175739865,41.12248992919922,53.06970717868264,63.6969854031015,41.33713397335331,44.78789079845018,62.158870771819466,55.17803963447383
250,Business Analyst,0,0.0,100.0,100.0,0.4193449113435764,41.459877014160156,41.281883288825554,63.510589675116236,26.602354111031953,30.919862692735954,48.492919473087085,41.25047263141357
250,Customer Support Representative,1,33.33333333333333,100.0,100.0,3.195293382391793,38.88500213623047,52.97871099446,63.55699127352821,41.223388743075006,44.680836464070595,61.764019984824984,55.465836087088746
250,Market Research Analyst,0,0.0,100.0,100.0,10.235623410779999,40.64995574951172,42.63283687404376,65.58897980622118,28.291046092554698,32.509219851816184,48.34999219109031,42.98275707249059
250,Operations Manager,0,25.0,100.0,100.0,3.3258710766088635,44.459842681884766,50.91785706377404,64.87362625196006,38.647321329717556,42.256302427969466,59.31644282621496,52.057506660578035
251,Accountant,0,100.0,8.333333333333332,100.0,2.8075040392372608,44.968326568603516,58.83304125784279,36.666217319758125,71.45796823897015,51.56828383275622,68.71990076700847,61.27975561476736
251,Business Analyst,0,50.0,8.333333333333332,70.0,1.3346980515485665,39.32161331176758,35.76511337116409,28.100174417175516,42.62305838062178,29.723662789604813,41.84106901580213,35.137495734587006
251,Customer Support Representative,1,66.66666666666666,60.0,100.0,10.603511299315688,44.79359436035156,58.64289918228342,54.322408998384745,58.30362397785428,51.34458727327461,67.12043822045419,61.08689415085963
251,Market Research Analyst,0,66.66666666666666,12.5,100.0,1.6030878906606907,32.127315521240234,45.892893845118465,34.70701617197714,54.24111730639809,36.34458099425702,53.70874195472866,48.32211354933227
251,Operations Manager,0,50.0,5.0,100.0,1.6700881959354565,38.078826904296875,39.462337265034854,33.78821117697669,48.07792158129357,28.7792203118057,46.13155768899357,39.70648615222391
252,Accountant,0,33.33333333333333,60.0,100.0,1.0336407976399764,40.611328125,44.91341200506266,51.14883898214769,41.14176500632833,35.19224941772078,52.656901041666664,45.6726032780149
252,Business Analyst,0,25.0,60.0,70.0,0.7821175823206088,45.5457878112793,38.19918580903999,45.30643970621536,32.748982261299986,32.587277422399985,44.802197849049286,36.90272663217422
252,Customer Support Representative,1,66.66666666666666,100.0,100.0,3.491509578190477,38.309627532958984,64.60350390000575,63.49257010257295,55.75437987500719,58.35706341177147,75.38797348620845,69.24359972948459
252,Market Research Analyst,0,33.33333333333333,100.0,100.0,0.9393909160474719,38.66373825073242,52.60713604168365,62.985337500026134,40.75892005210457,44.2436894608043,61.72497341679592,55.067735651851514
252,Operations Manager,0,50.0,20.0,100.0,3.6260529773946906,50.95656967163086,44.68739339735383,41.82675907285204,50.85924174669229,34.92634517335745,51.93351229499368,43.581068172481416
253,Accountant,0,33.33333333333333,60.0,100.0,1.7656693733560511,44.878639221191406,45.66331295584878,52.30253275258787,42.07914119481098,36.07448583041033,53.409955940994564,45.801784791376555
253,Business Analyst,0,0.0,60.0,100.0,0.47328196683620716,44.110862731933594,33.68762170481547,51.82711031510072,27.10952713101934,21.985437299782905,39.54897577622357,31.848226229441682
253,Customer Support Representative,1,33.33333333333333,100.0,100.0,3.606278974011616,39.27295684814453,53.09855203999009,63.74136211280527,41.373190049987606,44.821825929400106,61.83248258104511,55.53836295619813
253,Market Research Analyst,0,0.0,100.0,100.0,0.5684526092046899,35.79716491699219,40.45484262892953,62.23821942912236,25.56855328616192,29.946873681093564,47.493617338292744,41.27678575456553
253,Operations Manager,0,25.0,20.0,100.0,3.7536518555519818,47.250282287597656,35.40059012147245,41.00090787918838,39.25073765184056,24.000694260555818,40.98534393310547,33.309467974509175
254,Accountant,0,66.66666666666666,100.0,100.0,1.8777294681354417,38.67792510986328,64.41668152003314,63.20515105646124,55.52085190004143,58.13727237650957,75.45296717625037,68.95881500418076
254,Business Analyst,0,25.0,100.0,100.0,0.5738056859537254,34.81747055053711,49.05869143547363,62.013371439190195,36.323364294342035,40.06904874761603,57.61484774421243,51.571848062227126
254,Customer Support Representative,1,66.66666666666666,100.0,100.0,8.266715907702297,44.519161224365234,66.25121490314345,66.02751010740019,57.814018628929325,60.29554694487466,76.48377354939778,70.08628319939844
254,Market Research Analyst,0,33.33333333333333,100.0,100.0,0.6891902971442952,30.949970245361328,51.41254074804251,61.14749858673207,39.26567593505314,42.83828323299119,60.363720239377486,55.02358260145684
254,Operations Manager,0,50.0,80.0,100.0,2.868446794733638,42.94057083129883,55.371352643904864,58.263619452161336,49.214190804881085,47.49570899282925,64.63657132317039,57.56502002260005
255,Accountant,0,66.66666666666666,60.0,100.0,1.956431603102905,36.54292678833008,56.10823709204828,50.42292885956146,55.13529636506035,48.36263187299797,65.6644380606857,59.560938910351496
255,Business Analyst,0,50.0,60.0,100.0,1.4803590946566345,43.307559967041016,51.21818785925465,51.874135168084074,49.022734824068316,42.6096327755937,59.995451758889594,52.61418101670411
255,Customer Support Representative,1,33.33333333333333,100.0,100.0,10.708565673069094,45.984317779541016,55.17059918455818,66.92912695060232,43.96324898069773,47.259528452421385,63.01684039246802,56.79170766779651
255,Market Research Analyst,0,66.66666666666666,100.0,100.0,1.778039411775616,34.44889831542969,63.76737399241413,62.206216398585845,54.709217490517666,57.373381167546036,74.70666833017387,68.94122264129373
255,Operations Manager,0,75.0,20.0,100.0,4.874383411058567,41.72849655151367,52.24043199438584,39.98527999136282,60.3005399929823,43.812272934571574,60.59914645026712,54.095479425480924
256,Accountant,0,66.66666666666666,8.333333333333332,100.0,1.2444980715058607,31.125885009765625,44.855557462190724,33.11111404439598,53.98611349440507,35.12418524963614,52.55162676642923,47.2784408361481
256,Business Analyst,0,50.0,8.333333333333332,100.0,0.9416654461696718,41.93006134033203,40.59742568464193,35.534501053295266,48.663448772469074,30.11461845251991,47.59550102084291,40.36225468657897
256,Customer Support Representative,1,33.33333333333333,60.0,100.0,5.419216132500916,43.32190704345703,45.977835143060354,52.78641304060567,42.472293928825444,36.44451193301219,53.13523849786496,46.446528337108006
256,Market Research Analyst,0,66.66666666666666,12.5,100.0,10.45961913668911,46.2109375,49.33391682883669,40.000897685389795,58.54239603604587,40.39284332804317,56.194087009803916,49.88503082804317
256,Operations Manager,0,75.0,5.0,100.0,4.3746125544597705,37.86578369140625,48.5860594368799,34.36316836443062,59.48257429609988,39.51301110221165,56.38807947495404,50.4778728037282
257,Accountant,0,33.33333333333333,60.0,100.0,1.1017228546033437,42.26034164428711,45.170976341500236,51.54509180743625,41.4637204268753,35.49526628411792,52.94790342742321,45.68461775865549
257,Business Analyst,0,25.0,60.0,70.0,0.8336327449507794,43.951778411865234,37.967811673522405,44.95047949772677,32.459764591903,32.31507255708518,44.5209020726821,36.91181754322661
257,Customer Support Representative,1,66.66666666666666,100.0,100.0,12.499093647765909,54.34441375732422,68.35985944409684,69.27157863194387,60.449824305121055,62.77630522834923,78.21764164344937,70.83317338882142
257,Market Research Analyst,0,33.33333333333333,100.0,100.0,1.0012650854912848,37.97233200073242,52.51270622960022,62.84006086605162,40.64088278700028,44.13259556423555,61.602960549148854,55.07865462292983
257,Operations Manager,0,25.0,20.0,100.0,1.043112489354608,44.52357482910156,34.58500309776842,39.74615861195142,38.23125387221054,23.041180115021678,40.5041602639591,32.8311374981214
258,Accountant,0,66.66666666666666,60.0,100.0,3.1997766755444483,44.64531707763672,57.510097396310506,52.579637019964885,56.88762174538814,50.01187928977707,67.09427164115158,59.780352746664704
258,Business Analyst,0,25.0,60.0,100.0,0.9196302391673048,42.34101867675781,42.23909733738876,51.52168821136734,37.79887167173596,32.045996867516195,49.53076800178079,42.22111121867658
258,Customer Support Representative,1,66.66666666666666,100.0,100.0,4.10539011144493,39.67959213256836,64.90108066993533,63.950380517849226,56.12635083741916,58.70715372933568,75.62973194496304,69.3519315882942
258,Market Research Analyst,0,33.33333333333333,100.0,100.0,1.1045555199425243,33.82782745361328,51.90652411270004,61.9074729938975,39.88315514087505,43.41944013258828,60.87157739377489,55.09688234665653
258,Operations Manager,0,50.0,20.0,100.0,4.263589059001427,47.95649719238281,44.333012937707636,41.28155836570405,50.41626617213455,34.5094269855384,51.404087739832256,43.693574539823786
259,Accountant,0,100.0,100.0,100.0,2.5882736254716314,40.047950744628906,76.39543365551508,63.68528254694627,70.49429206939385,72.22992194766479,89.42022660199333,82.80969534567146
259,Business Analyst,0,50.0,100.0,100.0,1.2304750826752369,34.317161560058594,57.83214549641007,62.04945460986165,47.29018187051259,50.39075940754126,67.82067556942211,61.981848544001515
259,Customer Support Representative,1,66.66666666666666,100.0,100.0,7.10501594002996,39.82640075683594,65.37304583786322,64.67648077619982,56.716307297329024,59.26240686807437,75.65563934924556,69.88127732275038
259,Market Research Analyst,0,66.66666666666666,100.0,100.0,1.4779070835592716,26.49932861328125,62.52991868785941,60.3024390069632,53.162398359824266,55.91755139748166,73.30380308861825,68.88825811278497
259,Operations Manager,0,50.0,100.0,100.0,5.344426631327589,41.40925979614258,59.513052964120526,64.63546609864696,49.39131620515066,52.368297604847676,69.07222231696633,62.7078399937637
260,Accountant,0,66.66666666666666,8.333333333333332,100.0,1.835057732029884,39.96565246582031,46.270106529677534,35.287343378991075,55.754299828763585,36.788360623150034,54.11158572926241,47.382657246828806
260,Business Analyst,0,25.0,8.333333333333332,100.0,0.5955995732171553,37.63395690917969,31.15110013902619,34.463230983117214,36.85554184044941,19.001294281207283,36.54324729769838,30.007066591352043
260,Customer Support Representative,1,33.33333333333333,60.0,100.0,3.695479939091058,34.18552780151367,44.34881782775737,50.280232555524165,40.43602228469672,34.528020973832206,51.52293627869849,46.1423395970945
260,Market Research Analyst,0,33.33333333333333,12.5,100.0,0.7153666422149221,29.742204666137695,33.735302362919555,33.95174722500445,39.04412795364945,22.04153219167007,39.562349843043904,34.43996666235165
260,Operations Manager,0,50.0,5.0,100.0,3.650876628144543,38.15452575683594,39.770810357747074,34.262785165764726,48.463512947183844,29.14212983264362,46.14491631002987,40.05603705202551
261,Accountant,0,100.0,100.0,100.0,2.690550982193251,39.21979904174805,76.2865525035912,63.51777308244799,70.358190629489,72.10182647481318,89.27408218383789,82.82774429097529
261,Business Analyst,0,50.0,100.0,100.0,0.8570537571480521,47.63722610473633,59.77414197928265,65.0371415065887,49.71767747410332,52.67546115209724,70.17127519495347,61.91595066302613
261,Customer Support Representative,1,33.33333333333333,100.0,100.0,7.897689556811796,46.34621810913086,54.80325281655806,66.3639786921406,43.504066020697586,46.82735625477419,63.08070515651328,56.29567070610404
261,Market Research Analyst,0,66.66666666666666,100.0,100.0,9.519788493780865,45.116817474365234,66.52882422855524,66.45460137726447,58.16103028569405,60.62214615124146,76.58924229939778,70.30741365576525
261,Operations Manager,0,75.0,80.0,100.0,6.251098262610872,42.886085510253906,64.62057756592972,59.031657793738034,60.775721957412145,58.37715007756437,74.92107391357422,68.45607616399015
262,Accountant,0,100.0,60.0,100.0,2.8282588973846394,44.6532096862793,69.1222202875496,52.495723519307056,71.402775359437,63.67320033829364,80.82115465051987,73.44028098189142
262,Business Analyst,0,50.0,60.0,100.0,1.3445649897051357,38.950931549072266,50.544324480816606,50.83742227817939,48.18040560102076,41.81685233037248,59.22663497924805,52.59021735112444
262,Customer Support Representative,1,66.66666666666666,100.0,100.0,7.144746834349959,41.52225112915039,65.63338302785839,65.07699953003853,57.04172878482298,59.5686859151275,75.95490706200694,69.88828865704214
262,Market Research Analyst,0,66.66666666666666,100.0,100.0,1.61493893746363,31.3146915435791,63.27277790548974,61.44529934177909,54.09097238186218,56.79150341822322,74.15357301749435,68.91244020465044
262,Operations Manager,0,75.0,20.0,100.0,3.702059815410926,42.95118713378906,52.24798704238,39.996903142123074,60.309983802975,43.82116122632941,60.81491537655101,53.888598790954866
263,Accountant,0,100.0,100.0,100.0,2.8806733763867993,50.16642761230469,77.95706514830373,66.08779253585188,72.44633143537966,74.06713546859261,91.2058401668773,82.86129530171533
263,Business Analyst,0,50.0,100.0,70.0,1.3694830315029036,47.8907585144043,55.38903623188608,58.29082497213243,44.23629528985761,52.81063086104245,64.92189856136547,56.71226171144169
263,Customer Support Representative,1,33.33333333333333,100.0,100.0,3.7209644064529686,41.98359298706055,53.5223502756937,64.39335939850312,41.902937844617114,45.32041208905141,62.31083013497147,55.558601561923076
263,Market Research Analyst,0,66.66666666666666,100.0,100.0,1.6448676625551457,35.11653518676758,63.84754376073174,62.32955450368986,54.80942970091468,57.46769854203734,74.82448660158643,68.91772174437247
263,Operations Manager,0,75.0,80.0,100.0,4.509301421917693,46.63294982910156,64.9213376876529,59.49436567331213,61.151672109566114,58.73098551488575,75.5822852639591,68.14870025092665
264,Accountant,0,66.66666666666666,8.333333333333332,100.0,3.365856054425212,40.746517181396484,46.616855985373256,35.82080408006142,56.187736648383236,37.19630115926265,54.24938538495232,47.65279812725151
264,Business Analyst,0,25.0,8.333333333333332,100.0,0.9673622012408407,35.241573333740234,30.848006996913824,33.99693384140589,36.47667541280895,18.644714114016267,36.12106196085612,30.07267176100328
264,Customer Support Representative,1,66.66666666666666,60.0,100.0,4.318473932257514,37.3507194519043,56.583712340957604,51.154429242498885,55.72964042619701,48.92201451877365,65.8069897071988,59.97776990961407
264,Market Research Analyst,0,33.33333333333333,12.5,100.0,1.1618857380459984,28.59565544128418,33.63029784356619,33.790201810614654,38.91287230445774,21.91799746301905,39.36001762689329,34.51876414985125
264,Operations Manager,0,25.0,5.0,100.0,5.880676958161078,41.82976531982422,31.906566341697793,35.625486679535065,38.63320792712224,19.89007804905623,36.499370350557214,30.155413580851956
265,Accountant,0,66.66666666666666,60.0,100.0,2.3013534566324116,41.46171951293945,56.89779427876911,51.637632223747346,56.1222428484614,49.29152268090484,66.532460306205,59.62180747273905
265,Business Analyst,0,25.0,60.0,100.0,0.5193135915398651,46.40802764892578,42.78910118606985,52.367847978568996,38.48637648258732,32.69306021890571,50.248475467457496,42.15046710438939
265,Customer Support Representative,1,33.33333333333333,100.0,100.0,8.234485182940368,48.346839904785156,55.153865429825494,66.90338271255204,43.94233178728187,47.23984168214764,63.43375606162875,56.35510522836203
265,Market Research Analyst,0,33.33333333333333,100.0,100.0,9.425640031114325,47.08783721923828,55.143688254219555,66.88772551931214,43.92961031777445,47.22786853437595,63.21157911712048,56.56530902509861
265,Operations Manager,0,50.0,20.0,100.0,2.4051041981825936,39.68485641479492,42.81349409194663,38.94383706453327,48.51686761493329,32.72175775523132,49.944386426140284,43.36560662320869
266,Accountant,0,66.66666666666666,100.0,100.0,1.4654180237005654,39.386470794677734,64.46111665609007,63.27351280424115,55.5763958201126,58.1895490071648,75.57800465004117,68.8860541610452
266,Business Analyst,0,25.0,100.0,100.0,0.4756266433837572,42.36000061035156,50.1753440880603,63.731298597015844,37.71918011007538,41.382757750659174,58.945882460650274,51.55452234883243
266,Customer Support Representative,1,0.0,100.0,100.0,4.574035314111733,38.02420425415039,41.38973593523932,63.67651682344511,26.73716991904915,31.046748159105082,47.88662428014419,41.983653290725606
266,Market Research Analyst,0,33.33333333333333,100.0,100.0,8.632713648894235,41.931034088134766,54.25122882722101,65.51471101623746,42.81403603402627,46.17791626731884,62.30155503516104,56.42538084000094
266,Operations Manager,0,50.0,100.0,100.0,2.202776232714787,41.0877571105957,58.993580001496575,63.836276925379345,48.74197500187072,51.75715294293715,69.01548654892865,62.15343109989085
267,Accountant,0,100.0,60.0,100.0,2.1890636426335144,48.54429244995117,69.61000341388771,53.24615909828877,72.01250426735963,64.2470628398679,81.50781631469727,73.32748181928827
267,Business Analyst,0,50.0,60.0,70.0,0.931534631495279,46.56840515136719,47.12499096742937,45.576909180660564,43.90623870928672,43.08822466756396,55.27677737965303,47.223211993793285
267,Customer Support Representative,1,33.33333333333333,100.0,100.0,11.591367026683736,50.78251266479492,56.02274862038846,68.24012608264891,45.02843577548558,48.262057200457015,63.86358066633636,56.947496141963796
267,Market Research Analyst,0,66.66666666666666,100.0,100.0,1.1188537255662665,37.09783935546875,64.06583729548858,62.66539071100809,55.08229661936073,57.72451446528069,75.17412851371017,68.82489575549208
267,Operations Manager,0,75.0,20.0,100.0,3.0059314933103214,45.64612579345703,52.5478085930151,40.45816706617708,60.684760741268875,44.173892462370716,61.29049278708065,53.76575261646653
268,Accountant,0,100.0,100.0,100.0,2.430875401445274,41.443504333496094,76.5811569602412,63.971010708063396,70.72644620030152,72.44841995322496,89.66650076473461,82.78191918849035
268,Business Analyst,0,50.0,100.0,100.0,1.0344352613577108,40.32136917114258,58.703370664875045,63.38980102288468,48.37921333109381,51.415730193970646,68.88024161843693,61.94725328141607
268,Customer Support Representative,1,33.33333333333333,100.0,100.0,7.27578251511089,39.66573715209961,53.70789461674824,64.67881223089474,42.13486827093529,45.53869954911558,61.9017967523313,56.18592240462741
268,Market Research Analyst,0,66.66666666666666,100.0,100.0,1.2424462890546382,31.06340789794922,63.17921146138391,61.30135096623166,53.974014326729886,56.68142524868695,74.10922884473614,68.84670620787239
268,Operations Manager,0,75.0,100.0,100.0,7.544866831427443,44.038536071777344,68.98751043548071,65.75001605458571,61.2343880443509,63.514718159389076,79.83032989501953,73.39027061731073
269,Accountant,0,66.66666666666666,8.333333333333332,100.0,1.0780079476753688,26.13745880126953,44.08232001234173,31.921517967705235,53.01956668209383,34.21449413216674,51.671316259047565,47.24906022606036
269,Business Analyst,0,50.0,8.333333333333332,100.0,0.8156885561050853,38.59377670288086,40.078086455514566,34.73551762386855,48.014274736059875,29.503631124134774,47.006744908351536,40.34002347068522
269,Customer Support Representative,1,66.66666666666666,60.0,100.0,7.974011624684929,41.48849105834961,57.75270873578851,52.95288523454643,57.19088591973564,50.29730439504531,66.5371846965715,60.62286479651303
269,Market Research Analyst,0,66.66666666666666,12.5,100.0,9.060321439762987,48.873687744140625,49.52343471091887,40.29246365782391,58.77929338864859,40.6158055422575,56.66398411171109,49.638095940350325
269,Operations Manager,0,75.0,5.0,100.0,3.2107426187425654,34.449703216552734,47.899066875294295,33.30625673122199,58.623833594117876,38.70478455916976,55.78524174409754,50.27248399154281
270,Accountant,0,100.0,100.0,100.0,3.0769807944792107,36.74384307861328,75.97312358096387,63.035574739944416,69.96640447620484,71.73308656583986,88.83714877857881,82.89593778726105
270,Business Analyst,0,50.0,100.0,100.0,1.1380918572883674,37.3006591796875,58.26581265554638,62.71663485468673,47.832265819432976,50.90095606534868,68.34717514935662,61.96554562187442
270,Customer Support Representative,1,66.66666666666666,100.0,100.0,6.5715762156447965,41.03421401977539,65.47420186864636,64.83210543894312,56.842752335807944,59.38141396311336,75.86878286623487,69.78714090080005
270,Market Research Analyst,0,66.66666666666666,100.0,100.0,9.93915441223883,37.29718780517578,65.41878466594552,64.74684820401875,56.7734808324319,59.31621725405355,75.20930765189377,70.38141940608135
270,Operations Manager,0,50.0,100.0,100.0,2.7957617256689713,36.98117446899414,58.46654042919946,63.025446814153014,48.08317553649933,51.137106387293485,68.29079549452838,62.258075598647466
271,Accountant,0,66.66666666666666,100.0,100.0,1.3692182084869058,33.77262878417969,63.60461038223332,61.95581084446152,54.505762977791655,57.181894567333316,74.58732664818857,68.86907772306631
271,Business Analyst,0,50.0,100.0,70.0,1.0360365393241104,45.81336212158203,55.02740979913592,57.734476614055254,43.7842622489199,52.38518799898343,64.55529919792625,56.653418212821904
271,Customer Support Representative,1,33.33333333333333,100.0,100.0,9.547003194202212,45.85824203491211,54.97745345103381,66.63197966825715,43.721816813792266,47.03229817768683,62.994591731651155,56.58672605387882
271,Market Research Analyst,0,66.66666666666666,100.0,100.0,1.2443695624980502,36.29338455200195,63.963996450508326,62.50871248796153,54.95499556313541,57.604701706480384,75.03216590133367,68.84704560906827
271,Operations Manager,0,75.0,100.0,100.0,4.078084271852813,42.55451583862305,68.24489001657138,64.6075231024175,60.30611252071423,62.641047078319275,79.5684439715217,72.77848545973873
272,Accountant,0,66.66666666666666,100.0,100.0,2.012818816816891,45.99856948852539,65.53504157913467,64.92570499354052,56.91880197391834,59.452990093099615,76.74484559601429,68.9826543010069
272,Business Analyst,0,25.0,100.0,70.0,0.6150869448893761,37.151485443115234,44.91498585820069,55.63843978184722,31.143732322750864,40.4882186567067,52.73261507819681,46.28501534321577
272,Customer Support Representative,1,66.66666666666666,100.0,100.0,8.861447623136783,51.58660888671875,67.40054180981166,67.7957053484282,59.250677262264574,61.64769624683724,77.73097019569546,70.19123585506335
272,Market Research Analyst,0,33.33333333333333,100.0,100.0,0.7387726624097486,33.00872039794922,51.72879062572051,61.63403686008283,39.66098828215064,43.210341912612364,60.72702908983417,55.032332430621324
272,Operations Manager,0,25.0,80.0,100.0,0.7696493187668152,41.83353042602539,46.14047696171883,57.52381071033666,37.67559620214854,36.635855249080976,54.14709360459272,46.90052635037062
273,Accountant,0,100.0,60.0,100.0,2.6640394657397684,50.02587890625,69.90348775579847,53.69767347045918,72.37935969474809,64.59233853623348,81.76927274816177,73.41130108218937
273,Business Analyst,0,50.0,60.0,70.0,1.1336559493634804,42.912933349609375,46.60698839484593,44.77998214591681,43.25873549355742,42.478809876289326,54.6316941205193,47.25888046165238
273,Customer Support Representative,1,33.33333333333333,100.0,100.0,7.973659099462951,46.256439208984375,54.80118141293376,66.36079191733398,43.50147676616721,46.824919309333836,63.06486182119332,56.30907709598365
273,Market Research Analyst,0,66.66666666666666,100.0,100.0,1.361618923839356,32.626155853271484,63.431499549899954,61.689486487025576,54.289374437374946,56.97823476458818,74.38500789567536,68.86773667283438
273,Operations Manager,0,50.0,20.0,100.0,1.4185271470856413,38.32806396484375,42.46198866678941,38.403059487368324,48.07748583348677,32.30822196092872,49.7049524643842,43.19150479066217
274,Accountant,0,66.66666666666666,100.0,100.0,1.7835723684421847,36.44580841064453,64.06774045019634,62.66831864132771,55.08467556274543,57.726753470819226,75.05906422932942,68.94219904541137
274,Business Analyst,0,50.0,100.0,100.0,1.3495629350978053,43.65304183959961,59.250390716204606,64.23137033262248,49.062988395255765,52.05928319553483,69.46818385404698,62.002864047370196
274,Customer Support Representative,1,66.66666666666666,100.0,100.0,3.858677963033793,37.19105529785156,64.49079332246613,63.31916921405046,55.61349165308267,58.2244627323131,75.19057838589538,69.3083941503393
274,Market Research Analyst,0,66.66666666666666,100.0,100.0,11.785968166867086,45.305973052978516,66.89712451631017,67.02121720457974,58.62140564538771,61.055440607423726,76.62262269562366,70.70732771572163
274,Operations Manager,0,50.0,80.0,100.0,2.4165779456922976,35.06108093261719,54.12164883174643,56.340998202686805,47.65206103968304,46.02546921381933,63.24607310575598,57.485278461004526
275,Accountant,0,66.66666666666666,60.0,100.0,2.703433652010054,43.70866775512695,57.29514854440388,52.248946478570076,56.618935680504855,49.75899828753398,66.92898058423809,59.69276280133511
275,Business Analyst,0,25.0,60.0,100.0,0.7769790169959035,44.29423904418945,42.5106827091778,51.93951186027355,38.13835338647226,32.36550906962095,49.87545394897461,42.19593747358751
275,Customer Support Representative,1,33.33333333333333,100.0,100.0,6.142610229205074,38.118621826171875,53.3058514749732,64.0602843204716,41.63231434371651,45.06570761761554,61.62877640069699,55.98595082476168
275,Market Research Analyst,0,33.33333333333333,100.0,100.0,0.9332190543010291,34.49040603637695,51.98021043026836,62.02083655938722,39.975263037835454,43.506129917962774,60.9885030260273,55.06664649977861
275,Operations Manager,0,25.0,20.0,100.0,5.531136697650874,43.87374496459961,35.16073224933757,40.63189576821164,38.95091531167196,23.718508528632437,40.38948440551758,33.62314177017368
276,Accountant,0,100.0,8.333333333333332,100.0,2.6140699958204974,43.65085983276367,58.60640614095429,36.317547909160446,71.17467434285955,51.301654283475635,68.48740663715438,61.24562019534087
276,Business Analyst,0,50.0,8.333333333333332,100.0,1.2427387748233025,44.664710998535156,41.05278413267044,36.235052511800674,49.23264683250471,30.65033427372993,48.078086254643466,40.41538527398843
276,Customer Support Representative,1,33.33333333333333,60.0,100.0,5.437701112745726,42.30891418457031,45.82865896126407,52.55691122245754,42.285823701580085,36.269010542663615,52.95647505217907,46.44979039244532
276,Market Research Analyst,0,66.66666666666666,12.5,100.0,1.4926368393677443,34.639015197753906,46.25308113890158,35.261150470104994,54.691351423626976,36.76833075164891,54.15198307411343,48.3026221873394
276,Operations Manager,0,75.0,5.0,100.0,3.421696470272733,42.64539337158203,49.16006347627821,35.24625150196648,60.20007934534777,40.18830997209202,57.23154000674977,50.30971114181283
277,Accountant,0,100.0,100.0,100.0,3.6201427039986043,44.92049789428711,77.28109608974286,65.04784013806592,71.60137011217857,73.27187775263866,90.28008786369773,82.99178988894093
277,Business Analyst,0,50.0,100.0,70.0,1.3389927363326417,47.60285186767578,55.34127669060127,58.21734875477117,44.176595863251585,52.75444316541326,64.87109150606044,56.70688107111753
277,Customer Support Representative,1,33.33333333333333,100.0,100.0,3.257450364077874,38.13727951049805,52.87587614785305,63.39878381720982,41.09484518481632,44.559854291591826,61.63206893322514,55.47680496620982
277,Market Research Analyst,0,66.66666666666666,100.0,100.0,1.6082461788319873,34.56608581542969,63.75948313247258,62.194076614060386,54.699353915590734,57.36409780290892,74.7273484772327,68.9112591295978
277,Operations Manager,0,75.0,80.0,100.0,4.5783485255966365,45.63867950439453,64.78255420449867,59.28085262230565,60.97819275562335,58.56771082882197,75.40682579489315,68.16088503392882
278,Accountant,0,100.0,8.333333333333332,100.0,1.9026659663865995,38.153987884521484,57.675164744302876,34.88486883738904,70.01062259704527,50.20607616976809,67.51737041099399,61.12007830779371
278,Business Analyst,0,50.0,8.333333333333332,100.0,0.8096609003675638,41.26105499267578,40.47727405062317,35.3496523855741,48.51325922994563,29.973263588968436,47.47744107713887,40.33895976673154
278,Customer Support Representative,1,66.66666666666666,60.0,100.0,8.217832240862567,42.870948791503906,57.9966504881883,53.32818023823842,57.49581311023538,50.58429469198624,66.78114782595166,60.66589196407378
278,Market Research Analyst,0,66.66666666666666,12.5,100.0,0.972472825156772,34.311622619628906,46.12594765005118,35.06556048725823,54.53243456256398,36.618761941236684,54.094207913267844,48.210828537772755
278,Operations Manager,0,50.0,5.0,100.0,4.305883490722211,40.386478424072266,40.203854287219166,34.9290065957218,49.00481785902396,29.651593279081382,46.538790310130395,40.17162649836274
279,Accountant,0,33.33333333333333,60.0,100.0,1.2540290990939391,35.45978927612305,44.17373942294921,50.010881163511606,40.217174278686514,34.32204637994025,51.74780595068838,45.71149533121265
279,Business Analyst,0,25.0,60.0,100.0,0.9488772205803173,38.65558624267578,41.69066951948842,50.67795310690526,37.113336899360526,31.40078766998637,48.8803975722369,42.22627245069065
279,Customer Support Representative,1,66.66666666666666,100.0,100.0,8.13337893015487,46.33013153076172,66.50285990247082,66.41465626021152,58.12857487808853,60.59159988525979,76.80335654464422,70.06275314453713
279,Market Research Analyst,0,33.33333333333333,100.0,100.0,1.1396836762226512,32.43455123901367,51.70280190395211,61.59405421120837,39.628502379940144,43.17976694582602,60.62570512061025,55.1030814330589
279,Operations Manager,0,25.0,20.0,100.0,5.768305191202478,41.40250015258789,34.825620801568554,40.11633969472085,38.532026001960695,23.32425976655124,39.95338237986846,33.66499503374161
280,Accountant,0,66.66666666666666,100.0,100.0,1.6584884660132586,49.1411018371582,65.95327187880905,65.5691362238088,57.44158984851131,59.94502573977535,77.29941012812596,68.92012541557096
280,Business Analyst,0,25.0,100.0,70.0,0.5068089562614441,41.99159622192383,45.62476077672779,56.73040119496583,32.03095097090974,41.32324797262093,53.58675227445715,46.26590746286967
280,Customer Support Representative,1,66.66666666666666,100.0,100.0,6.431669927568835,47.934539794921875,66.48826479170694,66.39220224365171,58.11033098963368,60.57442916671405,77.08648741479013,69.76245155584547
280,Market Research Analyst,0,33.33333333333333,100.0,100.0,0.6087214255827068,38.42930221557617,52.5223702128405,62.85492853257513,40.65296276605062,44.143964956282936,61.68360235176834,55.009382212357735
280,Operations Manager,0,25.0,100.0,100.0,0.6341626515934176,45.23721694946289,50.63070694015845,64.431856831013,38.28838367519806,41.91847875312759,59.45362652049345,51.582499291457665
281,Accountant,0,66.66666666666666,8.333333333333332,100.0,2.208611996492876,40.3127326965332,46.37820170395391,35.45364364710858,55.88941879660906,36.91553141641636,54.172835181741156,47.44857858761639
281,Business Analyst,0,25.0,8.333333333333332,100.0,0.49838594975980194,42.30839920043945,31.837684439196554,35.519514521840854,37.71377221566237,19.809040516701828,37.36814887850892,29.989911246036044
281,Customer Support Representative,1,33.33333333333333,60.0,100.0,8.221482754231383,41.237709045410156,46.08554543661289,52.952121184532665,42.60693179576612,36.57122992542694,52.76743885115081,46.94104597623691
281,Market Research Analyst,0,33.33333333333333,12.5,100.0,0.5986046656832883,36.070655822753906,34.667055739932245,35.385213958870125,40.20881967491531,23.137712635214406,40.679135341270296,34.4193616076696
281,Operations Manager,0,25.0,5.0,100.0,0.6236230664667601,38.00770568847656,30.544699313241498,33.53030663575615,36.930874141551875,18.287881544989997,35.82488923914292,29.22769818820002
282,Accountant,0,100.0,8.333333333333332,100.0,3.0871654637938666,42.311336517333984,58.47644196383584,36.117603021285916,71.01221912146147,51.14875525157158,68.2510201697256,61.329107630865586
282,Business Analyst,0,50.0,8.333333333333332,70.0,1.1418588906208411,42.692718505859375,36.2418532761387,28.833620424828766,43.218983261840044,30.284533266045532,42.435969932406564,35.10346529442329
282,Customer Support Representative,1,33.33333333333333,60.0,100.0,6.106389130616642,37.56135177612305,45.216827802677614,51.61563251693992,41.52103475334702,35.549209179620725,52.11866992127661,46.56779416030489
282,Market Research Analyst,0,66.66666666666666,12.5,100.0,1.3714713663316624,32.144771575927734,45.860769774672235,34.65759452513678,54.2009622183403,36.30678797020263,53.71182243496764,48.28124004503891
282,Operations Manager,0,75.0,5.0,100.0,7.290543693324309,44.04031753540039,49.949629184308705,36.460967975859546,61.187036480385885,41.117210805069064,57.47770309448242,50.99244888705723
283,Accountant,0,100.0,100.0,100.0,2.6638332513601126,34.110904693603516,75.51621069174455,62.332631833453135,69.39526336468069,71.1955419902877,88.37251259298887,82.82302939729884
283,Business Analyst,0,50.0,100.0,100.0,0.8485430350897972,39.76225280761719,58.59161937640605,63.217875963701616,48.23952422050757,51.28425808988947,68.78157402487362,61.914448770898204
283,Customer Support Representative,1,66.66666666666666,100.0,100.0,5.359230153654634,35.57892608642578,64.4740567693454,63.293420670787796,55.59257096168175,58.20477266981811,74.90608499564377,69.57319747809592
283,Market Research Analyst,0,66.66666666666666,100.0,100.0,1.0191736345750002,32.62510681152344,63.37997540024809,61.61021856448425,54.22496925031012,56.917618117938936,74.384822770661,68.8073051511995
283,Operations Manager,0,75.0,100.0,100.0,6.7909598953020875,44.46333312988281,68.93814395377774,65.67406762119651,61.17267994222218,63.45663994562087,79.90529408174402,73.25722821681802
284,Accountant,0,100.0,8.333333333333332,100.0,3.2512926136441265,40.119140625,58.17223165246329,35.64958715763582,70.63195623224578,50.79086076760387,67.86416207107844,61.35807124554504
284,Business Analyst,0,50.0,8.333333333333332,100.0,1.2025650780431594,37.29939270019531,39.94196033340244,34.526092820619134,47.84411708341972,29.34348274517934,46.77832420199526,40.40829579808605
284,Customer Support Representative,1,66.66666666666666,60.0,100.0,6.601973512131629,36.32787322998047,56.77281034465014,51.44534924817972,55.96601293081268,49.14448275841193,65.62648743274164,60.3807404237095
284,Market Research Analyst,0,66.66666666666666,12.5,100.0,1.4443847521210442,27.99202537536621,45.24879485245641,33.71609464480475,53.43599356557052,35.586817473478135,52.978984870162655,48.294107113119395
284,Operations Manager,0,50.0,5.0,100.0,6.672593016574383,41.52359390258789,40.72942803787434,35.737581596729754,49.66178504734293,30.2699153386757,46.739457747515516,40.589281120571954
285,Accountant,0,33.33333333333333,8.333333333333332,100.0,2.294476495810994,41.43555450439453,34.89283798336416,35.73257125645768,41.53271414587187,23.403338803957837,40.64549001057943,33.73824095024115
285,Business Analyst,0,0.0,8.333333333333332,100.0,0.41120639766242295,37.418670654296875,22.34114822446056,34.37099726840086,25.843101947242374,8.6366449699536,26.211137958601412,19.680408972136505
285,Customer Support Representative,1,33.33333333333333,60.0,100.0,3.133280136959589,34.29551696777344,44.28098623237662,50.175876254938395,40.351232790470775,34.44821909691367,51.54234613156786,46.043127867306595
285,Market Research Analyst,0,0.0,12.5,100.0,0.4938944773988442,29.00175666809082,21.924347671823448,33.72976564895915,24.28043458977931,8.146291378615823,25.706192353192495,20.675393143070384
285,Operations Manager,0,25.0,5.0,100.0,7.1789822811102075,48.625858306884766,33.12072608819925,37.49342475107576,40.150907610249064,21.318501280234408,37.698680877685554,30.384526284901803
286,Accountant,0,33.33333333333333,100.0,100.0,1.1567196963781212,34.29229736328125,51.98401922561557,62.02669624453677,39.980024032019465,43.510610853665376,60.953542671951595,55.10608778955692
286,Business Analyst,0,0.0,100.0,100.0,0.10980786377571647,30.110767364501953,39.533086284241655,60.82013274498716,24.416357855302067,28.862454452049004,46.49013541726506,41.19584844654866
286,Customer Support Representative,1,33.33333333333333,100.0,100.0,6.971001017429705,43.130348205566406,54.181869050116084,65.40800366684526,42.72733631264511,46.09631652954834,62.51319870294309,56.13213743444838
286,Market Research Analyst,0,0.0,100.0,100.0,0.131888749304707,29.30517578125,39.415559679583204,60.639322583974156,24.269449599479007,28.72418785833318,46.34797219669118,41.19974507340671
286,Operations Manager,0,25.0,100.0,100.0,2.0807717975834485,42.22422790527344,50.39574995542853,64.07038454681312,37.994687444285674,41.642058771092394,58.92192257151884,51.837783258397074
287,Accountant,0,33.33333333333333,60.0,100.0,1.2428646364627811,38.31663131713867,44.60059105970688,50.66757598929264,40.75073882463361,34.824224776125746,52.25195454616173,45.7095251319248
287,Business Analyst,0,25.0,60.0,70.0,0.9404294865696947,40.64404296875,37.487670868297954,44.211801335843006,31.859588585372446,31.750201021527005,43.937184053308826,36.930664027041715
287,Customer Support Representative,1,66.66666666666666,100.0,100.0,14.434367390012032,49.99635314941406,67.99794141424725,68.71478166294449,59.99742676780906,62.350519310879115,77.45033683028876,71.17469228451192
287,Market Research Analyst,0,33.33333333333333,100.0,100.0,1.129537216444547,34.28258514404297,51.97848502073979,62.01818208318942,39.97310627592474,43.504100024399754,60.95182875090954,55.10129088133335
287,Operations Manager,0,25.0,20.0,100.0,1.1767456937600385,39.22623825073242,33.81044759167387,38.55453475642134,37.263059489592344,22.129938343145728,39.56933616189396,32.8547198283106
288,Accountant,0,66.66666666666666,100.0,100.0,1.8804682555463335,41.17424774169922,64.79154073292015,63.78185753782589,55.9894259161502,58.578283215200194,75.89349469951554,68.9592983196062
288,Business Analyst,0,25.0,100.0,100.0,0.5746426179056687,38.32033920288086,49.58424727311798,62.82191888171997,36.98030909139747,40.68734973307998,58.23300103580251,51.571995756101
288,Customer Support Representative,1,66.66666666666666,100.0,100.0,4.506998809607001,35.43107604980469,64.32404456224508,63.06263265986423,55.40505570280635,58.028287720288326,74.87999381271062,69.42280371149927
288,Market Research Analyst,0,33.33333333333333,100.0,100.0,0.6901955248629622,35.40348434448242,52.08071864706847,62.17546458523355,40.100898308835596,43.624374878904085,61.149634492163564,55.023759994583656
288,Operations Manager,0,25.0,80.0,100.0,0.7190419225773366,40.2099494934082,45.88934871239783,57.137459557535124,37.36168589049729,36.3404102498798,53.860579322366156,46.891595633396
289,Accountant,0,100.0,100.0,100.0,3.028550952878117,40.34625244140625,76.50622050914265,63.85572386021946,70.63277563642832,72.36025942252077,89.47286807789521,82.88739134462556
289,Business Analyst,0,50.0,100.0,70.0,0.9647209772485439,39.9909553527832,54.14335144950476,56.37438684539194,42.67918931188096,51.345119352358545,63.527815650491156,56.6408331136321
289,Customer Support Representative,1,66.66666666666666,100.0,100.0,6.742347341780045,33.976829528808594,64.44120986392163,63.24288697013584,55.55151232990204,58.16612925167251,74.62336207371132,69.81727698188276
289,Market Research Analyst,0,66.66666666666666,100.0,100.0,1.158713399408311,31.0366153717041,63.16263264900019,61.275845101025936,53.95329081125024,56.661920763529636,74.10450075186935,68.83192981558184
289,Operations Manager,0,75.0,100.0,100.0,8.565656614388246,45.81419372558594,69.40697755099613,66.39535007845558,61.75872193874517,64.00820888352486,80.14368124569164,73.57040999077441
290,Accountant,0,66.66666666666666,100.0,100.0,1.9820056417120437,42.868167877197266,65.06085936116972,64.19619388897905,56.326074201462156,58.895128660199674,76.19242178225049,68.97721668187074
290,Business Analyst,0,25.0,100.0,70.0,0.7795890981747129,40.28363800048828,45.40948406479945,56.39920625353761,31.76185508099931,41.06998125270524,53.285347882439105,46.31404513497201
290,Customer Support Representative,1,66.66666666666666,100.0,100.0,3.826266647126977,34.837501525878906,64.13289855928421,62.76856188607828,55.16612319910527,57.803410069746135,74.77524536731197,69.30267450635574
290,Market Research Analyst,0,33.33333333333333,100.0,100.0,0.9363539877240128,33.954280853271484,51.90026189281599,61.8978388094605,39.87532736601999,43.412072815077636,60.89389269959693,55.067199723323846
290,Operations Manager,0,25.0,100.0,100.0,4.739188321177972,47.106353759765625,51.52683131214154,65.81050971098698,39.40853914017693,42.972742720166515,59.78347419289982,52.306915586090234
291,Accountant,0,100.0,8.333333333333332,100.0,2.201081166563196,40.3017463684082,58.042090796912376,35.44937045678827,70.46928016280715,50.637753878720446,67.89638661403282,61.17273981370723
291,Business Analyst,0,50.0,8.333333333333332,100.0,0.9366485713128779,44.96184158325195,41.0514401898514,36.232984907463674,49.230966903980914,30.648753164531048,48.130521063711136,40.361369355721884
291,Customer Support Representative,1,66.66666666666666,60.0,100.0,5.915687312460582,39.63053512573242,57.16526669906228,52.04912825496761,56.456583373827854,49.606196116543856,66.20931012022729,60.25963109435578
291,Market Research Analyst,0,66.66666666666666,12.5,100.0,1.1249960099471037,38.77037048339844,46.81763830733516,36.12969996000282,55.397047884168956,37.43251565568842,54.88104577158011,48.23774439391223
291,Operations Manager,0,75.0,5.0,100.0,3.0224334592414634,42.608760833740234,49.09467914394725,35.14566022145731,60.11834892993407,40.11138722817324,57.22507544124828,50.23925296339555
292,Accountant,0,66.66666666666666,100.0,100.0,1.6677547749341695,38.865177154541016,64.4132731227546,63.19990736834042,55.51659140344326,58.13326249735836,75.48601165472292,68.921760646557
292,Business Analyst,0,25.0,100.0,100.0,0.5096405999230318,38.07648468017578,49.53791879201483,62.750644295407426,36.92239849001853,40.632845637664495,58.18996788473691,51.56052481175113
292,Customer Support Representative,1,66.66666666666666,100.0,100.0,7.342300987471273,41.17584991455078,65.61105596863663,65.04265020815895,57.01381996079581,59.542418786631345,75.89377743590111,69.92315115465179
292,Market Research Analyst,0,33.33333333333333,100.0,100.0,0.6121224747258376,35.13143539428711,52.028200347018604,62.094667200541444,40.035250433773264,43.56258864355131,61.1016258538938,55.009982397500636
292,Operations Manager,0,50.0,80.0,100.0,2.547686405173131,43.48481750488281,55.40487558650839,58.31519321001291,49.25609448313549,47.5351477488334,64.73261485380284,57.508415247971726
293,Accountant,0,66.66666666666666,8.333333333333332,100.0,1.4763872082134326,40.44232177734375,46.28780634783358,35.31457386846191,55.77642460145864,36.80918393862773,54.19570384306066,47.31936244850825
293,Business Analyst,0,25.0,8.333333333333332,70.0,0.45116156992702006,40.48420333862305,27.056971402949173,28.164571389152574,31.73788092035314,19.478789885822557,31.752114314658968,24.68745988488908
293,Customer Support Representative,1,66.66666666666666,60.0,100.0,8.366738065238039,48.59983825683594,58.87831978164443,54.68459453586322,58.59789972705554,51.621552684287565,67.7921283198338,60.692169462492984
293,Market Research Analyst,0,33.33333333333333,12.5,100.0,0.5418840977870077,37.04072952270508,34.804058709740474,35.5959877585751,40.38007338717559,23.29889259969468,40.850324817732265,34.4093520956879
293,Operations Manager,0,50.0,5.0,100.0,5.736009401267303,50.63785171508789,41.956079167453275,37.62473718069735,51.195098959316596,31.713034314650915,48.34785618501551,40.42400165904717
294,Accountant,0,66.66666666666666,8.333333333333332,100.0,1.4261368787956596,33.95892333984375,45.30775903279591,33.80680876840397,54.55136545766155,35.65618709740695,53.05157470703125,47.31049474331688
294,Business Analyst,0,25.0,8.333333333333332,100.0,0.43580583033286147,35.15129470825195,30.754731747454386,33.853433457622145,36.36008135098466,18.53497852641693,36.10513043871113,29.978867695548935
294,Customer Support Representative,1,66.66666666666666,60.0,100.0,8.081967686849842,48.75503921508789,58.85888436862399,54.65469390044717,58.573605460779994,51.59868749249881,67.81951672423119,60.64191586630683
294,Market Research Analyst,0,33.33333333333333,12.5,100.0,8.713448631488287,42.86151885986328,36.9029117903694,38.82499249800421,43.003639737961755,25.76813151808165,41.877522936054305,35.85139289575283
294,Operations Manager,0,50.0,5.0,100.0,2.902649718137985,43.307857513427734,40.43157608473486,35.27934782266901,49.289470105918575,29.919501276158655,47.05432779648725,39.92399700908317
295,Accountant,0,66.66666666666666,8.333333333333332,100.0,1.5890266470365986,38.7401123046875,46.04937084275861,34.947750014500436,55.47838022011493,36.52867157971602,53.89531393612132,47.33923999653587
295,Business Analyst,0,25.0,8.333333333333332,100.0,0.515745949724852,43.968589782714844,32.08931702653262,35.90664157928096,38.02831294983245,20.10507885474426,37.66112368714576,29.99297477544164
295,Customer Support Representative,1,33.33333333333333,60.0,100.0,8.177914944567338,40.218990325927734,45.926202457240926,52.70697813934502,42.40775307155116,36.38376759675403,52.58766495947744,46.93335753923737
295,Market Research Analyst,0,33.33333333333333,12.5,100.0,0.6194555283136433,35.869022369384766,34.639938351321426,35.34349489946886,40.174922939151784,23.10580982508403,40.64355296714633,34.423041171663186
295,Operations Manager,0,25.0,5.0,100.0,1.418157911867754,40.20280456542969,30.993144371594614,34.220222110145556,37.49143046449327,18.815463966581902,36.212259629193476,29.36791021974137
296,Accountant,0,100.0,60.0,100.0,3.1126646414560555,44.47726058959961,69.13848878465835,52.520751976397456,71.42311098082294,63.692339746656884,80.79010480992935,73.49047023084519
296,Business Analyst,0,50.0,60.0,70.0,1.151290345804752,45.93125915527344,47.06238242516173,45.480588346402655,43.82797803145217,43.0145675590138,55.16433985093061,47.26199241396555
296,Customer Support Representative,1,33.33333333333333,100.0,100.0,5.829519174111911,39.71736145019531,53.49869876031274,64.3569724517632,41.873373450390936,45.29258677683852,61.91090692258348,55.930699462098175
296,Market Research Analyst,0,66.66666666666666,100.0,100.0,1.382799360389266,32.015201568603516,63.343033472682244,61.55338482976756,54.17879184085281,56.874157026685,74.27719243367513,68.87147439693143
296,Operations Manager,0,75.0,20.0,100.0,7.496451509315028,46.91732406616211,53.41206633632157,41.78779436357164,61.76508292040197,45.19066627802538,61.51482189402861,54.558197325173246
297,Accountant,0,66.66666666666666,100.0,100.0,1.9751181540495408,38.465084075927734,64.39936366782992,63.17850820691784,55.49920458478741,58.11689843274109,75.41540699379115,68.97600124287149
297,Business Analyst,0,25.0,100.0,100.0,0.6035661933502258,31.487422943115234,48.56364837046982,61.25176672379972,35.704560463087276,39.4866451417292,57.027192284079156,51.57709991647357
297,Customer Support Representative,1,66.66666666666666,100.0,100.0,8.695470215891191,47.08261489868164,66.70004610051924,66.7180196418245,58.37505762564907,60.82358364766971,76.93614772721833,70.16194572437296
297,Market Research Analyst,0,33.33333333333333,100.0,100.0,0.7249352425811257,30.07040023803711,51.2859669887594,60.95276972629651,39.10745873594925,42.689372927952235,60.20850200279086,55.02989053300451
297,Operations Manager,0,25.0,100.0,100.0,0.755233570477143,36.49099349975586,49.33693406053495,62.441437016207615,36.67116757566869,40.396393012394064,57.91017532348633,51.603864747731265
298,Accountant,0,66.66666666666666,100.0,100.0,1.6057051083089278,38.905029296875,64.40994349411092,63.19478486273475,55.51242936763865,58.12934528718932,75.49304438572304,68.91081070538785
298,Business Analyst,0,25.0,100.0,100.0,0.5211592314120334,41.812286376953125,50.10001684125477,63.615410525007334,37.625021051568474,41.29413746029973,58.849227007697614,51.56255751142565
298,Customer Support Representative,1,33.33333333333333,100.0,100.0,8.263750533256637,43.43616485595703,54.42165397504871,65.776903551357,43.0270674688109,46.37841644123378,62.56716634712967,56.360269701947246
298,Market Research Analyst,0,33.33333333333333,100.0,100.0,0.6259573481907212,31.949960708618164,51.553054375188,61.36367339772512,39.441317968985,43.00359338257412,60.5401891446581,55.01242384575915
298,Operations Manager,0,50.0,80.0,100.0,6.0398808420669425,44.9915885925293,56.15472041518944,59.46880063875298,50.1934005189868,48.417318135516986,64.99851563397576,58.1246848544824
299,Accountant,0,33.33333333333333,60.0,100.0,1.2451557645014462,40.18811798095703,44.881657728485436,51.09998624895196,41.102072160606795,35.15489144527699,52.58221689860026,45.70992944863751
299,Business Analyst,0,0.0,60.0,100.0,0.3337599768865958,42.34775161743164,33.402226739147736,51.38804113715036,26.752783423934673,21.649678516644396,39.23783852072323,31.823604701803518
299,Customer Support Representative,1,33.33333333333333,100.0,100.0,7.246411128722306,43.37492752075195,54.259867464087804,65.52800122680175,42.82483433010976,46.188079369515066,62.55635975856407,56.18073921879413
299,Market Research Analyst,0,0.0,100.0,100.0,0.4008746223262353,34.36170196533203,40.21438648814874,61.86828690484421,25.267983110185927,29.6639841037044,47.2403003468233,41.24721316864581
299,Operations Manager,0,25.0,20.0,100.0,5.142110643764567,48.21961975097656,35.75425955921117,41.54501470647872,39.69282444901396,24.41677595201314,41.15640348546645,33.55449011360551
300,Accountant,0,66.66666666666666,100.0,100.0,1.9615164635692899,43.34096145629883,65.12870502131355,64.30057182766187,56.41088127664193,58.974947083898286,76.27585594326841,68.97360094455144
300,Business Analyst,0,25.0,100.0,70.0,0.7715300192424988,46.36101531982422,46.31988180086001,57.79981815516924,32.89985225107501,42.141037412776484,54.35782623291016,46.312622944572205
300,Customer Support Representative,1,66.66666666666666,100.0,100.0,6.613232846554315,43.813907623291016,65.89740440381013,65.483186262272,57.37175550476267,59.87929929860015,76.35931703156115,69.79449207096056
300,Market Research Analyst,0,33.33333333333333,100.0,100.0,9.999947529423707,45.776607513427734,55.03314992309438,66.71766654835032,43.791437403867974,47.09782343893456,62.980185639624494,56.6666574071532
300,Operations Manager,0,50.0,100.0,100.0,3.5769669250023823,46.3206787109375,59.98464684539098,65.36099514675534,49.98080855673872,52.92311393575409,69.93894330193015,62.3959353397063
301,Accountant,0,0.0,100.0,100.0,0.6550992924397814,31.65433120727539,39.84641457495727,61.30217626916503,24.808018218696596,29.231075970537972,46.76252903657801,41.29207634572467
301,Business Analyst,0,0.0,100.0,100.0,0.49568929163088543,37.17238998413086,40.65021189136426,62.53878752517578,25.812764864205327,30.17671987219325,47.736304114846625,41.26394516911133
301,Customer Support Representative,1,33.33333333333333,100.0,100.0,7.794876733154949,50.77080535888672,55.45151898047291,67.36131125200961,44.31439872559115,47.590022329968136,63.86151467117608,56.27752726663519
301,Market Research Analyst,0,0.0,100.0,100.0,0.5953657458491713,31.630125045776367,39.83382361874383,61.2828055672982,24.792279523429787,29.2162630808751,46.75825736101936,41.28153513162044
301,Operations Manager,0,25.0,80.0,100.0,2.914346081149486,41.64016342163086,46.43317642541705,57.97411757756469,38.04147053177132,36.980207559314174,54.112970015581915,47.27900224961462
302,Accountant,0,66.66666666666666,100.0,100.0,1.778044878195561,37.7462043762207,64.26197072149577,62.967134443326835,55.32746340186972,57.95525967234797,75.28854587031346,68.94122360595608
302,Business Analyst,0,25.0,100.0,100.0,0.6993645093307109,40.87113571166992,49.98557503315009,63.439346204846295,37.48196879143762,41.15950003900011,58.683141596177045,51.5940055016466
302,Customer Support Representative,1,66.66666666666666,100.0,100.0,6.305094764944746,42.38166046142578,65.63634661728891,65.0815588983932,57.04543327161114,59.572172490928125,76.10656753240846,69.74011476244122
302,Market Research Analyst,0,33.33333333333333,100.0,100.0,9.064596610401123,44.39549255371094,54.685680041283476,66.18309749941048,43.35710005160435,46.689035342686445,62.736459470262716,56.501595480266865
302,Operations Manager,0,50.0,100.0,100.0,2.515272782269915,43.935455322265625,59.46760921568033,64.5655526395082,49.33451151960042,52.31483437138863,69.51802152745864,62.20857754981234
303,Accountant,0,100.0,60.0,100.0,4.270241126829613,46.25849914550781,69.57931104085061,53.19894006284709,71.97413880106328,64.21095416570661,81.10444102567784,73.6947484341464
303,Business Analyst,0,50.0,60.0,70.0,1.0869484985156086,43.88383102416992,46.745616928402825,44.993256812927434,43.432021160503545,42.64190226870922,54.80302900426528,47.25063797032628
303,Customer Support Representative,1,66.66666666666666,100.0,100.0,7.596584393261761,38.448829650878906,65.24014543995443,64.47201862557093,56.55018179994305,59.10605345876992,75.41253856584137,69.96802469685011
303,Market Research Analyst,0,66.66666666666666,100.0,100.0,1.3055192323990497,35.3494873046875,63.831584313896315,62.30500150855844,54.7894803923704,57.44892272223096,74.86559579886642,68.8578367272861
303,Operations Manager,0,50.0,20.0,100.0,3.083101829522727,42.93047332763672,43.40203627357392,39.849286574729106,49.252545341967405,33.41416032185167,50.517142351935895,43.485253264033425
304,Accountant,0,66.66666666666666,100.0,100.0,1.813796624699281,39.43046188354492,64.51997210956996,63.364059655748655,55.64996513696245,58.258790717141125,75.58576778337067,68.94753273769203
304,Business Analyst,0,25.0,100.0,100.0,0.7134268667874388,38.96232986450195,49.70136350969341,63.00209770722063,37.12670438711676,40.82513354081578,58.34629350550035,51.59648709413896
304,Customer Support Representative,1,66.66666666666666,100.0,100.0,6.431873426429941,42.68239212036133,65.70047316535202,65.18021512618259,57.125591456690024,59.64761548864943,76.1596378251618,69.7624874674092
304,Market Research Analyst,0,33.33333333333333,100.0,100.0,0.8568874208604662,31.66651153564453,51.54517651014242,61.35155360534731,39.43147063767802,42.994325306049895,60.49016870236864,55.053176211524395
304,Operations Manager,0,50.0,80.0,100.0,3.3075891310259737,47.266815185546875,56.08616064748593,59.36332407305527,50.10770080935742,48.336659585277566,65.40002620921416,57.642515729004586
305,Accountant,0,66.66666666666666,100.0,100.0,1.5510312362032954,38.62565612792969,64.35983643795328,63.11769708403069,55.4497955474416,58.070395809356796,75.4437432382621,68.90116237501627
305,Business Analyst,0,50.0,100.0,70.0,1.1736077013724773,45.343936920166016,54.97763169323078,57.657894912662734,43.722039616538474,52.32662552144797,64.47245945649989,56.67769547671279
305,Customer Support Representative,1,66.66666666666666,100.0,100.0,3.355585765405248,35.9208869934082,64.22480424715535,62.909955252033875,55.28100530894419,57.911534408418056,74.96643103805242,69.2196131742872
305,Market Research Analyst,0,66.66666666666666,100.0,100.0,10.249320464453652,44.75668716430664,66.58423447764737,66.5398479143293,58.230293097059224,60.68733467958515,76.52568989174038,70.43615459176632
305,Operations Manager,0,50.0,80.0,100.0,2.734493634540355,39.132911682128906,54.780110797500384,57.35401661153906,48.47513849687549,46.80013035000045,63.964631473316864,57.54138122962477
306,Accountant,0,66.66666666666666,100.0,100.0,2.133750496509306,47.18422317504883,65.73102938406704,65.2272246934365,57.163786730083814,59.683563981255354,76.95407859951841,69.0039951856585
306,Business Analyst,0,25.0,100.0,100.0,0.8392754239925672,47.43388748168945,50.9909744358523,64.98611451669585,38.73871804481538,42.34232286570859,59.84127426147461,51.618695663057515
306,Customer Support Representative,1,66.66666666666666,100.0,100.0,6.29251824293552,43.037681579589844,65.73286330671213,65.23004611289046,57.16607913339017,59.685721537308396,76.22233596502565,69.7378953762043
306,Market Research Analyst,0,33.33333333333333,100.0,100.0,1.0080424314477576,39.020626068115234,52.67096694160111,63.083538884514525,40.8387086770014,44.318784637177785,61.787953619863465,55.07985062515744
306,Operations Manager,0,25.0,80.0,100.0,1.922757161297877,46.87517547607422,47.06968989560582,58.953369070162786,38.83711236950727,37.72904693600684,55.036795672248395,47.104015969640805
307,Accountant,0,66.66666666666666,8.333333333333332,100.0,2.372965632059983,45.34188461303711,47.15722753676456,36.652144928355746,56.863201087622365,37.8320323961936,55.06033257877125,47.477582170363526
307,Business Analyst,0,25.0,8.333333333333332,100.0,0.9333667362819734,35.26179122924805,30.845940361496165,33.993754402301796,36.47409211853688,18.642282778230786,36.12462982476926,30.066672561304657
307,Customer Support Representative,1,66.66666666666666,60.0,100.0,4.581015846598093,36.60853576660156,56.511766075313275,51.04374267996915,55.6397075941416,48.83737185330974,65.67601611567478,60.02410083567417
307,Market Research Analyst,0,33.33333333333333,12.5,100.0,1.1210542420010987,28.617748260498047,33.62748704204154,33.785877500576724,38.90935880255192,21.914690637695927,39.363916359695736,34.51155859172568
307,Operations Manager,0,25.0,5.0,100.0,5.674015640188192,44.88302993774414,32.33355683668985,36.28239513336899,39.16694604586231,20.392419807870414,37.038181753719556,30.118943936503797
308,Accountant,0,33.33333333333333,8.333333333333332,100.0,0.7405658455943576,32.206756591796875,33.275431698942015,33.244253895808235,39.51095629034419,21.500507881108252,39.01687861423866,33.46402142373233
308,Business Analyst,0,25.0,8.333333333333332,100.0,0.5603586565351676,38.93922805786133,31.34160467382614,34.75631488280945,37.093672508949346,19.22541726332487,36.77358926511278,30.000847606055224
308,Customer Support Representative,1,33.33333333333333,60.0,100.0,6.794005611174163,43.970237731933594,46.28130316813283,53.25328692533256,42.85162896016604,36.8015331389798,53.24964979583142,46.68913824510917
308,Market Research Analyst,0,33.33333333333333,12.5,100.0,10.170615733660934,43.5574951171875,37.22588329429393,39.321871734811175,43.40735411786741,26.148097993286978,42.000342275582106,36.10854003143036
308,Operations Manager,0,50.0,5.0,100.0,2.595196773734415,35.867332458496094,39.26937938483458,33.49135289974551,47.83672423104323,28.55221104098186,45.74129396326402,39.86974060712961
309,Accountant,0,66.66666666666666,100.0,100.0,1.5237328440080324,36.54361343383789,64.04343527501022,62.63092606411829,55.05429409376278,57.69815914707085,75.07632393930471,68.89634501168769
309,Business Analyst,0,50.0,100.0,70.0,1.1529520223844316,40.562843322753906,54.25736930177075,56.549798925801156,42.821711627213446,51.479258002083235,63.628737056956574,56.67405035689137
309,Customer Support Representative,1,66.66666666666666,100.0,100.0,8.569576825443276,46.16953659057617,66.54420034573624,66.47825694215834,58.18025043217032,60.64023570086618,76.77501626108207,70.13972924370567
309,Market Research Analyst,0,66.66666666666666,100.0,100.0,1.3847951777952987,32.813228607177734,63.463036901079285,61.73800548883993,54.32879612634911,57.015337530681514,74.41802073459999,68.87182660000309
309,Operations Manager,0,75.0,100.0,100.0,3.796329033909592,42.30888366699219,68.16578190513528,64.48581831559272,60.20722738141909,62.54797871192385,79.5250971177045,72.72876394716052
310,Accountant,0,33.33333333333333,100.0,100.0,1.0144377475265551,36.048336029052734,52.22608273315356,62.399101640749066,40.28260341644195,43.795391450768896,61.263431848264204,55.08097921034783
310,Business Analyst,0,25.0,100.0,100.0,0.767587347869548,38.4791374206543,49.637008715278576,62.90309033119781,37.046260894098225,40.749422017974794,58.2610242507037,51.606044826094625
310,Customer Support Representative,1,66.66666666666666,100.0,100.0,6.920155232529162,44.70821762084961,66.07758926134014,65.7603937353951,57.596986576675185,60.091281483929585,76.51713644289502,69.84865484495612
310,Market Research Analyst,0,33.33333333333333,100.0,100.0,9.948845814815144,40.44326400756836,54.22548314002419,65.47510226670389,42.78185392503024,46.14762722355787,62.03900737388461,56.657639457516396
310,Operations Manager,0,25.0,100.0,100.0,1.7585217293946267,43.92900466918945,50.60312895978761,64.38942916890402,38.25391119973452,41.88603407033837,59.222765529856964,51.78091559930493
311,Accountant,0,100.0,100.0,100.0,3.4780127841321153,36.27908706665039,75.96356497761738,63.02086919633442,69.95445622202172,71.72184115013809,88.75513301176184,82.96670813837626
311,Business Analyst,0,50.0,100.0,100.0,1.2864227284966072,39.602149963378906,58.63328590378133,63.28197831350973,48.29160737972666,51.33327753386039,68.75332058177275,61.99172165796999
311,Customer Support Representative,1,66.66666666666666,100.0,100.0,3.678147127859524,32.6734619140625,63.786074689621636,62.23498670198201,54.732593362027046,57.39538198779016,74.39335602405025,69.27653576766149
311,Market Research Analyst,0,66.66666666666666,100.0,100.0,11.234553745429082,44.09346008300781,66.63253540759887,66.6141570373316,58.290669259498586,60.744159303057494,76.40864981857,70.61001928840905
311,Operations Manager,0,50.0,100.0,100.0,6.281263517347599,34.20341873168945,58.57270233735556,63.188772826700855,48.21587792169445,51.26200274983007,67.80060330559226,62.87316415012017
312,Accountant,0,100.0,60.0,100.0,3.0694410906126626,42.94231033325195,68.9017627135797,52.156558020891836,71.12720339197462,63.413838486564345,80.51923123527976,73.48284254540224
312,Business Analyst,0,50.0,60.0,70.0,1.135303125037493,43.40608596801758,46.68120836395826,44.894166713781935,43.351510454947835,42.56612748700972,54.71872105317957,47.2591711397125
312,Customer Support Representative,1,66.66666666666666,100.0,100.0,3.24606510449851,34.60385513305664,64.0108213689666,62.58075082405118,55.01352671120825,57.65978984584306,74.73401365093156,69.20028599883307
312,Market Research Analyst,0,66.66666666666666,100.0,100.0,1.3635973244024924,32.6030387878418,63.428328750169975,61.68460833359484,54.28541093771247,56.97450441196468,74.3809284135407,68.86808580234553
312,Operations Manager,0,75.0,20.0,100.0,7.248686423725434,46.503440856933594,53.31281909209885,41.6351062955367,61.641023865123564,45.07390481423395,61.44178368063534,54.51447407477507
313,Accountant,0,66.66666666666666,60.0,100.0,1.607004063840422,50.25458908081055,58.11257230503097,53.506521494919454,57.64071538128872,50.72067330003644,68.08414317112343,59.49927522695223
313,Business Analyst,0,25.0,60.0,100.0,0.4910761027242213,38.5762825012207,41.61010379059174,50.554005831679596,37.012629738239674,31.30600445951969,48.86640279433307,42.1454840181278
313,Customer Support Representative,1,33.33333333333333,100.0,100.0,13.902759869383255,48.34199142456055,56.00337936075823,68.21032722167934,45.004224200947796,48.23926983618615,63.43290044747147,57.35538899655783
313,Market Research Analyst,0,33.33333333333333,100.0,100.0,0.5898249066570985,32.992645263671875,51.704037192216006,61.59595465469129,39.63004649027002,43.18122022613649,60.72419230143229,55.00604753254733
313,Operations Manager,0,25.0,20.0,100.0,0.6144763615367178,41.21287536621094,34.02410275916215,38.88323501409561,37.53012844895269,22.381297363720176,39.919919182272515,32.755495828506476
314,Accountant,0,66.66666666666666,60.0,100.0,1.560618968781081,38.52509689331055,56.34619071264707,50.789011352790375,55.432738390808844,48.64257730899656,66.01423278509401,59.49108962194176
314,Business Analyst,0,50.0,60.0,70.0,1.1808623823417224,45.91838455200195,47.06488704015155,45.484441600233154,43.83110880018945,43.01751416488418,55.16206786211799,47.26721100864854
314,Customer Support Representative,1,33.33333333333333,100.0,100.0,5.979256166728924,39.85325622558594,53.541543525513895,64.42288747514958,41.92692940689237,45.342992382957526,61.934888353534774,55.95712363726589
314,Market Research Analyst,0,66.66666666666666,100.0,100.0,1.4183179360098639,35.15708923339844,63.81964440874457,62.286632423709605,54.77455551093072,57.434875774993614,74.8316431980507,68.87774238086448
314,Operations Manager,0,75.0,20.0,100.0,4.674562143377031,43.1057243347168,52.417042971714075,40.25698918725242,60.5213037146426,44.020050554957734,60.84218664730297,54.06021684883124
315,Accountant,0,66.66666666666666,100.0,100.0,1.8209999676686017,46.9350700378418,65.64674383415989,65.09755461665625,57.05842979269987,59.584404510776345,76.91011039883483,68.94880391586308
315,Business Analyst,0,25.0,100.0,70.0,0.7162601824607712,46.622276306152344,46.35078047329197,57.84735457429532,32.93847559161496,42.17738879210819,54.403931112850415,46.30286944396367
315,Customer Support Representative,1,66.66666666666666,100.0,100.0,8.312176302357226,47.907535552978516,66.7662901116337,66.81993350507747,58.457862639542114,60.901517778392574,77.08172196032953,70.0943056219846
315,Market Research Analyst,0,33.33333333333333,100.0,100.0,0.8602904782344307,35.82365036010742,52.169257792417945,62.31167865500197,40.21157224052242,43.72853857931522,61.22378143609739,55.05377675106098
315,Operations Manager,0,50.0,80.0,100.0,3.3207249471301235,48.28736114501953,56.24121291382245,59.60186602126531,50.30151614227807,48.51907401626171,65.58012255500346,57.64483381419944
316,Accountant,0,66.66666666666666,8.333333333333332,100.0,3.2959149010201223,50.449825286865234,48.061861028182804,38.043888761306874,57.99399295189517,38.896307091979764,55.961733874152685,47.64045557076826
316,Business Analyst,0,25.0,8.333333333333332,70.0,0.986241865962716,42.046592712402344,27.37159185342142,28.648602851417575,32.13115648344345,19.8489315922605,32.02783008650237,24.781885819483612
316,Customer Support Representative,1,0.0,60.0,100.0,7.153161964552263,46.22472381591797,35.00668286707054,53.85643518010852,28.75835358383817,23.53727396125945,39.92201008516199,33.02702858197981
316,Market Research Analyst,0,33.33333333333333,12.5,100.0,1.1845618495906702,31.905292510986328,34.130144820753216,34.55919716013315,39.537681025941524,22.506052730297903,39.94407122742896,34.52276581659443
316,Operations Manager,0,25.0,5.0,100.0,1.2340700555984563,39.925132751464844,30.923880421059494,34.11366218624537,37.40485052632437,18.733976965952344,36.163258720846734,29.335424127458552
317,Accountant,0,66.66666666666666,8.333333333333332,100.0,1.5860844407322228,40.27374267578125,46.27897406747702,35.30098574483644,55.76538425101295,36.7987930205612,54.16595458984375,47.33872078365863
317,Business Analyst,0,25.0,8.333333333333332,100.0,0.4846833827444825,39.00012969970703,31.339388629034392,34.75290558312984,37.09090245295966,19.22281015180517,36.78433661367379,29.987493145974515
317,Customer Support Representative,1,66.66666666666666,60.0,100.0,6.98274682251214,44.74908447265625,58.09310802760859,53.476576452731166,57.616385034510735,50.69777415012775,67.11258353439031,60.44793571377665
317,Market Research Analyst,0,33.33333333333333,12.5,100.0,9.690700454499115,46.36098861694336,37.574420027383034,39.8580820934098,43.843025034228795,26.558141208685925,42.49507642259785,36.02384909981357
317,Operations Manager,0,25.0,5.0,100.0,0.6064772443088958,37.69456100463867,30.495155737342134,33.45408574975713,36.868944671677674,18.229594985108395,35.769628412583295,29.22467245487804
318,Accountant,0,66.66666666666666,8.333333333333332,100.0,1.6047985693776265,39.847450256347656,46.217837323858795,35.20692921619301,55.68896332149016,36.72686743983387,54.090726515826056,47.342023276949
318,Business Analyst,0,25.0,8.333333333333332,100.0,0.4904021370201265,43.254425048828125,31.9783907445439,35.735985760836776,37.88965509734655,19.974577346522242,37.535094616459865,29.98850233790551
318,Customer Support Representative,1,33.33333333333333,60.0,100.0,11.228172919611481,47.37422561645508,47.45702644707665,55.06209196986151,44.321283058845815,38.184736996560765,53.850353540158736,47.47163835836281
318,Market Research Analyst,0,33.33333333333333,12.5,100.0,9.805040530167375,57.99778747558594,39.33709086752966,42.56988338594307,46.04636358441208,28.631871608858425,44.548629162358296,36.04402676022561
318,Operations Manager,0,25.0,5.0,100.0,0.6136330380857185,33.11001205444336,29.808546763879363,32.397764252122094,36.01068345484921,17.421819722211012,34.96059036254883,29.225935242015126
319,Accountant,0,66.66666666666666,100.0,100.0,1.7785393481050162,40.0543098449707,64.60826071229468,63.49988827532516,55.760325890368364,58.36265966152316,75.69585860009286,68.94131086535185
319,Business Analyst,0,25.0,100.0,70.0,0.5772555588807026,38.170711517333984,45.0621950614322,55.86491547912646,31.327743826790254,40.66140595462612,52.912478503058935,46.27833921627307
319,Customer Support Representative,1,33.33333333333333,100.0,100.0,3.5816619646815235,32.38517761230469,52.061692603214595,62.146193748535275,40.077115754018244,43.601991297899524,60.61699212766161,55.53401877808105
319,Market Research Analyst,0,33.33333333333333,100.0,100.0,0.6933338931487537,28.888427734375,51.10393091079523,60.67271422173625,38.87991363849404,42.47521283622968,59.999918619791664,55.02431382428116
319,Operations Manager,0,25.0,100.0,100.0,7.935292785056372,39.875518798828125,50.92162173758267,64.87941805781949,38.65202717197835,42.26073145597962,58.507444493910846,52.8709340208923
320,Accountant,0,66.66666666666666,100.0,100.0,1.5936344660453894,39.451263427734375,64.49006801740029,63.31805336010303,55.61258502175038,58.22360943223565,75.58943864410999,68.90868059204722
320,Business Analyst,0,50.0,100.0,100.0,1.2058439822925282,43.23561096191406,59.16621824163099,64.10187421789384,48.95777280203875,51.96025675485999,69.39451958151425,61.9775018792281
320,Customer Support Representative,1,33.33333333333333,100.0,100.0,6.44856614698428,39.25278091430664,53.5218687258603,64.3926185526056,41.90233590732538,45.31984555983565,61.828922122132546,56.03994304554624
320,Market Research Analyst,0,66.66666666666666,100.0,100.0,1.448322999944738,34.783477783203125,63.768103450805505,62.20733864226489,54.71012931350688,57.37423935388883,74.7657117656633,68.8830373921471
320,Operations Manager,0,50.0,80.0,100.0,3.6125715729450247,44.304603576660156,55.68757627244078,58.75011734221658,49.60947034055098,47.8677367911068,64.8772829841165,57.69633615993148
321,Accountant,0,66.66666666666666,100.0,100.0,1.8713971957648512,39.331722259521484,64.51380125162628,63.354566028143,55.64225156453285,58.25153088426621,75.56834314383713,68.95769754435065
321,Business Analyst,0,25.0,100.0,100.0,0.7360830975802876,39.65162658691406,49.808156452674154,63.16639454257562,37.26019556584269,40.95077229726371,58.46793410357307,51.60048525251417
321,Customer Support Representative,1,66.66666666666666,100.0,100.0,6.6361298338677095,44.091880798339844,65.94253492816446,65.55261783820174,57.428168660205586,59.93239403313466,76.40837112127566,69.79853271578057
321,Market Research Analyst,0,33.33333333333333,100.0,100.0,9.540513226336284,47.69486999511719,55.25197414988468,67.05431920495079,44.06496768735587,47.35526370574669,63.31870254815793,56.58558076543189
321,Operations Manager,0,25.0,100.0,100.0,1.6863463491519515,40.20294952392578,50.03339438096166,63.51291443224871,37.54174297620208,41.215758095249015,58.56522638657514,51.7681787674974
322,Accountant,0,66.66666666666666,60.0,100.0,2.380125707273068,47.347450256347656,57.79246972787644,53.01405599160478,57.24058715984555,50.34408203279581,67.5711186726888,59.635708458146226
322,Business Analyst,0,25.0,60.0,70.0,0.5370890011693524,45.16365432739258,38.10511149928429,45.16170999889891,32.63138937410537,32.476601763863876,44.7347625283634,36.85948629432401
322,Customer Support Representative,1,0.0,100.0,100.0,8.344542551511585,49.11583709716797,43.61905694730193,67.10624145738758,29.523821184127417,33.669478761531686,49.84397125244141,42.64903692085499
322,Market Research Analyst,0,33.33333333333333,100.0,100.0,0.6450903805416282,33.833499908447266,51.838455210015,61.80275160515128,39.798069012518745,43.33935907060588,60.87257841521618,55.01580026323284
322,Operations Manager,0,50.0,20.0,100.0,6.224496033311058,48.09225082397461,44.64751202859285,41.765403120912076,50.80939003574107,34.87942591599159,51.428044263054346,44.039616947054895
323,Accountant,0,66.66666666666666,60.0,100.0,1.4621625577712218,42.39970016479492,56.912612741718256,51.66042985905372,56.140765927147825,49.30895616672736,66.69798630359126,59.47371496117531
323,Business Analyst,0,25.0,60.0,70.0,0.44681473219402673,37.418426513671875,36.92978618687989,43.35351721058444,31.16223273359986,31.093866102211635,43.36795762005975,36.843555540975416
323,Customer Support Representative,1,66.66666666666666,100.0,100.0,8.603064258864665,51.2952995300293,67.31808790166743,67.66885318205246,59.147609877084285,61.5506916490205,77.67956266216203,70.14563879078004
323,Market Research Analyst,0,33.33333333333333,100.0,100.0,0.5366631694097291,33.75849151611328,51.810939869495115,61.76042031204377,39.763674836868894,43.30698808175896,60.85934164009842,54.99666604950367
323,Operations Manager,0,50.0,20.0,100.0,2.975973624474698,46.97290802001953,43.99233224667414,40.75743422565251,49.990415308342676,34.108626172557805,51.23051318000345,43.46634828667201
324,Accountant,0,33.33333333333333,60.0,100.0,0.6145607434884048,34.29020690917969,43.90238181456688,49.593407919846484,39.877977268208596,34.00280213478456,51.54140906240426,45.59864797434109
324,Business Analyst,0,25.0,60.0,100.0,0.4650152780189734,33.371028900146484,40.82540662672482,49.34677942573048,36.03175828340603,30.38283132555861,47.947828629437616,42.14088504906218
324,Customer Support Representative,1,66.66666666666666,100.0,100.0,5.901286357599089,50.60907745361328,66.80988790501519,66.88700703335671,58.51235988126899,60.95280930001787,77.55846464867685,69.66885445526259
324,Market Research Analyst,0,33.33333333333333,100.0,100.0,0.558523600375021,34.665565490722656,51.950280030331314,61.974789790253304,39.93785003791415,43.47091768274272,61.01941351797066,55.000523772615196
324,Operations Manager,0,50.0,20.0,100.0,2.324605029869408,48.88473892211914,44.18140159279828,41.04831014276658,50.226751990997855,34.33106069740974,51.56789510390338,43.35140088762401
325,Accountant,0,66.66666666666666,100.0,100.0,1.4964101644539005,40.91924285888672,64.69568128683443,63.63438146692476,55.86960160854303,58.46550739627579,75.84849383784275,68.8915233623546
325,Business Analyst,0,25.0,100.0,70.0,0.45728028209261856,37.489925384521484,44.94208084999212,55.68012438460325,31.177601062490144,40.52009511763779,52.79233977373909,46.257167108604584
325,Customer Support Representative,1,66.66666666666666,100.0,100.0,8.804570144402124,47.21757125854492,66.73665454377539,66.774340323757,58.42081817971923,60.86665240444162,76.95996355542948,70.1811986529337
325,Market Research Analyst,0,33.33333333333333,100.0,100.0,0.5492332007303504,34.334476470947266,51.89922311741831,61.896240693464065,39.874028896772884,43.410850726374484,60.96098604389266,54.99888429032496
325,Operations Manager,0,50.0,100.0,100.0,3.045678578720272,49.420814514160156,60.36997396393206,65.95380609835702,50.46246745491508,53.37643995756713,70.48602609073414,62.30217857271534
326,Accountant,0,33.33333333333333,8.333333333333332,100.0,0.6844997715067027,28.696949005126953,32.74055064982838,32.42135997409495,38.842354978952145,20.871236058621623,38.397500804826315,33.45412741065804
326,Business Analyst,0,25.0,8.333333333333332,100.0,0.5179355416428721,27.666133880615234,29.64427708000538,32.14504166154674,34.9720130166734,17.228561270594568,34.7842197044223,29.993361174015405
326,Customer Support Representative,1,66.66666666666666,60.0,100.0,10.266403367006927,41.878726959228516,58.15510288226865,53.571953152208174,57.69387860283582,50.77070927325724,66.60604985555013,61.02740451574632
326,Market Research Analyst,0,33.33333333333333,12.5,100.0,0.622085417737093,31.818115234375,34.032696764483475,34.409277073564326,39.415870955604355,22.391407958215858,39.9286870021446,34.42350526979674
326,Operations Manager,0,25.0,5.0,100.0,1.5086005414836117,41.163352966308594,31.150793026168827,34.46275850179819,37.688491282711034,19.00093297196333,36.38176817052505,29.383870683791226
327,Accountant,0,66.66666666666666,8.333333333333332,100.0,1.3545513261843622,32.9035758972168,45.138719083510175,33.546747307964374,54.340065521054385,35.457316568835495,52.86533692303826,47.29786199873842
327,Business Analyst,0,50.0,8.333333333333332,100.0,1.0249386544952241,42.26993179321289,40.66089723382289,35.632149590496745,48.74278820894527,30.18929086332104,47.65547815958659,40.376949958636416
327,Customer Support Representative,1,33.33333333333333,60.0,100.0,7.181009705504385,43.75579833984375,46.307187873468884,53.29310954892649,42.88398484183611,36.83198573349281,53.2118075501685,46.757433085285086
327,Market Research Analyst,0,66.66666666666666,12.5,100.0,8.95096778424553,42.607643127441406,48.56712497008637,38.821217902696986,57.583906212607964,39.49073525892514,55.558211532293576,49.61879823643548
327,Operations Manager,0,75.0,5.0,100.0,3.3748189833514726,40.43061828613281,48.82081559042264,34.72433167757329,59.776019488028304,39.78919481226193,56.84069734461167,50.30143864412085
328,Accountant,0,33.33333333333333,8.333333333333332,100.0,1.1582386335399537,40.02237319946289,34.510425108283755,35.14424375633399,41.054698052021365,22.95344130386324,40.39610507441502,33.53772838631097
328,Business Analyst,0,25.0,8.333333333333332,70.0,0.8763961347916122,37.769020080566406,26.713479098970367,27.63612169072364,31.30851554037963,19.074681292906316,31.27296432794309,24.762501278688713
328,Customer Support Representative,1,66.66666666666666,60.0,100.0,10.870835564482096,50.393253326416016,59.522946666968046,55.67632820559187,59.40368333371006,52.37993725525653,68.10861333211263,61.134069021183116
328,Market Research Analyst,0,33.33333333333333,12.5,100.0,1.0526276182663215,33.84907150268555,34.401921534809446,34.97731518175812,39.87740191851181,22.825790040952292,40.287091049493526,34.49948330518425
328,Operations Manager,0,50.0,5.0,100.0,3.1519691304288173,46.32414627075195,40.92141731017712,36.03294970796479,49.9017716377214,30.495785070796607,47.58661404777976,39.967994552428614
329,Accountant,0,66.66666666666666,8.333333333333332,100.0,1.5727361492466354,37.59788131713867,45.87559261995779,34.68039890249918,55.2611574416139,36.32422661171505,53.693743761848,47.33636520280823
329,Business Analyst,0,25.0,8.333333333333332,100.0,0.48060434703557214,36.07099151611328,30.899406046138992,34.0760093017523,36.540924224340415,18.705183583692932,36.26742987539254,29.98677331614353
329,Customer Support Representative,1,33.33333333333333,60.0,100.0,6.412622372055983,41.80942916870117,45.89997439778024,52.66662727863626,42.3749679972253,36.352911056212044,52.86833063761393,46.6218353205589
329,Market Research Analyst,0,33.33333333333333,12.5,100.0,9.609144711914281,43.433135986328125,37.12300877140302,39.163603238055934,43.278760964253784,26.027069142827088,41.97839654660692,36.009456909945655
329,Operations Manager,0,50.0,5.0,100.0,3.2010266393021762,39.63301086425781,39.925105625534,34.50016250082153,48.65638203191751,29.323653677098818,46.405825446633735,39.97665175987686
330,Accountant,0,33.33333333333333,100.0,100.0,1.013650836246919,34.18244934082031,51.946081693226745,61.96833081009243,39.93260211653344,43.46597846261971,60.93415772681143,55.08084034365141
330,Business Analyst,0,25.0,100.0,100.0,0.7669919213452319,35.227500915527344,49.14917392553088,62.15257527004751,36.436467406913614,40.175498735918694,57.68720604391659,51.60593975082563
330,Customer Support Representative,1,66.66666666666666,100.0,100.0,6.914787186808674,42.44441223144531,65.73721324607143,65.23673832728937,57.171516557589285,59.69083911302521,76.11764137417661,69.84770754277015
330,Market Research Analyst,0,33.33333333333333,100.0,100.0,0.9212236879469045,32.06810760498047,51.61506636060577,61.45907645221401,39.518832950757215,43.07654865953621,60.56103859695734,55.064529670422004
330,Operations Manager,0,25.0,100.0,100.0,1.7571576234278286,45.18716812133789,50.791648861714854,64.67945978725362,38.48956107714358,42.10782219025278,59.44479437435375,51.78067487472256
331,Accountant,0,100.0,100.0,100.0,2.813415277415296,42.14286804199219,76.74344249791112,64.22068076601711,70.92930312238892,72.63934411518956,89.78991788976333,82.84942622542623
331,Business Analyst,0,50.0,100.0,70.0,0.8961912076317305,43.83241271972656,54.709290589103745,57.24506244477499,43.38661323637969,52.010930104827935,64.20571989171646,56.62873962487619
331,Customer Support Representative,1,66.66666666666666,100.0,100.0,5.9952675296531925,44.713314056396484,65.93962057124078,65.54813421216531,57.42452571405098,59.92896537793033,76.5180358138739,69.685439367978
331,Market Research Analyst,0,66.66666666666666,100.0,100.0,9.954510642401091,45.534481048583984,66.65668208698109,66.65130577484271,58.32085260872637,60.77256716115423,76.66294763602461,70.38412932905118
331,Operations Manager,0,50.0,100.0,100.0,1.7571278048501084,37.68802261352539,58.41677256275632,62.94888086577895,48.020965703445405,51.07855595618391,68.41553340238683,62.07478725967943
332,Accountant,0,100.0,100.0,100.0,1.9427638667767329,36.82870101928711,75.81571973290957,62.79341497370703,69.76964966613697,71.54790556812891,88.85212370928596,82.69578185884295
332,Business Analyst,0,50.0,100.0,100.0,0.8267241698569426,39.24629592895508,58.5109530148218,63.09377386895662,48.13869126852725,51.18935648802565,68.69052281099208,61.91059838291593
332,Customer Support Representative,1,33.33333333333333,100.0,100.0,7.927330603431136,44.05001449584961,54.46326843155878,65.84092579214172,43.07908553944847,46.42737462536327,62.67549275416954,56.30090147903687
332,Market Research Analyst,0,66.66666666666666,100.0,100.0,9.182900342125345,39.510555267333984,65.63735167475222,65.08310514064445,57.046689593440284,59.57335491147321,75.59990190992168,70.2479628054731
332,Operations Manager,0,75.0,100.0,100.0,3.9782370817558976,40.997806549072266,67.99640654462422,64.22524083788342,59.995508180780284,62.34871358191085,79.29373056748335,72.7608653673687
333,Accountant,0,66.66666666666666,8.333333333333332,100.0,1.485114531316511,39.762691497802734,46.18717090436789,35.15975010928393,55.650630297126526,36.69078929925633,54.07576908784755,47.32090256434997
333,Business Analyst,0,50.0,8.333333333333332,70.0,1.12373098019593,43.617733001708984,36.377886263952405,29.04290194454216,43.38902449660718,30.444572075238124,42.59920778461531,35.10026625140713
333,Customer Support Representative,1,33.33333333333333,60.0,100.0,6.00944538731463,40.18732452392578,45.59618215335273,52.19925459490164,41.995227691690914,35.9955084157091,52.58207687677122,46.55068644089866
333,Market Research Analyst,0,66.66666666666666,12.5,100.0,9.813738371342975,42.03620147705078,48.61082431059239,38.888447657321635,57.6385303882405,39.54214624775575,55.45736888810699,49.771051869452684
333,Operations Manager,0,50.0,5.0,100.0,2.012194787667215,39.2442512512207,39.68846690583319,34.13610293205106,48.36058363229149,29.045255183333165,46.337220809038946,39.76685790370598
334,Accountant,0,66.66666666666666,100.0,100.0,2.563259388629709,44.052738189697266,65.32573297008237,64.60369174884468,56.657166212602974,59.206744670685154,76.40146360210343,69.07979087250328
334,Business Analyst,0,25.0,100.0,100.0,0.7670081899281357,41.82502365112305,50.13880477615768,63.67508427101181,37.6735059701971,41.33977032489138,58.85147476196289,51.60594262175203
334,Customer Support Representative,1,0.0,100.0,100.0,5.563071291176998,36.684165954589844,41.33708558686502,63.59551628748465,26.671356983581283,30.984806572782386,47.650146933162915,42.15818905138418
334,Market Research Analyst,0,33.33333333333333,100.0,100.0,0.9212432279231719,30.79717254638672,51.424429032813144,61.16578825560997,39.28053629101644,42.85226945036842,60.33675593955844,55.0645331186531
334,Operations Manager,0,25.0,80.0,100.0,4.426709036714371,44.16033172607422,47.03805611441829,58.904701714489676,38.79757014302287,37.69183072284505,54.55770559871898,47.54588983000842
335,Accountant,0,66.66666666666666,8.333333333333332,100.0,1.6331610153588865,43.77247619628906,46.810845581747195,36.1192496129444,56.43022364385066,37.42452421382022,54.78337815228631,47.3470284144751
335,Business Analyst,0,25.0,8.333333333333332,70.0,0.5300705186352188,41.52466583251953,27.224877119339876,28.422887875907506,31.947763065841517,19.6763260227528,31.93572534299364,24.701384993484645
335,Customer Support Representative,1,0.0,60.0,100.0,5.918121330518454,39.410400390625,33.79927825817152,51.99888962795618,27.2490978227144,22.116797950790023,38.719482421875,32.80908023479738
335,Market Research Analyst,0,33.33333333333333,12.5,100.0,0.6366605755020319,31.159671783447266,33.93611652050906,34.26069208283445,39.29514565063633,22.277784141775367,39.81249109903971,34.42607735646114
335,Operations Manager,0,50.0,5.0,100.0,9.078313001855395,43.761749267578125,41.42600934041503,36.80924513910004,50.53251167551879,31.089422753429446,47.13442634133732,41.0138199415039
336,Accountant,0,100.0,100.0,100.0,3.5505357938694333,45.42450714111328,77.34625644024742,65.14808683114985,71.68282055030927,73.34853698852636,90.36903067196117,82.9795063165652
336,Business Analyst,0,50.0,100.0,70.0,1.3132470255465525,45.54121017456055,55.028168580016064,57.735643969255484,43.785210725020086,52.38608068237184,64.50727238374598,56.702337710390566
336,Customer Support Representative,1,66.66666666666666,100.0,100.0,3.754843309422183,35.81542205810547,64.26887313846248,62.97775354635253,55.336091423078095,57.96338016289703,74.94781957888135,69.29007038793725
336,Market Research Analyst,0,66.66666666666666,100.0,100.0,1.577323351642912,33.73652267456055,63.63041023726385,61.99550292912388,54.53801279657982,57.21224733795748,74.5809549817852,68.90580216009384
336,Operations Manager,0,75.0,80.0,100.0,5.906922505022103,46.016727447509766,65.03854749287979,59.67468845058427,61.298184366099726,58.86887940338798,75.47354013779585,68.39533926559214
337,Accountant,0,66.66666666666666,100.0,100.0,1.8961822020890153,36.47677993774414,64.0892776543083,62.70145280149995,55.11159706788538,57.752091358009764,75.06452979293523,68.96207136899609
337,Business Analyst,0,25.0,100.0,100.0,0.6154385720916336,38.96215057373047,49.686638371873315,62.979443649035865,37.10829796484165,40.807809849262725,58.346261865952435,51.57919504213382
337,Customer Support Representative,1,33.33333333333333,100.0,100.0,3.8185737518624014,36.40757369995117,52.7005887844387,63.129110950418514,40.87573598054838,44.353633864045534,61.32682673136394,55.57582674052473
337,Market Research Analyst,0,33.33333333333333,100.0,100.0,11.17032663173314,46.64651870727539,55.339193467517944,67.18850277054042,44.173991834397434,47.45787466766817,63.13369937971527,56.87319489579605
337,Operations Manager,0,50.0,100.0,100.0,2.8502891462401903,33.14178466796875,57.89881107213134,62.15201703404821,47.37351384016418,50.469189496625106,67.61325611787684,62.26769808463062
338,Accountant,0,33.33333333333333,8.333333333333332,100.0,0.9666835084940076,37.7144889831543,34.135509207080574,34.56745006217525,40.58605317551739,22.512363773035975,39.98883138918409,33.50392454071462
338,Business Analyst,0,25.0,8.333333333333332,70.0,0.7314534897024039,42.22256088256836,27.359768822507277,28.630413573088124,32.11637769480077,19.835022144126214,32.05888329300226,24.736923164849443
338,Customer Support Representative,1,66.66666666666666,60.0,100.0,8.488494142578995,48.41777038574219,58.8692730125815,54.67067642961257,58.58659126572688,51.61090942656647,67.75999869552312,60.71365582908256
338,Market Research Analyst,0,33.33333333333333,12.5,100.0,0.878538955356196,35.62712097167969,34.64251565572204,35.34745998316212,40.17814456965256,23.108841947908292,40.60086448519838,34.4687617764354
338,Operations Manager,0,50.0,5.0,100.0,3.3911641473288103,45.55620574951172,40.84210548452608,35.91093151465551,49.8026318556576,30.40247704061892,47.45109513226678,40.01020543776391
339,Accountant,0,66.66666666666666,60.0,100.0,1.4687034728021142,39.81957244873047,56.52657472156322,51.06652521266136,55.65821840195403,48.85479379007438,66.24266964781518,59.47486924029841
339,Business Analyst,0,50.0,60.0,70.0,1.1113133420397083,42.86069107055664,46.59580066188945,44.762770249060694,43.24475082736181,42.465647837517,54.622474894804114,47.254937648595245
339,Customer Support Representative,1,66.66666666666666,100.0,100.0,8.260087910730046,43.76860809326172,66.1376377339321,65.85277600092117,57.672047167415116,60.16192674580246,76.3513229968501,70.08511355287392
339,Market Research Analyst,0,66.66666666666666,100.0,100.0,1.3347835184793424,32.01448059082031,63.33572294972828,61.542137871376845,54.169653687160356,56.865556411445034,74.27706520230161,68.86300101306499
339,Operations Manager,0,75.0,20.0,100.0,7.095516393194232,44.635379791259766,53.009634427668104,41.16866835025861,61.26204303458513,44.71721697372718,61.11212584551643,54.48744406938722
340,Accountant,0,66.66666666666666,60.0,100.0,2.294676987094656,42.39756774902344,57.03717004375104,51.85205647756571,56.2964625546888,49.45549416911887,66.6976099949257,59.620629272232385
340,Business Analyst,0,25.0,60.0,70.0,0.6866398500863844,46.91107940673828,38.3896578885237,45.59947367465185,32.98707236065463,32.81136222179259,45.043131660012634,36.88587762060348
340,Customer Support Representative,1,33.33333333333333,100.0,100.0,7.072943322368132,44.8036003112793,54.44814821171378,65.8176639154571,43.06018526464223,46.40958613142798,62.80847848630419,56.150127252966925
340,Market Research Analyst,0,33.33333333333333,100.0,100.0,8.385033040722107,44.255428314208984,54.56273586990633,65.9939526203687,43.20341983738291,46.54439514106627,62.71174225152708,56.38167249738233
340,Operations Manager,0,50.0,20.0,100.0,2.366878352773639,42.08249282836914,43.167405677171416,39.48831642641756,48.95925709646428,33.13812432608402,50.367498734418085,43.358860885783585
341,Accountant,0,33.33333333333333,8.333333333333332,100.0,1.0289206483851225,40.53657150268555,34.56815715599393,35.23306229127272,41.126863111659084,23.02136135999286,40.486845951454306,33.51490756540129
341,Business Analyst,0,0.0,8.333333333333332,100.0,0.09767584899579862,37.46747970581055,22.30143999988762,34.3099076921348,25.793466666526193,8.589929411632493,26.219751320633236,19.625080051783574
341,Customer Support Representative,1,0.0,60.0,100.0,7.9459413874620966,42.56967544555664,34.57734252495281,53.19591157685048,28.221678156191018,23.032167676415074,39.27700154921588,33.16693083308155
341,Market Research Analyst,0,0.0,12.5,100.0,0.11731714941330253,35.60340881347656,22.858108894433478,35.166321376051506,25.44763611804185,9.244833993451152,26.87118979061351,20.6089383204847
341,Operations Manager,0,25.0,5.0,100.0,1.8508797540274458,42.34151840209961,31.37885972341906,34.81363034372163,37.973574654273826,19.269246733434187,36.58967971801758,29.44427289776955
342,Accountant,0,100.0,8.333333333333332,100.0,3.2759826452456364,35.51548767089844,57.48538721408828,34.59290340628966,69.77340068427702,49.98280848716268,67.05175272623698,61.36242830994531
342,Business Analyst,0,50.0,8.333333333333332,100.0,0.8338696367848026,43.09342956542969,40.75576154699884,35.778094687690526,48.86136860041522,30.300895937645695,47.80080129586015,40.34323189668752
342,Customer Support Representative,1,66.66666666666666,60.0,100.0,8.151746309822187,41.43505859375,57.77135406886916,52.98157036236281,57.214192586086455,50.31924008102254,66.52775543811275,60.654229740949006
342,Market Research Analyst,0,66.66666666666666,12.5,100.0,1.0015496130891772,37.150882720947266,46.556198183438795,35.72748438477764,55.0702477292985,37.12493903933976,54.5952538135005,48.21595973564318
342,Operations Manager,0,50.0,5.0,100.0,5.026156122165401,41.26685333251953,40.44395141820274,35.29838679723498,49.30493927275342,29.934060492003226,46.69415058809168,40.29873343332331
343,Accountant,0,66.66666666666666,100.0,100.0,3.129696016829487,43.516658782958984,65.33028655330159,64.61069726148965,56.662858191627,59.21210182741365,76.3068613538555,69.17975027747971
343,Business Analyst,0,25.0,100.0,70.0,0.7417717009346115,52.59009552001953,47.24978008314312,59.230430897143265,34.0622251039289,43.23503539193309,55.45707568000344,46.307371476635524
343,Customer Support Representative,1,0.0,100.0,100.0,4.325854021865029,40.832374572753906,41.773734289192845,64.26728352183514,27.217167861491053,31.498510928462167,48.382183748133045,41.93985659209383
343,Market Research Analyst,0,33.33333333333333,100.0,100.0,9.05828611640711,51.67115783691406,55.77608325966484,67.86064091230487,44.72010407458105,47.971862658429224,64.02040040259267,56.50048186367968
343,Operations Manager,0,50.0,80.0,100.0,3.278979837572022,42.639774322509766,55.38781312401227,58.28894326771118,49.23476640501534,47.515074263543845,64.58348958632526,57.63746703015977
344,Accountant,0,66.66666666666666,100.0,100.0,1.8180935930910271,38.64760971069336,64.403188828901,63.184393070104086,55.503986036126236,58.121398622236455,75.44761739992629,68.94829102623174
344,Business Analyst,0,25.0,100.0,100.0,0.7376923385149047,41.78623580932617,50.12858922217616,63.659368034117165,37.6607365277202,41.3277520260896,58.84462984870462,51.600769236208514
344,Customer Support Representative,1,33.33333333333333,100.0,100.0,5.810312605174078,39.31588363647461,53.43559610291396,64.25989144038046,41.79449512864247,45.21834835636937,61.84005789663277,55.92731006757973
344,Market Research Analyst,0,33.33333333333333,100.0,100.0,9.008470206844013,44.607662200927734,54.709086527832426,66.21910747871655,43.38635815979054,46.71657238568521,62.77390117271274,56.491690820815606
344,Operations Manager,0,50.0,80.0,100.0,3.26094713679965,40.71820831298828,55.09687331746819,57.84134356533567,48.87109164683524,47.17279213819787,64.24438970229205,57.634284788847
345,Accountant,0,0.0,60.0,100.0,0.15122080026535625,25.485029220581055,30.845437503126963,47.454519235579944,23.556796878908703,18.641691180149365,36.26206398010254,31.79139190592918
345,Business Analyst,0,0.0,60.0,100.0,0.11442316031852601,32.795989990234375,31.936561972582936,49.13317226551221,24.920702465728674,19.92536702656816,37.55223352768842,31.784898204762097
345,Customer Support Representative,1,33.33333333333333,100.0,100.0,9.499977778121254,54.66572189331055,56.291521617381434,68.65362300109965,45.3644020217268,48.5782607263311,64.54885288313324,56.578427451041
345,Market Research Analyst,0,0.0,100.0,100.0,0.13743211995022628,33.02798843383789,39.97481308306821,61.499712435489556,24.968516353835273,29.382133038903785,47.004939135383154,41.20072331528533
345,Operations Manager,0,25.0,20.0,100.0,2.16822800111526,41.210060119628906,34.25674321811162,39.24114341247942,37.82092902263953,22.65499202130779,39.91942237405216,33.029687294314456
346,Accountant,0,33.33333333333333,60.0,100.0,0.8525437877891087,36.229522705078125,44.228976640596755,50.095861498353976,40.28622080074594,34.387031341878526,51.88364126168045,45.64064498215887
346,Business Analyst,0,25.0,60.0,100.0,0.6450882043844393,33.42283630371094,40.86018867621431,49.40029027109893,36.07523584526788,30.42375138378154,47.95697111241958,42.172662624303136
346,Customer Support Representative,1,0.0,100.0,100.0,7.202268619395999,43.17612075805664,42.556758406617895,65.47193601018138,28.19594800827237,32.41971577249164,48.79578601612764,42.4474591681287
346,Market Research Analyst,0,33.33333333333333,100.0,100.0,0.7748067719563263,25.76759147644043,50.64802640392618,59.97132267270695,38.31003300490772,41.938854592854334,59.44918280956792,55.03869139112955
346,Operations Manager,0,50.0,20.0,100.0,7.476133304879565,43.7468147277832,44.183442204899414,41.0514495459991,50.22930275612427,34.333461417528724,50.66120259902057,44.26049411262581
347,Accountant,0,66.66666666666666,100.0,100.0,1.7604696312859374,37.21873092651367,64.18021341700327,62.84135397487684,55.2252667712541,57.85907460823915,75.19546232036515,68.93812209179555
347,Business Analyst,0,50.0,100.0,70.0,1.3320819523706455,45.041351318359375,54.9560149906095,57.62463844709154,43.695018738261886,52.30119410659942,64.41906199735755,56.70566152100659
347,Customer Support Representative,1,33.33333333333333,100.0,100.0,3.240638072926299,35.09343719482422,52.41677795682924,62.69247890794243,40.52097244603656,44.01973877274029,61.094920289282705,55.47383809130072
347,Market Research Analyst,0,66.66666666666666,100.0,100.0,1.5999457290998589,36.36723327636719,64.02841018415339,62.60781053972316,55.03551273019174,57.68048256959222,75.04519802916283,68.90979434435096
347,Operations Manager,0,75.0,100.0,100.0,5.104611895809011,46.32669448852539,68.96469595765015,65.71491685792331,61.2058699470627,63.48787759723548,80.2341225567986,72.95963739337806
348,Accountant,0,66.66666666666666,100.0,100.0,1.7763043471184645,40.99456024169922,64.74896302165598,63.71635336665023,55.936203777069984,58.52819179018351,75.861785140692,68.94091645341307
348,Business Analyst,0,50.0,100.0,70.0,1.3440634934359235,44.6664924621582,54.901583393339116,57.540897528214025,43.6269792416739,52.23715693334014,64.35291043449851,56.707775910606344
348,Customer Support Representative,1,66.66666666666666,100.0,100.0,6.454222997170225,44.88270950317383,66.03387320838493,65.69313826931015,57.54234151048117,60.03985083339404,76.54792912801106,69.76643150930454
348,Market Research Analyst,0,66.66666666666666,100.0,100.0,1.6143365970350567,36.51803970336914,64.05318977839396,62.645932992400965,55.06648722299245,57.70963503340466,75.07181092804554,68.91233390928069
348,Operations Manager,0,50.0,80.0,100.0,2.4067304394455715,40.563011169433594,54.94546124133188,57.60840190974134,48.68182655166485,46.994660283919856,64.21700197107651,57.48354066578452
349,Accountant,0,66.66666666666666,8.333333333333332,100.0,1.7007043321539506,42.57880783081055,46.641926824444674,35.85937460170975,56.21907519722251,37.225796264052555,54.57273079367245,47.35894782332129
349,Business Analyst,0,25.0,8.333333333333332,70.0,0.5197094855656169,40.846031188964844,27.12152776784623,28.26388887360959,31.81857637647446,19.554738550407336,31.815966288248696,24.699556575884124
349,Customer Support Representative,1,33.33333333333333,60.0,100.0,11.89918952505214,49.99420166015625,47.95067534444792,55.82155181197117,44.93834418055991,38.76550040523285,54.31270225375306,47.59005305344057
349,Market Research Analyst,0,33.33333333333333,12.5,100.0,0.6242160779399486,36.78973388671875,34.77875916136547,35.557065376459704,40.34844895170684,23.269128425135843,40.80603147020526,34.42388126865607
349,Operations Manager,0,50.0,5.0,100.0,2.598020627114497,46.190948486328125,40.81834536701639,35.87437748771753,49.77293170877049,30.37452396119576,47.563108556410846,39.87023893419668
350,Accountant,0,33.33333333333333,8.333333333333332,100.0,1.0434888420269788,37.290321350097656,34.08340486215202,34.48728953151594,40.5209227443567,22.451064543708267,39.91397827746821,33.517478423102794
350,Business Analyst,0,25.0,8.333333333333332,70.0,0.7895692315629126,49.00975036621094,28.38656460633274,30.21009939435806,33.3998724245826,21.04301718392087,33.256622613645064,24.747178884001297
350,Customer Support Representative,1,0.0,60.0,100.0,7.640991766488117,45.43254470825195,34.96103047121101,53.78620072494002,28.701288089013765,23.48356526024825,39.782213772044464,33.11311619408614
350,Market Research Analyst,0,33.33333333333333,12.5,100.0,9.641974746673485,52.37854766845703,38.469745028936245,41.235505172722426,44.96218128617031,27.61146473992499,43.55699860815908,36.0152504454914
350,Operations Manager,0,50.0,5.0,100.0,2.7216805461658886,39.63185119628906,39.85302976136825,34.38927655595114,48.56628720171032,29.238858542786165,46.40562079934514,39.89206127285281
351,Accountant,0,100.0,8.333333333333332,100.0,1.9510215236575292,38.31797409057617,57.70701600880172,34.93387078277188,70.05043667766883,50.24354824564909,67.54630915323894,61.12861164142976
351,Business Analyst,0,50.0,8.333333333333332,70.0,0.8302381350106525,48.789798736572266,37.1096721974041,30.168726457544775,44.3037569134218,31.30549670282836,43.51192526723825,35.04847339637443
351,Customer Support Representative,1,33.33333333333333,60.0,100.0,7.6505855016138105,44.61778259277344,46.50692188082475,53.60039263716628,43.13365235103094,37.066966918617354,53.363922418332564,46.84029940224557
351,Market Research Analyst,0,66.66666666666666,12.5,100.0,9.221931972007173,48.230472564697266,49.45119401383899,40.181324123854864,58.68899251729874,40.530816486869405,56.55047555063285,49.666615446040474
351,Operations Manager,0,75.0,5.0,100.0,2.6790619184708158,40.093997955322266,48.66595898106896,34.48609074010609,59.5824487263362,39.607010565963485,56.78129375682158,50.178657985612496
352,Accountant,0,66.66666666666666,100.0,100.0,1.899601014510371,39.45912551879883,64.53714231332971,63.39047535384057,55.671427891662134,58.27899095685848,75.59082607194489,68.96267468883515
352,Business Analyst,0,25.0,100.0,100.0,0.747176602643124,46.95454788208008,50.90525867270848,64.85424411185919,38.6315733408856,42.241480791421736,59.75668492036707,51.6024429298782
352,Customer Support Representative,1,66.66666666666666,100.0,100.0,5.602001760590193,42.28343200683594,65.51614839844724,64.89663856171371,56.89518549805906,59.43076282170264,76.08923309924555,69.61603952637866
352,Market Research Analyst,0,33.33333333333333,100.0,100.0,9.684298258388148,53.72298812866211,56.1777596247242,68.47860455085775,45.22219953090526,48.44442308791083,64.38248810113645,56.61095459461752
352,Operations Manager,0,50.0,80.0,100.0,6.294448373674119,44.0015869140625,56.044405293160494,59.29908506640076,50.05550661645062,48.28753563901235,64.8238094554228,58.169608536530724
353,Accountant,0,66.66666666666666,60.0,100.0,2.098767176340412,44.541107177734375,57.329314486444545,52.301509466324944,56.661643108055685,49.799193513464175,67.07588165881586,59.58605695268752
353,Business Analyst,0,25.0,60.0,100.0,0.8255153143098986,43.57155227661133,42.409560138638184,51.78393867482797,38.011950173297734,32.246541339574335,49.747920989990234,42.204502702525275
353,Customer Support Representative,1,66.66666666666666,100.0,100.0,7.075972231499028,44.49039840698242,66.06828892910555,65.74608553195726,57.58536116138194,60.08033991659477,76.47869775809492,69.87615196242139
353,Market Research Analyst,0,33.33333333333333,100.0,100.0,0.9915153486511237,34.798404693603516,52.035154673004854,62.10536616359721,40.04394334125608,43.57077020353513,61.04285573024375,55.0769340811345
353,Operations Manager,0,50.0,20.0,100.0,3.827253511494734,45.78017807006836,43.941114737234464,40.67863805728379,49.92639342154308,34.04837027909937,51.02003142412971,43.616574149087306
354,Accountant,0,66.66666666666666,60.0,100.0,2.099578859812183,40.114723205566406,56.66547864314011,51.28022355354891,55.83184830392514,49.01821016840013,66.2947550754921,59.58620019094724
354,Business Analyst,0,25.0,60.0,70.0,0.8258345765624595,46.58902359008789,38.36222872499755,45.557274961534695,32.952785906246945,32.77909261764418,44.98629828060374,36.91044139586396
354,Customer Support Representative,1,33.33333333333333,100.0,100.0,3.136811662088438,37.530250549316406,52.76672599837739,63.23086051032419,40.95840749797175,44.431442351032224,61.524946175369564,55.455515783505795
354,Market Research Analyst,0,33.33333333333333,100.0,100.0,10.703799240004404,54.23918914794922,56.4081149248597,68.83299732029698,45.51014365607464,48.715429323364354,64.4735823986577,56.79086653254979
354,Operations Manager,0,50.0,20.0,100.0,6.957087640296798,41.972496032714844,43.83943755095174,40.52221161684884,49.799296938689686,33.92875005994323,50.34808753518497,44.168897818875905
355,Accountant,0,66.66666666666666,100.0,100.0,1.5777697924313498,35.33913803100586,63.870869506848905,62.36544026694704,54.838586883561135,57.49514059629283,74.863769456452,68.90588094376238
355,Business Analyst,0,25.0,100.0,100.0,0.4821425521548215,34.5359001159668,49.002706400218244,61.92724061572037,36.253383000272805,40.00318400025676,57.56515884399414,51.55567221508615
355,Customer Support Representative,1,66.66666666666666,100.0,100.0,5.7766436318162055,44.14316940307617,65.82130528856719,65.36611070035978,57.27663161070899,59.7897709277261,76.41742205152325,69.64685868012442
355,Market Research Analyst,0,33.33333333333333,100.0,100.0,0.579094939139881,30.230989456176758,51.28817932596416,60.95617332199614,39.11022415745521,42.6919756776049,60.23684127658021,55.00415400886782
355,Operations Manager,0,50.0,80.0,100.0,6.930945262968098,49.4294319152832,56.95405657673769,60.69854857959645,51.19257072092212,49.3577136196914,65.78166445563821,58.28193151699437
356,Accountant,0,33.33333333333333,100.0,100.0,1.2749990901799184,38.54790496826172,52.640102275432916,63.03605478271731,40.80012784429114,44.28247326521519,61.70453224930109,55.12696062375724
356,Business Analyst,0,0.0,100.0,100.0,0.34175938384645843,45.02621841430664,41.80519666972296,64.31568718418917,27.256495837153707,31.535525493791727,49.12227383781882,41.23678106773761
356,Customer Support Representative,1,33.33333333333333,100.0,100.0,7.420089806908528,45.76051330566406,54.643757133552555,66.11860071828599,43.3046964169407,46.63971427476771,62.977345485313265,56.21138839729758
356,Market Research Analyst,0,0.0,100.0,100.0,8.341869080859047,51.381874084472656,43.95856147479976,67.62855611507655,29.948201843499696,34.068895852705595,50.243860132554,42.64856513191631
356,Operations Manager,0,25.0,80.0,100.0,2.7105316391053758,41.8681640625,46.4368043552408,57.979699008062774,38.04600544405101,36.98447571204801,54.153205422794116,47.24303499513624
357,Accountant,0,33.33333333333333,100.0,100.0,1.7573401448035146,51.60453414916992,54.67094781076268,66.16043252937848,43.33868476345336,46.67170330677963,64.00864328122606,55.2120796333967
357,Business Analyst,0,0.0,100.0,100.0,0.4710493440524297,41.393798828125,41.27972722582662,63.50727265511787,26.599659032283267,30.917326148031307,48.48125861672794,41.25959694306808
357,Customer Support Representative,1,33.33333333333333,100.0,100.0,4.001887031975934,39.94933319091797,53.25934970010075,63.98874312836013,41.57418712512594,45.01099964717735,61.95184311212277,55.60817614289771
357,Market Research Analyst,0,0.0,100.0,100.0,0.5657710359867367,32.51370620727539,39.96192158648932,61.47987936382972,24.95240198311165,29.366966572340377,46.91418344834271,41.276312535762365
357,Operations Manager,0,25.0,80.0,100.0,2.769478447578588,47.772605895996094,47.33131265153621,59.355865617748,39.16414081442026,38.036838413572,55.19516574635226,47.25343737310211
358,Accountant,0,66.66666666666666,8.333333333333332,100.0,1.6421893948237838,40.28171157836914,46.288585145978935,35.315772019454776,55.777398099140335,36.810100171739926,54.16736086677103,47.34862165791008
358,Business Analyst,0,25.0,8.333333333333332,70.0,0.5330008345932825,41.06365203857422,27.15616459764179,28.317176304064294,31.86187241371891,19.59548776193152,31.854369967591527,24.70190210806548
358,Customer Support Representative,1,33.33333333333333,60.0,100.0,6.4623087709184155,40.1351203918457,45.656281041081286,52.29171442217633,42.0703513013516,36.066212989507385,52.572864382874734,46.630603508593445
358,Market Research Analyst,0,33.33333333333333,12.5,100.0,0.6401801386142516,34.461181640625,34.43187093355255,35.02339117982444,39.914838666940696,22.861024627708886,40.39511048560049,34.426698455833886
358,Operations Manager,0,50.0,5.0,100.0,2.4684941156921814,39.98448181152344,39.86794638908235,34.41222521397283,48.58493298635294,29.25640751656746,46.46784973144532,39.84738131453392
359,Accountant,0,100.0,8.333333333333332,100.0,2.098352964271816,43.18248748779297,58.45879273447638,36.0904503607329,70.99015758476216,51.127991452325155,68.40475269392425,61.15461130742052
359,Business Analyst,0,50.0,8.333333333333332,100.0,0.8929335891616288,47.098358154296875,41.36536042818545,36.7159391202853,49.623367201898475,31.018071091982875,48.50755339977789,40.35365494710696
359,Customer Support Representative,1,33.33333333333333,60.0,100.0,8.228319662835395,41.302955627441406,46.09635796020819,52.968755836217724,42.62044745026024,36.583950541421395,52.77895295386221,46.94225248951997
359,Market Research Analyst,0,66.66666666666666,12.5,100.0,1.0724905324379337,35.123165130615234,46.2626816827913,35.275920537627655,54.70335210348913,36.77962550916624,54.23742129755955,48.22847872141061
359,Operations Manager,0,75.0,5.0,100.0,6.512795214164045,43.156734466552734,49.700429452107514,36.0775837724731,60.875536815134396,40.824034649538255,57.32177667056813,50.855199155440715
360,Accountant,0,100.0,100.0,100.0,2.799258220089542,43.287818908691406,76.91306156931715,64.48163318356484,71.14132696164644,72.83889596390253,89.99196804271025,82.84692792119228
360,Business Analyst,0,50.0,100.0,70.0,1.330777957900946,46.884307861328125,55.23226287288436,58.049635189052864,44.04032859110546,52.62619161515808,64.74428962258732,56.705431404335464
360,Customer Support Representative,0,33.33333333333333,100.0,100.0,0.6520080572013093,26.276487350463867,50.70594097781644,60.0604220171535,38.38242622227055,42.0069893856664,59.53898796380735,55.017021029702185
360,Market Research Analyst,1,66.66666666666666,100.0,100.0,11.621915689209594,52.075767517089844,67.88798581427824,68.54561920145372,59.85998226784781,62.22115978150382,77.81729230693742,70.67837727848797
360,Operations Manager,0,50.0,100.0,100.0,1.665183039956352,37.65140151977539,58.39748768395976,62.91921182147655,47.996859604949705,51.05586786348207,68.40907085643096,62.058561712933475
361,Accountant,0,66.66666666666666,8.333333333333332,100.0,1.280064048081046,34.98006820678711,45.43901983823022,34.00874846907214,54.71544146445444,35.810611574388496,53.231776742374194,47.28471718495548
361,Business Analyst,0,50.0,8.333333333333332,100.0,0.9685768990412758,39.64553451538086,40.25878337882999,35.01351289050767,48.240145890204154,29.716215739799985,47.19234922820447,40.36700376649748
361,Customer Support Representative,0,33.33333333333333,60.0,100.0,6.812562496502054,49.09811019897461,47.05326757098816,54.440924468186914,43.81658446373522,37.70972655410373,54.15456846648571,46.69241298957879
361,Market Research Analyst,1,66.66666666666666,12.5,100.0,10.758540105486363,51.97186279296875,50.242893768101595,41.39932374579733,59.678617210127,41.46222796247247,57.2107208850337,49.93778158724268
361,Operations Manager,0,50.0,5.0,100.0,1.211966140257561,35.147727966308594,38.95395411598493,33.00608325536142,47.44244264498116,28.181122489394024,45.61430493523093,39.62564108357487
362,Accountant,0,66.66666666666666,100.0,100.0,1.3766405924264506,37.56660079956055,64.17481954213137,62.833055705843144,55.21852442766422,57.852728873095735,75.25685112149107,68.87038755552624
362,Business Analyst,0,50.0,100.0,70.0,1.0416527814413976,43.598793029785156,54.69606687168399,57.2247182641292,43.37008358960498,51.99537279021646,64.16449288760916,56.65440931437202
362,Customer Support Representative,0,33.33333333333333,100.0,100.0,4.664847107962753,39.209136962890625,53.24776427729467,63.97091940096616,41.559705346618344,44.99736973799373,61.82122024835325,55.72516909748362
362,Market Research Analyst,1,66.66666666666666,100.0,100.0,11.570235916447482,49.60728454589844,67.50996140268522,67.96404318361829,59.38745175335653,61.776425179629676,77.38167766496247,70.66925731858876
362,Operations Manager,0,75.0,100.0,100.0,5.751407878038696,40.1880989074707,68.14092601782642,64.4475784889637,60.17615752228301,62.51873649156048,79.15084098367132,73.07377786083036
363,Accountant,0,33.33333333333333,100.0,100.0,1.1714864525115523,33.50858688354492,51.86867766707513,61.8492476929361,39.83584708384392,43.37491490244133,60.81524082258636,55.108693687698114
363,Business Analyst,0,25.0,100.0,100.0,0.8864202671292142,42.04574203491211,50.1898243453062,63.75357591585569,37.73728043163275,41.399793347419056,58.89042506498449,51.6270153412581
363,Customer Support Representative,0,0.0,100.0,100.0,3.5432852793889094,35.84576416015625,40.908357415931775,62.93593448604888,26.135446769914722,30.4804204893315,47.5021936753217,41.80175622577451
363,Market Research Analyst,1,33.33333333333333,100.0,100.0,10.824689576215382,44.88029479980469,55.022414323069675,66.70115024062001,43.778017903837096,47.085193321258444,62.82201280780867,56.81220012129291
363,Operations Manager,0,50.0,100.0,100.0,3.9183945408940826,38.76244354248047,58.902125712506184,63.69557801924028,48.627657140632735,51.64955966177198,68.60513709573185,62.45618727192249
364,Accountant,0,100.0,100.0,100.0,2.342890469002409,40.41731262207031,76.41403046366091,63.71389302101678,70.51753807957614,72.25180054548342,89.48540810977711,82.76639243570632
364,Business Analyst,0,50.0,100.0,100.0,0.9969941335512578,44.92952346801758,59.388977640235325,64.44458098497742,49.23622205029416,52.22232663557097,69.69344531788546,61.94064602356787
364,Customer Support Representative,0,33.33333333333333,100.0,100.0,4.464851708183209,36.727169036865234,52.84546977842393,63.352004787318876,41.056837223029916,44.52408209226345,61.383225908466414,55.68987579164017
364,Market Research Analyst,1,66.66666666666666,100.0,100.0,11.074186656075447,51.32622146606445,67.69339455165431,68.24624802818613,59.6167431895679,61.992228884299195,77.68501947440352,70.58171921381724
364,Operations Manager,0,75.0,80.0,100.0,3.2171601176832354,39.856597900390625,63.71106370271107,57.632405696478585,59.63882962838885,57.30713376789538,74.3864584530101,67.92067531488527
365,Accountant,0,100.0,60.0,100.0,2.286655721990304,36.388362884521484,67.80125279097676,50.46346583227195,69.75156598872097,62.119120930560904,79.36265227373909,73.34470395093946
365,Business Analyst,0,50.0,60.0,100.0,0.9730639867455984,44.38966369628906,51.3044091524552,52.00678331146954,49.130511440569,42.71106959112377,60.1864112405216,52.52465835060217
365,Customer Support Representative,0,66.66666666666666,100.0,100.0,7.026045261416915,45.122066497802734,66.15555009721628,65.88033348289684,57.69443762152035,60.18300011437209,76.59016859765147,69.8673413206422
365,Market Research Analyst,1,66.66666666666666,100.0,100.0,10.808380766637347,52.99003219604492,67.90309527773567,68.56886452984975,59.878869097169584,62.23893562086549,77.97863313263538,70.53481229215168
365,Operations Manager,0,50.0,20.0,100.0,1.2175807676262167,36.65409851074219,42.180751891755264,37.970387525777326,47.725939864694084,31.977355166770895,49.40954679601333,43.15604366487522
366,Accountant,0,66.66666666666666,100.0,100.0,3.6305036006689653,37.933475494384766,64.5679301975914,63.43784132962778,55.70991274698924,58.31521199716634,75.32159371469534,69.26812808639257
366,Business Analyst,0,25.0,100.0,100.0,0.8604684981021182,45.027565002441406,50.63320502508153,64.43570003858697,38.291506281351914,41.921417676566506,59.4166291180779,51.62243561731214
366,Customer Support Representative,0,33.33333333333333,100.0,100.0,6.419735717597458,41.098609924316406,53.79441851295374,64.81192591736473,42.24302314119219,45.64049236818087,62.15465665331074,56.03485532271327
366,Market Research Analyst,1,33.33333333333333,100.0,100.0,10.507774616021893,53.02139663696289,56.196042354614384,68.50673182761187,45.245052943267986,48.46593218189928,64.25867783789542,56.756273951847
366,Operations Manager,0,50.0,80.0,100.0,2.966073497111078,39.752593994140625,54.90780012368776,57.55046172875039,48.6347501546097,46.95035308669148,64.07398717543659,57.582248264196075
367,Accountant,0,66.66666666666666,60.0,100.0,1.4651435350229267,39.61492156982422,56.4953430990604,51.01847656265703,55.619178873825504,48.818050704776944,66.20655478683172,59.47424101598443
367,Business Analyst,0,50.0,60.0,70.0,1.1086196694065968,44.25684356689453,46.80481948544517,45.08433766991565,43.50602435680647,42.71155233581785,54.868854747099036,47.25446229460117
367,Customer Support Representative,0,66.66666666666666,100.0,100.0,5.586543036672773,42.67319869995117,65.57229459382692,64.9830173238363,56.96536824228365,59.49681716920814,76.15801545685412,69.61331151627559
367,Market Research Analyst,1,66.66666666666666,100.0,100.0,12.314075616347765,54.80536651611328,68.40124965320248,69.33525587672177,60.50156206650311,62.824999592002925,78.29898624794156,70.80052314798294
367,Operations Manager,0,75.0,20.0,100.0,4.3637885978646525,37.7232551574707,51.5630565633003,38.94316394353893,59.45382070412538,43.01536066270624,59.89233914543601,54.0053744584467
368,Accountant,0,100.0,100.0,100.0,2.3887844205757993,42.82792663574219,76.7825066584477,64.28077947453491,70.97813332305962,72.68530195111494,89.91081058277804,82.77449136833691
368,Business Analyst,0,50.0,100.0,70.0,1.135637159253486,49.751319885253906,55.63304355667611,58.666220856424786,44.54130444584515,53.09769830197189,65.25023292092716,56.67099479280944
368,Customer Support Representative,0,33.33333333333333,100.0,100.0,5.75025980094938,40.64643859863281,53.626171426603996,64.55308424605744,42.03271428325499,45.442554619534114,62.07486171348422,55.91671251389303
368,Market Research Analyst,1,66.66666666666666,100.0,100.0,9.91771710676312,46.69292068481445,66.82492900206996,66.91014718267175,58.53116125258746,60.970504708317605,76.8673781600653,70.37763635217388
368,Operations Manager,0,75.0,100.0,100.0,3.883025331355715,45.06222152709961,68.5917870287683,65.14121081348969,60.73973378596038,63.04916121031565,80.01098026948816,72.74406329376866
369,Accountant,0,66.66666666666666,100.0,100.0,2.0722395520207475,38.921104431152344,64.4823349308093,63.306156303809175,55.60291866351162,58.214511683305055,75.49588117412493,68.9931403131017
369,Business Analyst,0,25.0,100.0,100.0,0.6725810154332337,38.63805389404297,49.646595236421426,62.91783882526373,37.05824404552679,40.76070027814286,58.28906833424288,51.58927900272351
369,Customer Support Representative,0,33.33333333333333,100.0,100.0,5.21422365149101,37.19202423095703,53.02760384903387,63.63221104979571,41.284504811292344,44.738357469451614,61.465259178012026,55.82211789928273
369,Market Research Analyst,1,33.33333333333333,100.0,100.0,12.207472799695363,47.223106384277344,55.581253544262566,67.56090288860908,44.47656693032822,47.7426512285442,63.23545014624502,57.05622069014231
369,Operations Manager,0,25.0,100.0,100.0,0.8415908102825711,29.51510238647461,48.30350397951358,60.85154458386704,35.37937997439197,39.1805929170748,56.67913571526023,51.6191042606381
370,Accountant,0,66.66666666666666,100.0,100.0,2.7000613746243274,40.267425537109375,64.77845637009338,63.76172774886162,55.97307046261673,58.562889847168684,75.73346725164676,69.10393239944351
370,Business Analyst,0,25.0,100.0,100.0,0.6092843173625505,46.68296432495117,50.843837296347054,64.75974968668777,38.55479662043383,42.169220348643606,59.7087584102855,51.57810899718162
370,Customer Support Representative,0,0.0,100.0,100.0,6.802526056754949,45.89616775512695,42.90480407178229,66.00739087966505,28.631005089727857,32.829181260920336,49.27579430972829,42.376916362956756
370,Market Research Analyst,1,33.33333333333333,100.0,100.0,11.058625742942391,58.83529281616211,57.15075445053234,69.97551966748566,46.43844306316543,49.589122882979225,65.28465951657762,56.853482974244734
370,Operations Manager,0,50.0,80.0,100.0,2.821786861442072,41.991729736328125,55.22202748966553,58.03388844563927,49.027534362081916,47.32003234078297,64.46912877699909,57.55678591672507
371,Accountant,0,66.66666666666666,60.0,100.0,2.8423474127719013,43.17792510986328,57.2363742117286,52.15852442830043,56.545467764660756,49.68985201379836,66.83532011742685,59.717276994410724
371,Business Analyst,0,25.0,60.0,70.0,0.6413919770023347,45.562286376953125,38.18055175309332,45.27777192783587,32.725689691366654,32.5653550036392,44.80510936063879,36.87789270182394
371,Customer Support Representative,0,33.33333333333333,100.0,100.0,4.972428807268561,48.33412551879883,54.66264981557677,66.14766638293862,43.32831226947097,46.66194095950208,63.431512346454696,55.77944822089052
371,Market Research Analyst,1,33.33333333333333,100.0,100.0,11.641385845771149,59.43905258178711,57.32873243080041,70.24933194482114,46.660915538500504,49.79850874211813,65.39120535757027,56.95632299239099
371,Operations Manager,0,50.0,20.0,100.0,2.9704875083180453,38.12821578979492,42.664805494716944,38.71508537648761,48.33100686839619,32.54682999378464,49.669685139375574,43.46538014852672
372,Accountant,0,33.33333333333333,8.333333333333332,100.0,1.1532671293638455,37.693321228027344,34.160321586942004,34.60562295426976,40.61706865034418,22.541554808167067,39.98509590298521,33.5368510620446
372,Business Analyst,0,25.0,8.333333333333332,70.0,0.8726343823186133,42.28042984008789,27.389626300027636,28.676348153888682,32.153699541701215,19.870148588267817,32.069095461976296,24.761837440017008
372,Customer Support Representative,0,33.33333333333333,60.0,100.0,4.394826971154118,45.67423629760742,46.1770261569809,53.092860754329585,42.72128269622612,36.678854302330464,53.55035542506798,46.265753779223274
372,Market Research Analyst,1,33.33333333333333,12.5,100.0,10.656340623532348,54.30482482910156,38.91084148456175,41.91411510445398,45.51355185570219,28.130401746543235,43.896929871802236,36.19425618846649
372,Operations Manager,0,50.0,5.0,100.0,3.0080098455341275,37.68961715698242,39.60464405037749,34.00714469288843,48.25580506297187,28.946640059267626,46.06287361593808,39.94258997274132
373,Accountant,0,100.0,100.0,100.0,3.183132081624169,43.523170471191406,77.00594538292233,64.62453135834205,71.25743172865292,72.94817103873216,90.03350067138672,82.91467036734545
373,Business Analyst,0,50.0,100.0,100.0,1.1773543433451916,45.30949401855469,59.473027254284986,64.57388808351536,49.341284067856236,52.32120853445293,69.76049894445083,61.972474295884446
373,Customer Support Representative,0,66.66666666666666,100.0,100.0,4.5109021374580305,36.56680679321289,64.49498967293397,63.32562513784713,55.61873709116747,58.22939961521644,75.08041688507677,69.42349253406123
373,Market Research Analyst,1,66.66666666666666,100.0,100.0,10.282040541357555,48.034297943115234,67.08078410600424,67.30377041949372,58.85098013250531,61.271510712946174,77.10409179388307,70.44192872298467
373,Operations Manager,0,50.0,80.0,100.0,2.10821479043275,37.46499252319336,54.435981097043914,56.82458630314448,48.0449763713049,46.39527187887519,63.67029279821059,57.430861433605784
374,Accountant,0,66.66666666666666,100.0,100.0,1.3000779047324242,31.37689208984375,63.234878832519755,61.38699307567142,54.0435985406497,56.74691627355266,74.16454958448223,68.856876492992
374,Business Analyst,0,50.0,100.0,100.0,0.9837206406706958,37.6370735168457,58.293119123627456,62.7586448055807,47.86639890453432,50.933081321914656,68.40654238532571,61.9383036424713
374,Customer Support Representative,0,66.66666666666666,100.0,100.0,1.5534781551457415,24.335559844970703,62.2166890333508,59.8205472307961,52.7708612916885,55.549045921589176,72.92196154126934,68.9015941842414
374,Market Research Analyst,1,66.66666666666666,100.0,100.0,10.926750344475655,44.58972930908203,66.66080528136698,66.657649150821,58.326006601708734,60.7774179780788,76.4962267408184,70.55570104118198
374,Operations Manager,0,50.0,80.0,100.0,2.626571545986869,35.16338348388672,54.168493254481035,56.413066545355434,47.7106165681013,46.08058029938945,63.26412649715648,57.52233615517415
375,Accountant,0,100.0,60.0,100.0,3.59577604093905,49.99534225463867,70.03866774433666,53.905642683594856,72.54833468042082,64.75137381686666,81.76388392728919,73.57572518369513
375,Business Analyst,0,50.0,60.0,100.0,1.329980167626615,51.95485305786133,52.49272498382319,53.834961513574136,50.615906229778986,44.10908821626258,61.52144465726965,52.58764355899293
375,Customer Support Representative,0,33.33333333333333,100.0,100.0,3.2355249313132926,39.290435791015625,53.04556077501601,63.65983708976822,41.30695096877,44.759483264724715,61.83556710037531,55.47293577219254
375,Market Research Analyst,1,66.66666666666666,100.0,100.0,11.614948447791972,54.430885314941406,68.24020839774334,69.08750009909232,60.300260497179174,62.63553929146275,78.2329013300877,70.67714776529662
375,Operations Manager,0,50.0,20.0,100.0,2.3815123086954797,38.81342697143555,42.679240892019656,38.737293680030234,48.34905111502457,32.56381281414077,49.7906047596651,43.36144334859332
376,Accountant,0,66.66666666666666,60.0,100.0,2.2754916833175365,44.01017761230469,57.27618372767666,52.219769837451274,56.59522965959583,49.73668673844313,66.98218820609299,59.61724363038937
376,Business Analyst,0,25.0,60.0,70.0,0.5134777342337952,47.87208938598633,38.50783506803302,45.78128472005079,33.13479383504127,32.9503941976859,45.21272165635053,36.85531960015891
376,Customer Support Representative,0,33.33333333333333,100.0,100.0,6.225603132765131,43.94310760498047,54.19197327732851,65.42354863178745,42.739966596660636,46.1082038556806,62.656626832251455,56.00059663127228
376,Market Research Analyst,1,33.33333333333333,100.0,100.0,9.319718115847564,49.10098648071289,55.42977235615073,67.32785490689855,44.28721544518842,47.56443806605968,63.56684075149835,56.54661692240447
376,Operations Manager,0,50.0,20.0,100.0,2.378076511760591,43.175079345703125,43.332973378619556,39.74303596710701,49.16621672327445,33.33290985719948,50.56030811982996,43.360837031487165
377,Accountant,0,66.66666666666666,60.0,100.0,1.8246018872121506,42.73199462890625,57.01682281075109,51.82075304218117,56.271028513438864,49.43155624794246,66.75662650314031,59.537674842841355
377,Business Analyst,0,25.0,60.0,100.0,0.5922059488083047,40.68932342529297,41.942229406115196,51.06496831710029,37.427786757643986,31.696740477782576,49.239292369169355,42.16333046155441
377,Customer Support Representative,0,33.33333333333333,100.0,100.0,3.6744237270189504,38.22616195678711,52.951754519237575,63.515519773186014,41.189693149046974,44.649122963808914,61.64775407080557,55.55038850084648
377,Market Research Analyst,1,33.33333333333333,100.0,100.0,10.74865011947815,48.1098518371582,55.49544196016212,67.42888506691608,44.36930245020265,47.64169642372014,63.39193463792988,56.7987813936334
377,Operations Manager,0,25.0,20.0,100.0,0.7410186622509789,33.49543762207031,32.88546844264819,37.13148991176645,36.10683555331025,21.04172757958611,38.558018403894756,32.77782682275017
378,Accountant,0,100.0,100.0,100.0,2.604036664352547,48.799560546875,77.71053958168413,65.7085224333602,72.13817447710517,73.77710539021663,90.96462833180148,82.81247705841515
378,Business Analyst,0,50.0,100.0,70.0,1.237968891049795,53.416748046875,56.19820754068872,59.53570390875188,45.247759425860906,53.76259710669262,65.89707318474265,56.689053333714675
378,Customer Support Representative,0,33.33333333333333,100.0,100.0,6.268413014689463,42.824947357177734,54.03067072244674,65.17539085504627,42.53833840305843,45.91843614405499,62.45930443558038,56.00815131631775
378,Market Research Analyst,1,66.66666666666666,100.0,100.0,10.81139794375519,47.886444091796875,67.13800963866613,67.391809700512,58.92251204833267,61.33883486901898,77.07799993776808,70.53534473517247
378,Operations Manager,0,50.0,80.0,100.0,3.0411130885447677,43.84135437011719,55.53237011879929,58.511338644306605,49.41546264849912,47.685141316234464,64.79553312413833,57.595490545037315
379,Accountant,0,100.0,100.0,100.0,2.658764535962793,38.43436813354492,76.16396990042617,63.32918446219408,70.2049623755327,71.95761164756019,89.13547672944911,82.82213491811109
379,Business Analyst,0,50.0,100.0,100.0,1.2639867284536694,43.92498016357422,59.278345033804186,64.27437697508336,49.09793129225524,52.09217062800493,69.5161729700425,61.98776236384477
379,Customer Support Representative,0,66.66666666666666,100.0,100.0,6.939172817587464,47.635372161865234,66.51951508025124,66.44027961064293,58.149393850314055,60.61119421206028,77.03369312660367,69.85201088937818
379,Market Research Analyst,1,66.66666666666666,100.0,100.0,11.038616249354671,56.33884048461914,68.4399518434294,69.3947977078401,60.54993980428675,62.87053158050517,78.5695993012073,70.57544208321944
379,Operations Manager,0,50.0,100.0,100.0,1.581608149169262,35.96208190917969,58.13155350875234,62.51008232115744,47.66444188594043,50.743004127943934,68.11095563103171,62.043813202794574
380,Accountant,0,100.0,60.0,100.0,2.6301036695727986,42.90251159667969,68.82989228993787,52.045988138365956,71.03736536242235,63.32928504698574,80.51220792882582,73.40531241227755
380,Business Analyst,0,50.0,60.0,100.0,1.250361244040542,51.30577087402344,52.383419817709594,53.66679971955322,50.479274772136996,43.98049390318776,61.406900742474726,52.57359316071304
380,Customer Support Representative,0,33.33333333333333,100.0,100.0,6.3311612689722905,42.37126541137695,53.97203066871905,65.08517538777289,42.46503833589882,45.84944784555182,62.37924291573319,56.01922453766178
380,Market Research Analyst,1,66.66666666666666,100.0,100.0,10.919622520811272,58.19165802001953,68.70002541445795,69.79491089403787,60.87503176807244,63.176500487597586,78.89656710157207,70.55444318994708
380,Operations Manager,0,75.0,20.0,100.0,3.442683806102098,39.26789093017578,51.65658621044169,39.087055708371814,59.57073276305211,43.12539554169609,60.164921928854554,53.842826554018025
381,Accountant,0,66.66666666666666,60.0,100.0,1.5704581688241261,40.08685302734375,56.581930012758505,51.15168719911566,55.72741251594814,48.91991766206883,66.28983680874693,59.49282595136111
381,Business Analyst,0,50.0,60.0,70.0,1.1883073393976025,46.5900993347168,47.16676100111716,45.64117077094947,43.958451251396454,43.13736588366725,55.280605764950025,47.268524824599574
381,Customer Support Representative,0,33.33333333333333,100.0,100.0,5.321612109449044,44.93516159057617,54.20518272167045,65.44387085385198,42.756478402088064,46.12374437843582,62.83169518265069,55.84106880362827
381,Market Research Analyst,1,66.66666666666666,100.0,100.0,13.19921235082863,59.447776794433594,69.23038170512267,70.61084364890667,61.53797713140333,63.80044906485019,79.11823512058632,70.95672374818544
381,Operations Manager,0,75.0,20.0,100.0,4.677458069274342,42.65091323852539,52.34925569616996,40.15270107103071,60.43656962021246,43.940300819023484,60.76192586562213,54.06072789457783
382,Accountant,0,66.66666666666666,8.333333333333332,100.0,1.8800703099794294,32.15379333496094,45.10507954674105,33.49499417447341,54.29801610009298,35.41774064322476,52.7330223532284,47.39060064293755
382,Business Analyst,0,25.0,8.333333333333332,100.0,0.5745210117675831,38.396759033203125,31.26235867341227,34.6343979590958,36.99461500843201,19.132186674602675,36.67785943723192,30.003346845213883
382,Customer Support Representative,0,66.66666666666666,60.0,100.0,7.869498170897347,52.69144821166992,59.417475290718414,55.51406454982321,59.271844113398025,52.255853283198135,68.51417713539273,60.60442124584463
382,Market Research Analyst,1,33.33333333333333,12.5,100.0,11.48690305479384,61.27347946166992,40.08072404413623,43.71393442687625,46.975905055170294,29.506734169572034,45.12669245402018,36.340826029277345
382,Operations Manager,0,50.0,5.0,100.0,2.8720226987167776,35.837059020996094,39.306362257956934,33.54824962762605,47.88295282244617,28.595720303478743,45.73595159194049,39.91859224095003
383,Accountant,0,66.66666666666666,100.0,100.0,1.1552528561989688,29.255836486816406,62.894996734785636,60.86409754069585,53.61874591848205,56.34705498210075,73.79024565453622,68.83131913148608
383,Business Analyst,0,50.0,100.0,100.0,0.8741369080267527,41.77298355102539,58.89706806885783,63.68779702901204,48.621335086072285,51.64360949277391,69.13640886194567,61.918965336710606
383,Customer Support Representative,0,66.66666666666666,100.0,100.0,6.311738553814876,39.585166931152344,65.21786915607841,64.43774741960782,56.52233644509801,59.0798460659746,75.61306867412493,69.74128719577125
383,Market Research Analyst,1,66.66666666666666,100.0,100.0,9.709540865573436,43.67856216430664,66.34154878781534,66.1664853145877,57.92693598476917,60.401822103312156,76.33543253879921,70.34089936843452
383,Operations Manager,0,75.0,80.0,100.0,4.206389493421037,40.3399543762207,63.93195158044627,57.97223320068655,59.91493947555784,57.56700185934855,74.47175665462719,68.09524520472137
384,Accountant,0,100.0,8.333333333333332,100.0,1.9293984831571145,37.02259063720703,57.50946503472129,34.62994620726352,69.80349796006828,50.01113533496622,67.31771207323261,61.12479581075322
384,Business Analyst,0,50.0,8.333333333333332,100.0,0.8210366615257931,43.31817626953125,40.78754860632523,35.82699785588496,48.9011024245732,30.338292478029675,47.84046247893689,40.340967253994755
384,Customer Support Representative,0,66.66666666666666,60.0,100.0,3.3945372820802477,33.99509048461914,55.94177749833823,50.166837176930635,54.92722187292279,48.16679705686851,65.2148198894426,59.814722265465136
384,Market Research Analyst,1,66.66666666666666,12.5,100.0,9.119725919380468,44.397464752197266,48.86091193406999,39.273197847287165,57.95113991758749,39.83636698125881,55.87406240725049,49.64857908381224
384,Operations Manager,0,75.0,5.0,100.0,3.3684445455045147,42.379547119140625,49.112198749696766,35.172613461071954,60.14024843712096,40.13199852905503,57.18462596220129,50.300313743324324
385,Accountant,0,0.0,60.0,100.0,0.5318253311350575,36.56766891479492,32.5649241368895,50.09988328752231,25.70615517111187,20.6646166316347,38.217823926140284,31.85855741137678
385,Business Analyst,0,0.0,60.0,100.0,0.4024124658720044,42.34922409057617,33.412745483467226,51.404223820718805,26.765931854334035,21.662053509961442,39.23809836892521,31.83571984691859
385,Customer Support Representative,0,33.33333333333333,100.0,100.0,6.328068046491063,45.713104248046875,54.47284251084736,65.85565514489338,43.091053138559204,46.43863824805572,62.96897918102788,56.01867867487097
385,Market Research Analyst,1,0.0,100.0,100.0,9.822326073475294,45.181880950927734,43.250631053660456,66.53943239024686,29.063288817075566,33.23603653371818,49.14974369722254,42.90982224826035
385,Operations Manager,0,25.0,20.0,100.0,3.1915779705598952,47.077720642089844,35.29039479189746,40.831376602919164,39.112993489871826,23.871052696349956,40.95489187801586,33.210278465392925
386,Accountant,0,100.0,60.0,100.0,2.489355744508535,39.40578842163086,68.2842716249209,51.20657173064755,70.35533953115115,62.6873783822599,79.89513913322897,73.38047454314857
386,Business Analyst,0,50.0,60.0,70.0,1.0593209996086166,47.853965759277344,47.336993013832895,45.90306617512753,44.17124126729112,43.33763883980341,55.50364101634306,47.2457625293427
386,Customer Support Representative,0,66.66666666666666,100.0,100.0,3.9836147191595486,41.331336975097656,65.13057608747191,64.30345039098243,56.413220109339896,58.977148338202255,75.9212163289388,69.33044181318502
386,Market Research Analyst,1,66.66666666666666,100.0,100.0,11.766486966759192,63.50572204589844,69.62416468523197,71.2166636183056,62.03020585653997,64.26372315909644,79.83434310613895,70.70388985687907
386,Operations Manager,0,75.0,20.0,100.0,3.4182801654268373,39.54800796508789,51.694943219577205,39.146066491657244,59.61867902447151,43.17052143479671,60.21435434678021,53.83852002919297
387,Accountant,0,66.66666666666666,60.0,100.0,1.5433098789560629,42.45399475097656,56.93292902782322,51.6916856838306,56.16616128477903,49.33285767979203,66.70756770115273,59.488035076678514
387,Business Analyst,0,25.0,60.0,70.0,0.4716121245159415,45.36341094970703,38.12525346113345,45.192697632512996,32.656566826416814,32.50029818956876,44.77001369700712,36.847931551385166
387,Customer Support Representative,0,66.66666666666666,100.0,100.0,6.459904294592807,49.143646240234375,66.6738659135574,66.67774243111397,58.34233239194676,60.792783427714596,77.29985914043351,69.76743409120265
387,Market Research Analyst,1,33.33333333333333,100.0,100.0,9.429355311327626,51.40473937988281,55.79178087034823,67.88479108258701,44.739726087935296,47.9903304357038,63.97338538076363,56.5659646627833
387,Operations Manager,0,25.0,20.0,100.0,1.3736734578171947,45.95720291137695,34.849631455379125,40.15327916212173,38.562039319223906,23.352507594563672,40.75715345494888,32.889471786673624
388,Accountant,0,66.66666666666666,60.0,100.0,1.2049882313883586,35.05965042114258,55.77302913121297,49.90722430443022,54.71628641401622,47.96826956613291,65.40268340765262,59.42833125651951
388,Business Analyst,0,50.0,60.0,100.0,0.9117698183063667,44.71952438354492,51.344694130277695,52.06876020042722,49.18086766284712,42.75846368267964,60.24462195003734,52.513841732642305
388,Customer Support Representative,0,66.66666666666666,100.0,100.0,6.924394440164991,41.727745056152344,65.63115425778093,65.07357065299631,57.03894282222616,59.56606383268345,75.99117069618374,69.84940294042127
388,Market Research Analyst,1,66.66666666666666,100.0,100.0,10.127551221726009,51.59355926513672,67.59149990636274,68.08948703542987,59.489374882953435,61.87235283101499,77.73219673306335,70.41466590187322
388,Operations Manager,0,50.0,20.0,100.0,2.434460112192358,35.727142333984375,42.22424036692651,38.03729287219463,47.78030045865814,32.02851807873707,49.24596629423254,43.37078707862218
389,Accountant,0,66.66666666666666,8.333333333333332,100.0,1.172039306241558,32.10464096069336,44.99150204004024,33.32025954877985,54.156044216716964,35.28412004710616,52.72434840482824,47.265653995219104
389,Business Analyst,0,50.0,8.333333333333332,100.0,0.8868385910031135,41.04427719116211,40.45633403399145,35.317436975371464,48.48708420915598,29.948628275284065,47.4391861709894,40.35257935919663
389,Customer Support Representative,0,66.66666666666666,60.0,100.0,6.735055367672102,43.746788024902344,57.90560984221949,53.18811770597871,57.38201230277437,50.47718804966999,66.93570769066903,60.40422545704017
389,Market Research Analyst,1,66.66666666666666,12.5,100.0,9.850625756038625,50.904319763183594,49.94657516121666,40.943448965974355,59.30821895152083,41.11361783672548,57.02233093860102,49.77756140792838
389,Operations Manager,0,75.0,5.0,100.0,4.267510612241127,38.110694885253906,48.60673082462426,34.39497049942193,59.508413530780324,39.537330381910884,56.43129909739775,50.45897246098373
390,Accountant,0,66.66666666666666,8.333333333333332,100.0,1.1905032952211663,31.799406051635742,44.948486402028536,33.254081644146474,54.10227466920234,35.23351341415122,52.6704834208769,47.2689123462155
390,Business Analyst,0,50.0,8.333333333333332,100.0,0.9008096053571302,41.286190032958984,40.494716612414095,35.37648709602167,48.53506243218428,29.993784249898923,47.48187667248297,40.35504483231794
390,Customer Support Representative,0,66.66666666666666,60.0,100.0,6.841157601124093,43.73411560058594,57.919624313589836,53.20967843116386,57.3995303919873,50.493675663046865,66.93347138049556,60.422949380590524
390,Market Research Analyst,1,66.66666666666666,12.5,100.0,10.00580983939927,50.71993637084961,49.94219526487066,40.93671066390358,59.302744081088335,41.1084650174949,56.98979269289503,49.804946834403786
390,Operations Manager,0,75.0,5.0,100.0,4.334739815643406,37.56251525878906,48.53458826116487,34.283981940253646,59.41823532645609,39.45245677784102,56.33456151625689,50.470836438054725
391,Accountant,0,100.0,100.0,100.0,3.43517749914685,41.52024459838867,76.74331331463033,64.2204820225082,70.92914164328792,72.63919213485921,89.68004316442153,82.95914897043768
391,Business Analyst,0,50.0,100.0,70.0,1.2705791167542702,45.86833953857422,55.07083779829927,57.801288920460415,43.8385472478741,52.43627976270503,64.5650010950425,56.694808079427226
391,Customer Support Representative,0,66.66666666666666,100.0,100.0,6.97536443310741,48.63003921508789,66.67414388056262,66.67817007266044,58.34267985070328,60.79311044772073,77.20922260658413,69.85839764505816
391,Market Research Analyst,1,66.66666666666666,100.0,100.0,11.096188724586344,56.963096618652344,68.54222613481913,69.55214277151661,60.67778266852392,62.99085427625781,78.67976214838963,70.58560193178974
391,Operations Manager,0,50.0,100.0,100.0,2.2751465618630418,37.83760452270508,58.51691266268522,63.102942557977265,48.14614082835653,51.196367838453206,68.44193020988914,62.166202334446425
392,Accountant,0,33.33333333333333,100.0,100.0,1.1602411239165493,30.57396125793457,51.42679702394433,61.16943131888872,39.28349627993042,42.85505532228745,60.29736571218453,55.10670921794606
392,Business Analyst,0,25.0,100.0,100.0,0.877911344848664,39.95087432861328,49.87431785101929,63.26818130926045,37.34289731377412,41.02860923649329,58.52074252857882,51.625513766737996
392,Customer Support Representative,0,66.66666666666666,100.0,100.0,7.52508910517328,48.05166244506836,66.66984606586958,66.67155805005576,58.337307582336976,60.78805419514068,77.10715611775716,69.95540788130509
392,Market Research Analyst,1,33.33333333333333,100.0,100.0,11.378776152601139,57.40499496459961,56.98423233424678,69.71933179627709,46.230290417808476,49.393214510878565,65.03225401336071,56.90998010536099
392,Operations Manager,0,50.0,100.0,100.0,3.1574186014343897,40.23387908935547,59.00869465361848,63.85953023633611,48.7608683170231,51.77493488660998,68.8648021922392,62.32189740025313
393,Accountant,0,100.0,8.333333333333332,100.0,2.0267347370848103,38.71361541748047,57.77771918985146,35.04264490746378,70.138815653981,50.32672845864878,67.61612821092793,61.141972796740454
393,Business Analyst,0,50.0,8.333333333333332,70.0,0.8624571527658678,44.55447769165039,36.479206893329106,29.198779835890925,43.51567528332806,30.563772815681304,42.764515671075564,35.054159105390056
393,Customer Support Representative,0,66.66666666666666,60.0,100.0,3.5657883459428747,34.71488952636719,56.07543501417984,50.37246412437924,55.0942937677248,48.32404119315275,65.34184324975107,59.8449430414409
393,Market Research Analyst,1,66.66666666666666,12.5,100.0,9.579807113384142,45.43113708496094,49.08497496308509,39.617910199618095,58.231218703856364,40.099970544805984,56.05647517185585,49.729769882754056
393,Operations Manager,0,75.0,5.0,100.0,4.1501859406777735,42.8853874206543,49.305336004199816,35.469747698768934,60.381670005249774,40.35921882847037,57.273891897762525,50.43826810717844
394,Accountant,0,66.66666666666666,60.0,100.0,2.372891619673553,50.41622543334961,58.2517008912868,53.72056547377457,57.814626114108506,50.88435398974918,68.1126672333362,59.63443185445219
394,Business Analyst,0,25.0,60.0,100.0,0.9628019011845018,46.37730026245117,42.85101532454535,52.46310049930054,38.56376915568169,32.765900381818064,50.24305298749139,42.228729747267856
394,Customer Support Representative,0,0.0,100.0,100.0,4.248737391338249,40.38679504394531,41.695329865292535,64.14666133121928,27.119162331615673,31.406270429755924,48.30355206657859,41.92624777494205
394,Market Research Analyst,1,33.33333333333333,100.0,100.0,11.757438418534038,49.50653839111328,55.85626318811376,67.98399464838015,44.820328985142204,48.066191986016186,63.63840873568665,56.976802858172675
394,Operations Manager,0,25.0,20.0,100.0,1.204739969708379,38.18947219848633,33.6591318252292,38.321741269583384,37.07391478153651,21.9519197943873,39.386377446791705,32.85965999465442
395,Accountant,0,66.66666666666666,60.0,100.0,1.5285720292228404,41.70820236206055,56.818849492025834,51.51617870568077,56.0235618650323,49.19864646120686,66.57595727957931,59.48543427966677
395,Business Analyst,0,25.0,60.0,70.0,0.46710846085237234,41.35053253173828,37.5226461488886,44.26560945982861,31.90330768611075,31.791348410457175,44.06185868207146,36.847136787209244
395,Customer Support Representative,0,66.66666666666666,100.0,100.0,4.465292178444504,45.34079360961914,65.80424620154288,65.33986595109161,57.255307751928605,59.76970141357986,76.62876749973671,69.41544371776472
395,Market Research Analyst,1,33.33333333333333,100.0,100.0,9.339309609194554,47.65135955810547,55.21526704176166,66.99784673091538,44.01908380220208,47.312078872660784,63.3110242357441,56.55007424475982
395,Operations Manager,0,50.0,20.0,100.0,3.1111383737051628,47.208648681640625,44.04796805830187,40.84302778200287,50.05996007287734,34.17408006859043,51.2721144732307,43.490200889477386
396,Accountant,0,66.66666666666666,100.0,100.0,2.1268508728028714,44.35019302368164,65.30488991780601,64.57162551457336,56.63111239725752,59.18222343271295,76.4539556316301,69.00277760500443
396,Business Analyst,0,25.0,100.0,70.0,0.8629707513368168,47.754432678222656,46.54261051443392,58.14247771451372,33.17826314304241,42.403071193451666,54.603723413804,46.32875954435356
396,Customer Support Representative,0,33.33333333333333,100.0,100.0,0.6688471966651112,32.227909088134766,51.60118010938664,61.43771298879996,39.50147513673331,43.06021189339606,60.58923885869044,55.019992642548736
396,Market Research Analyst,1,33.33333333333333,100.0,100.0,10.538331357007085,49.24279022216797,55.63383490354292,67.64179728750194,44.542293629428656,47.80451165122697,63.59186494116689,56.76166631790321
396,Operations Manager,0,50.0,80.0,100.0,3.814736650754543,43.993221282958984,55.67119369005703,58.72491336931851,49.58899211257129,47.84846316477298,64.822333167581,57.73201235013316
397,Accountant,0,100.0,8.333333333333332,100.0,2.0316971633300605,39.03926086425781,57.827310370804845,35.11893903200746,70.20080463017273,50.38507102447629,67.67359505447686,61.14284851901903
397,Business Analyst,0,50.0,8.333333333333332,100.0,0.8645688647388147,44.485252380371094,40.96913985343316,36.10636900528177,49.12809148345812,30.55192923933312,48.04641708673216,40.34864940750294
397,Customer Support Representative,0,66.66666666666666,60.0,100.0,6.565928943839664,37.98733901977539,57.016323527875585,51.81998491468039,56.27040440984449,49.43096885632422,65.9193343368231,60.37437961754033
397,Market Research Analyst,1,66.66666666666666,12.5,100.0,9.603263111534288,46.198612213134766,49.203614632033684,39.800432767231314,58.37951829004211,40.23954662592198,56.191911959180636,49.73390917654526
397,Operations Manager,0,50.0,5.0,100.0,1.8390229596042134,40.16492462158203,39.80059213717794,34.30860328796606,48.50074017147242,29.177167220209338,46.49969258027918,39.73629816934192
398,Accountant,0,100.0,100.0,100.0,2.556588158570601,45.28933334350586,77.17688822531147,64.88752034663304,71.47111028163934,73.14928026507232,90.34517647238339,82.80410379268893
398,Business Analyst,0,50.0,100.0,70.0,1.2154116917257791,45.93243408203125,55.07217686606356,57.803349024713164,43.840221082579454,52.437855136545366,64.57631189682905,56.68507265148102
398,Customer Support Representative,0,33.33333333333333,100.0,100.0,0.94102149397093,30.88526153564453,51.440609121108984,61.19068069914203,39.30076140138623,42.871304848363515,60.35230105530982,55.06802340089683
398,Market Research Analyst,1,66.66666666666666,100.0,100.0,10.614401993249734,46.55418395996094,66.90862122631492,67.03890445074092,58.635776532893665,61.068966148605796,76.84289520862055,70.50058074390681
398,Operations Manager,0,75.0,100.0,100.0,3.346455409422322,46.689395904541016,68.7553776970945,65.39288876476077,60.944222121368135,63.24162082011118,80.29812868903666,72.64937448401571
399,Accountant,0,100.0,100.0,100.0,3.68120029778132,46.77199172973633,77.56797880412765,65.48919816019638,71.95997350515957,73.60938682838547,90.60682206995348,83.002564758432
399,Business Analyst,0,50.0,100.0,70.0,1.361576286556422,53.10337448120117,56.16974261516364,59.49191171563637,45.21217826895456,53.72910895901605,65.8417719672708,56.71086640350996
399,Customer Support Representative,0,33.33333333333333,100.0,100.0,6.894294821823211,50.14102554321289,55.221964721422076,67.00815085346986,44.02745590177761,47.31995849579068,63.75037705664541,56.1186010469884
399,Market Research Analyst,1,66.66666666666666,100.0,100.0,11.890882857532016,60.84091567993164,69.24310311395287,70.630415047107,61.5538788924411,63.815415428179854,79.36408315920362,70.7258420728978
399,Operations Manager,0,50.0,80.0,100.0,2.438089502829601,39.62052917480469,54.80879280164514,57.39814277176176,48.51099100205643,46.8338738842884,64.05068161908318,57.4890746181464
400,Accountant,0,33.33333333333333,60.0,100.0,0.7838494099126774,36.676841735839844,44.28577033852954,50.18323641825059,40.35721292316193,34.45384745709358,51.96257991416781,45.62852244488655
400,Business Analyst,0,25.0,60.0,70.0,0.5931097212727013,44.40524673461914,37.99975346838378,44.99962072059042,32.49969183547972,32.35265113927503,44.600925894344556,36.869372303754005
400,Customer Support Representative,0,33.33333333333333,100.0,100.0,4.598117796407471,39.6462516784668,53.303322087897804,64.05639295574021,41.62915260987226,45.062731868115065,61.89835813933728,55.71339333662092
400,Market Research Analyst,1,33.33333333333333,100.0,100.0,10.76505376085826,53.06565856933594,56.24127351619579,68.5763182300448,45.30159189524475,48.51914531317152,64.26648876713772,56.80167615387694
400,Operations Manager,0,50.0,20.0,100.0,2.746877231512585,39.55226516723633,42.84487135981234,38.992109784326665,48.556089199765424,32.758672188014515,49.92098797068876,43.425919511443404
401,Accountant,0,66.66666666666666,60.0,100.0,2.114990431724361,47.084327697753906,57.71323105275507,52.892150337571906,57.14153881594384,50.25086006206479,67.52468527999578,59.58891988010822
401,Business Analyst,0,25.0,60.0,70.0,0.8318964631664205,45.6710319519043,38.22543926226061,45.34682963424709,32.78179907782576,32.61816383795366,44.82429975621841,36.91151114055878
401,Customer Support Representative,0,66.66666666666666,100.0,100.0,4.97646883776251,43.51371383666992,65.6068607344982,65.03619600179209,57.008575918122744,59.537483217056696,76.30634165745155,69.50565136352671
401,Market Research Analyst,1,33.33333333333333,100.0,100.0,10.782368506859946,53.583229064941406,56.32150630243687,68.69975328580031,45.40188287804609,48.61353682639632,64.35782473695043,56.804731697289014
401,Operations Manager,0,25.0,20.0,100.0,1.0409399052937327,42.11897277832031,34.22398690254211,39.19074908083401,37.77998362817764,22.616455179461305,40.07981872558594,32.830754100934186
402,Accountant,0,33.33333333333333,8.333333333333332,100.0,0.5966788860698233,35.80866622924805,33.79413510063101,34.04225912917592,40.15933554245544,22.110747177212954,39.652509726730045,33.43862960734565
402,Business Analyst,0,25.0,8.333333333333332,70.0,0.4514847409856489,38.98236083984375,26.831743503791074,27.81806692890935,31.456346046405514,19.213815886813034,31.48708328546262,24.687516915075896
402,Customer Support Representative,0,33.33333333333333,60.0,100.0,6.0240844023663875,42.98339080810547,46.01778794823744,52.84787889472427,42.5222349352968,36.491515233220525,53.07550033868527,46.55326979649603
402,Market Research Analyst,1,33.33333333333333,12.5,100.0,9.026930859264843,47.38541793823242,37.628518986291255,39.94131126096091,43.910648732864075,26.621787042695594,42.67585806753121,35.906713288889875
402,Operations Manager,0,50.0,5.0,100.0,3.0070778428197125,45.550437927246094,40.78362736550987,35.82096517770749,49.729534206887344,30.33367925354102,47.45007728127872,39.94242550167407
403,Accountant,0,66.66666666666666,100.0,100.0,1.2974428294838607,32.754173278808594,63.441075749577195,61.70421910191364,54.3013446869715,56.98950088185553,74.40759920606426,68.85641147971283
403,Business Analyst,0,50.0,100.0,100.0,0.9817267771473662,38.745216369628906,58.459041472016445,63.013909956948375,48.07380184002056,51.12828408472523,68.6020970064051,61.93795178420248
403,Customer Support Representative,0,66.66666666666666,100.0,100.0,4.947105885035803,35.98903274536133,64.4737541278929,63.29295506855318,55.59219265986612,58.20441662105047,74.97845675898533,69.5004696659867
403,Market Research Analyst,1,66.66666666666666,100.0,100.0,10.904603356764257,44.43568420410156,66.6343764674632,66.61698943712287,58.292970584329005,60.74632525583906,76.46904231052773,70.5517927492329
403,Operations Manager,0,50.0,80.0,100.0,1.9248341226757282,35.60795593261719,54.12991850829394,56.353720781990674,47.66239813536743,46.035198245051696,63.34258045869716,57.39850013929572
404,Accountant,0,33.33333333333333,8.333333333333332,100.0,0.9544521424542253,35.56201934814453,33.810804056923146,34.067903677317666,40.180171737820594,22.13035771402723,39.608983806535306,33.50176606435466
404,Business Analyst,0,25.0,8.333333333333332,100.0,0.7221984695277406,40.095550537109375,31.539329017662233,35.06050618101882,37.34082793874446,19.458034138426157,36.977646173215376,30.029407573053913
404,Customer Support Representative,0,66.66666666666666,60.0,100.0,4.3202469747315195,40.05816650390625,56.99009535512899,51.77963387968563,56.23761919391124,49.4001121825047,66.28477448108148,59.97808279946242
404,Market Research Analyst,1,33.33333333333333,12.5,100.0,9.360551917601523,44.56948471069336,37.25617216091089,39.36846999114497,43.44521520113862,26.18373195401282,42.17892867443608,35.965587593302224
404,Operations Manager,0,50.0,5.0,100.0,3.3482560293951704,45.77973556518555,40.869198739187105,35.95261344490324,49.83649842398388,30.434351457867187,47.49054157032686,40.002633416952094
405,Accountant,0,100.0,100.0,100.0,3.3009901113350004,41.99833679199219,76.79489903549909,64.29984466999858,70.99362379437386,72.69988121823421,89.76441237505745,82.93546884317678
405,Business Analyst,0,50.0,100.0,100.0,1.0515043186143291,49.00510787963867,60.00849182973795,65.39767973805839,50.01061478717244,52.951166858515236,70.41266609640682,61.95026546799076
405,Customer Support Representative,0,66.66666666666666,100.0,100.0,3.9542198091414114,38.09316635131836,64.6404412574023,63.54939680625994,55.80055157175287,58.40051912635564,75.34977445415421,69.32525447612299
405,Market Research Analyst,1,66.66666666666666,100.0,100.0,11.679662599946319,54.59442901611328,68.27444707574227,69.14017498832145,60.34305884467785,62.675820089108555,78.26176198323567,70.68856790979444
405,Operations Manager,0,50.0,80.0,100.0,2.9825653127983354,37.81492233276367,54.6196231468343,57.10711253359123,48.27452893354288,46.61132134921682,63.732045117546534,57.58515858461147
406,Accountant,0,66.66666666666666,8.333333333333332,100.0,1.8208300444926357,38.973079681396484,46.119086458883366,35.05500480853851,55.565524740270874,36.610689951627485,53.93642582612879,47.380146478439876
406,Business Analyst,0,25.0,8.333333333333332,100.0,0.7161933459933452,38.375877380371094,31.28047727562133,34.66227273172513,37.017263261193335,19.153502677201566,36.67417443967333,30.028347845371375
406,Customer Support Representative,0,66.66666666666666,60.0,100.0,1.3426261153206882,32.322017669677734,55.38302990108309,49.30722548884579,54.22878737635387,47.509446942450694,64.9195717456294,59.45262029486051
406,Market Research Analyst,1,33.33333333333333,12.5,100.0,9.282718367702039,46.82439422607422,37.5827335557331,39.87087213702529,43.85341694466638,26.56792183027424,42.576853883032705,35.95185226096702
406,Operations Manager,0,50.0,5.0,100.0,3.320415079947507,44.259796142578125,40.637031683378844,35.59543335904437,49.54628960422356,30.16121374515158,47.22231696633732,39.99772030822603
407,Accountant,0,66.66666666666666,60.0,100.0,1.7392501368091138,42.01509475708008,56.896485067416705,51.635618052435966,56.12060633427089,49.28998243225495,66.63011476105335,59.522612769240816
407,Business Analyst,0,25.0,60.0,70.0,0.531488499665426,42.2637939453125,37.66929236674669,44.49121902576413,32.086615458433364,31.963873372643164,44.2230224609375,36.85849797052919
407,Customer Support Representative,0,33.33333333333333,100.0,100.0,7.091560999119964,50.044395446777344,55.23706013355126,67.03137456443784,44.04632516693908,47.337717804177956,63.733324686686196,56.153412725334896
407,Market Research Analyst,1,33.33333333333333,100.0,100.0,10.626516255012724,63.37040710449219,57.7662051705924,70.92236692911652,47.20775646324051,50.31318255363812,66.08497380275352,56.77722835872774
407,Operations Manager,0,50.0,20.0,100.0,2.6569037578795074,40.517791748046875,42.97620432588896,39.19416050136763,48.7202554073612,32.913181559869365,50.09137501436122,43.4100418396258
408,Accountant,0,33.33333333333333,60.0,100.0,0.7662905939155498,28.086254119873047,42.99454837373495,48.19674108779737,38.74318546716869,32.93476279262936,50.446593864291316,45.62542383029882
408,Business Analyst,0,25.0,60.0,100.0,0.5798236176790339,34.32938003540039,40.986380547961915,49.594431612249096,36.23297568495239,30.57221240936696,48.116949418011835,42.1611453442963
408,Customer Support Representative,0,66.66666666666666,100.0,100.0,5.542785202766547,49.999595642089844,66.66469046006179,66.66362634881301,58.33086307507723,60.78198877654328,77.4509090348786,69.60558954558624
408,Market Research Analyst,1,33.33333333333333,100.0,100.0,11.592922710811663,57.21567916870117,56.98795694859359,69.72506197219526,46.234946185742,49.39759641011011,64.99884534349628,56.94777067445696
408,Operations Manager,0,50.0,20.0,100.0,2.898530353316184,35.546077728271484,42.26669121223815,38.10260186498177,47.83336401529769,32.07846024969194,49.2140137167538,43.4526818270558
409,Accountant,0,66.66666666666666,8.333333333333332,100.0,2.9548644383299987,45.81939697265625,47.316139211647936,36.89662442817631,57.061840681226585,38.0189873078211,55.144599465762866,47.580270194999414
409,Business Analyst,0,25.0,8.333333333333332,100.0,0.8841887927456715,41.52226257324219,31.777634371564844,35.42712980240746,37.63870963112273,19.73839337831158,37.22941888547411,30.05799410068061
409,Customer Support Representative,0,33.33333333333333,60.0,100.0,4.453018162802671,39.269142150878906,45.2249907137189,51.628190841618824,41.53123839214863,35.55881260437518,52.420044693292354,46.27602281304361
409,Market Research Analyst,1,33.33333333333333,12.5,100.0,10.797439502638706,46.71385955810547,37.79336152577829,40.19491516786404,44.11670190722286,26.815719442092107,42.55734776515586,36.21915599066173
409,Operations Manager,0,50.0,5.0,100.0,3.047838416385973,38.486228942871094,39.730110103888556,34.200169390597786,48.4126376298607,29.094247181045365,46.20345216638901,39.94961854406811
410,Accountant,0,66.66666666666666,100.0,100.0,1.6308355808939288,43.743167877197266,65.139433852047,64.31707772109796,56.424292315058764,58.98756923770236,76.34683354695639,68.91524549466754
410,Business Analyst,0,25.0,100.0,70.0,0.498358653391003,44.56684112548828,46.00977996683189,57.3227384105106,32.51222495853987,41.77621172568458,54.04120725743911,46.264416232951355
410,Customer Support Representative,0,33.33333333333333,100.0,100.0,6.649515073583596,45.83681106567383,54.539615587555275,65.95838295521324,43.1745194844441,46.51719480888856,62.990809795903225,56.07540462082847
410,Market Research Analyst,1,33.33333333333333,100.0,100.0,9.96412214830515,57.53654098510742,56.79176613667855,69.42322995386444,45.98970767084819,49.16678369021005,65.05546801697975,56.66033528107346
410,Operations Manager,0,25.0,80.0,100.0,0.6235889109187917,40.86891555786133,45.97387567031702,57.267501031256955,37.46734458789628,36.43985372978473,53.9768674513873,46.87475098427979
411,Accountant,0,33.33333333333333,100.0,100.0,1.0472554215561287,37.38397216796875,52.43135080509539,62.71489867450573,40.53918850636925,44.03688330011224,61.49913234336703,55.08677056458833
411,Business Analyst,0,0.0,100.0,100.0,0.09941637635175572,37.861778259277344,40.69417919534436,62.606429531299014,25.86772399418046,30.22844611216984,47.857960869284234,41.19401465465031
411,Customer Support Representative,0,0.0,100.0,100.0,5.811791576380965,44.651611328125,42.569510435675895,65.49155451642446,28.211888044594872,32.4347181596187,49.05616670496324,42.20208086642017
411,Market Research Analyst,1,0.0,100.0,100.0,8.942209635388197,49.75080490112305,43.803952180476685,67.39069566227182,29.75494022559586,33.88700256526669,49.95602439431583,42.75450758271556
411,Operations Manager,0,25.0,100.0,100.0,1.8838613649127578,43.972145080566406,50.62840096682187,64.42830917972596,38.28550120852734,41.91576584331985,59.230378543629364,51.80303435851402
412,Accountant,0,66.66666666666666,100.0,100.0,1.6568965556954256,41.819244384765625,64.85475447440248,63.8791094477987,56.06844309300311,58.652652322826455,76.00731763652728,68.91984449022075
412,Business Analyst,0,25.0,100.0,100.0,0.5377742968040307,43.68375015258789,50.38322866740879,64.05112102678275,37.97903583426099,41.62732784401034,59.17948532104492,51.56548958178895
412,Customer Support Representative,0,33.33333333333333,100.0,100.0,6.520184077503449,41.917938232421875,53.93238501315546,65.02418207152124,42.41548126644433,45.802805897829955,62.29924400179994,56.05258150387315
412,Market Research Analyst,1,33.33333333333333,100.0,100.0,9.760705327642704,45.106719970703125,54.89678046141854,66.50786737654134,43.620975576773176,46.93738877813946,62.861970190908394,56.6244381950742
412,Operations Manager,0,25.0,80.0,100.0,0.6729091303668705,38.509334564208984,45.62733655418638,56.7343639295175,37.03417069273298,36.03216065198397,53.560470805448645,46.88345455241768
413,Accountant,0,66.66666666666666,100.0,100.0,3.076235959254894,44.070228576660156,65.40530301372058,64.72610720059579,56.756628767150744,59.30035648673011,76.40455014097924,69.17031614967243
413,Business Analyst,0,25.0,100.0,70.0,0.9205069862872135,51.49391174316406,47.11216280941769,59.01871201448875,33.890203511772114,43.073132716961986,55.263631484087774,46.338912997580096
413,Customer Support Representative,0,0.0,100.0,100.0,2.7539044208280945,37.79597854614258,41.0824824450456,63.203819146224,26.353103056307003,30.68527346475953,47.84634915520163,41.662453721322606
413,Market Research Analyst,1,33.33333333333333,100.0,100.0,11.240946026163167,57.80649185180664,57.02378234836213,69.78017797183918,46.27972793545267,49.43974393924957,65.10310640522079,56.885657141871924
413,Operations Manager,0,50.0,100.0,100.0,3.1730288580629367,42.68349838256836,59.37847908609469,64.4284293632226,49.22309885761837,52.20997539540552,69.297087949865,62.324652151422875
414,Accountant,0,66.66666666666666,100.0,100.0,1.7248555425532572,33.369895935058594,63.597546054975105,61.94494264867966,54.49693256871888,57.17358359408836,74.5162561454025,68.93183725260744
414,Business Analyst,0,50.0,100.0,100.0,1.305134094817274,40.391849517822266,58.75454754189593,63.46853467983989,48.44318442736992,51.47593828458345,68.89267932667452,61.99502366379129
414,Customer Support Representative,0,66.66666666666666,100.0,100.0,1.1960103910190654,25.196949005126953,62.29227724275523,59.93683678372601,52.86534655344405,55.63797322677086,73.07397139306161,68.83851163763082
414,Market Research Analyst,1,66.66666666666666,100.0,100.0,11.397963366483907,47.468204498291016,67.16325851304957,67.43065412264036,58.954073141311966,61.36853942711714,77.0041929506788,70.6388562803599
414,Operations Manager,0,50.0,80.0,100.0,3.040948751721543,34.70390319824219,54.16172779249456,56.40265814229932,47.70215974061821,46.072620932346545,63.18304174086627,57.595461544421454
415,Accountant,0,100.0,100.0,100.0,3.9983836443978427,37.45167541503906,76.21750885891554,63.41155209063928,70.27188607364442,72.0205986575477,88.96206036735984,83.05853829018785
415,Business Analyst,0,50.0,100.0,100.0,1.4788938157068876,42.786678314208984,59.13983581948738,64.06128587613443,48.92479477435923,51.92921861116162,69.3152961730957,62.025687143948275
415,Customer Support Representative,0,33.33333333333333,100.0,100.0,4.615108429052462,43.749664306640625,53.92138257702063,65.0072552466984,42.40172822127579,45.78986185531839,62.62248977960325,55.71639168355828
415,Market Research Analyst,1,66.66666666666666,100.0,100.0,12.915437272908491,54.150753021240234,68.39326187745564,69.3229669909574,60.49157734681955,62.81560220877134,78.18346621943455,70.90664579325835
415,Operations Manager,0,50.0,100.0,100.0,2.6481626651957426,34.51078796386719,58.07384259435944,62.42129629901452,47.592303242949306,50.67510893454052,67.8548449348001,62.23202870562278
416,Accountant,0,33.33333333333333,100.0,100.0,1.2074037148353434,32.64261245727539,51.744169092483276,61.65769603971786,39.680211365604094,43.228434226450915,60.662421806185854,55.115032028108196
416,Business Analyst,0,25.0,100.0,100.0,0.9135975248732948,41.48819351196289,50.11026865552543,63.6311825469622,37.63783581940679,41.30619841826521,58.79203414916992,51.63181132791882
416,Customer Support Representative,0,66.66666666666666,100.0,100.0,4.078459020498827,43.26498031616211,65.43484923383247,64.77156292384483,56.79356154229059,59.335116745685255,76.2624475067737,69.34717904283312
416,Market Research Analyst,1,33.33333333333333,100.0,100.0,11.841311528894401,57.42790603637695,57.05704930145737,69.83135789967801,46.32131162682172,49.47888153112632,65.03629714367436,56.99160399529509
416,Operations Manager,0,50.0,100.0,100.0,3.2857643726618124,40.653385162353516,59.090872430252304,63.98595758500354,48.863590537815384,51.87161462382624,68.93883267570945,62.344546653999146
417,Accountant,0,66.66666666666666,100.0,100.0,1.929039279599999,31.441232681274414,63.338874127464486,61.54698583712486,54.17359265933061,56.869263679369986,74.1759038064994,68.96786967679215
417,Business Analyst,0,50.0,100.0,100.0,1.4596323413385066,38.65335464477539,58.51694804791708,63.10299699679551,48.14618505989636,51.196409468137745,68.5858861137839,62.02228806023621
417,Customer Support Representative,0,66.66666666666666,100.0,100.0,5.177451374780058,39.974525451660156,65.10612985729936,64.2658408061016,56.38266232162421,58.94838806741102,75.68177900127336,69.54111887005922
417,Market Research Analyst,1,66.66666666666666,100.0,100.0,12.74722346246014,49.420440673828125,67.65848295377657,68.19253787760499,59.57310369222072,61.95115641620773,77.34870521695007,70.87696100317923
417,Operations Manager,0,50.0,100.0,100.0,2.613672347664331,31.51630973815918,57.61949731287353,61.722303558266965,47.02437164109191,50.14058507396886,67.32640760085162,62.22594217899959
418,Accountant,0,66.66666666666666,60.0,100.0,1.7093897553589674,37.90204620361328,56.27504872717916,50.67956214437822,55.34381090897396,48.558880855504896,65.90428266338273,59.51734329016138
418,Business Analyst,0,50.0,60.0,100.0,1.2934317083434614,42.093467712402344,51.00803491311187,51.55082294324903,48.76004364138984,42.36239401542573,59.78120018454159,52.58119383088414
418,Customer Support Representative,0,66.66666666666666,100.0,100.0,4.955639643070367,42.71215057373047,65.48350186585346,64.84641312695403,56.85437733231682,59.392355136298185,76.16488931693283,69.50197562328692
418,Market Research Analyst,1,66.66666666666666,100.0,100.0,11.295764387192333,50.64418411254883,67.6243256082945,68.13998811532487,59.53040701036813,61.91097130387588,77.5646599414302,70.62082116636726
418,Operations Manager,0,75.0,20.0,100.0,4.258886972251058,39.189476013183594,51.7672544478152,39.257314535100306,59.709068059769,43.25559346801788,60.15108400232652,53.986862406867836
419,Accountant,0,100.0,8.333333333333332,100.0,3.8550364855057486,40.73565673828125,58.35527065023471,35.93118561574572,70.86075497946005,51.00620076498201,67.97295903224571,61.464614281755914
419,Business Analyst,0,50.0,8.333333333333332,100.0,0.9812621805631716,43.18125915527344,40.79104486704216,35.8323767185264,48.905472750469364,30.342405725931954,47.81630063524434,40.36924234558958
419,Customer Support Representative,0,66.66666666666666,60.0,100.0,7.45215102651348,47.071807861328125,58.51192716650957,54.12091358950191,58.13990895813697,51.19050254883479,67.52247589709712,60.53077174977688
419,Market Research Analyst,1,66.66666666666666,12.5,100.0,10.899442815573488,54.97711181640625,50.71481652813029,42.12535876122609,60.26852066016287,42.01743120956504,57.74105894799325,49.96264677137571
419,Operations Manager,0,50.0,5.0,100.0,1.9239232059325435,34.94690704345703,39.03062453740844,33.12403774985913,47.53828067176056,28.271322985186394,45.57886594884536,39.75128056575281
420,Accountant,0,100.0,100.0,100.0,2.2801341991876307,42.24510955810547,76.67878656359397,64.12121009783687,70.84848320449247,72.56327831011055,89.8079605102539,82.75531779985666
420,Business Analyst,0,50.0,100.0,70.0,0.9702888164753234,42.980323791503906,54.59259189119688,57.06552598645674,43.240739863996104,51.87363751905516,64.05535125732422,56.64181567349564
420,Customer Support Representative,0,66.66666666666666,100.0,100.0,1.532266802441947,28.749488830566406,62.87559667828458,60.834251299925,53.59449584785573,56.32423138621716,73.70089018578622,68.89785100435249
420,Market Research Analyst,1,66.66666666666666,100.0,100.0,10.777555355994311,47.151939392089844,67.02275754554596,67.21449878801941,58.77844693193244,61.20324417123053,76.94838146134919,70.52937251380291
420,Operations Manager,0,75.0,100.0,100.0,3.1309858081908075,42.79026794433594,68.13818806287901,64.4433662505831,60.17273507859878,62.51551536809296,79.61004728429458,72.61135043673956
421,Accountant,0,100.0,100.0,100.0,2.608333842011553,41.56234359741211,76.62560161591355,64.03938710140545,70.78200201989193,72.5007077834277,89.68747239954332,82.81323538388439
421,Business Analyst,0,50.0,100.0,100.0,1.2400117855811925,50.77695083618164,60.30254439326442,65.85006829732987,50.37818049158053,53.29711105089932,70.72534426520852,61.98353149157315
421,Customer Support Representative,0,33.33333333333333,100.0,100.0,6.278757141073276,42.097145080566406,53.923051999912616,65.00982358960916,42.40381499989077,45.79182588225014,62.330868739707796,56.009976750385476
421,Market Research Analyst,1,66.66666666666666,100.0,100.0,10.829238897510765,56.33485412597656,68.40794728685643,69.34555992849707,60.50993410857054,62.83287916100756,78.56889582615273,70.5384931387764
421,Operations Manager,0,75.0,80.0,100.0,3.4141881107902448,39.74211883544922,63.723446041935915,57.65145544913217,59.6543075524199,57.32170122580696,74.36625626507927,67.95544496072769
422,Accountant,0,66.66666666666666,100.0,100.0,2.11918996914877,45.77333450317383,65.51721200418172,64.89827487822828,56.89651500522715,59.43201412256673,76.70509824565812,69.00142568083017
422,Business Analyst,0,25.0,100.0,70.0,0.8335482816701348,49.64929962158203,46.822427185487825,58.5729649007505,33.528033981859785,42.7322672770445,54.938111697926246,46.323567343824145
422,Customer Support Representative,0,66.66666666666666,100.0,100.0,7.144827470150883,47.40904998779297,66.5164149520249,66.43551018260241,58.14551869003113,60.60754700238224,76.99375391941444,69.88830288688936
422,Market Research Analyst,1,33.33333333333333,100.0,100.0,10.80377804110139,55.48080825805664,56.60935461154037,69.14259683826724,45.76169326442547,48.95218189592985,64.69269165338254,56.808509850390436
422,Operations Manager,0,25.0,80.0,100.0,1.909636434061705,43.74925994873047,46.598834457418825,58.22897608833665,38.24854307177353,37.175099361669204,54.4851635203642,47.101700547187356
423,Accountant,0,0.0,8.333333333333332,100.0,0.5949747893175122,36.28343200683594,22.198427686089683,34.15142720936874,25.664701274278773,8.468738454223157,26.01080172669654,19.712838688310935
423,Business Analyst,0,0.0,8.333333333333332,70.0,0.45019531429602805,45.85307312011719,19.112156931828647,29.403318356659454,21.80686283145248,10.131949331563117,22.40544427609911,14.39317172213067
423,Customer Support Representative,0,33.33333333333333,60.0,100.0,7.079469014219946,48.54383850097656,47.010162793946144,54.37460942658381,43.762703492432685,37.659015051701346,54.05675581389782,46.7395141397643
423,Market Research Analyst,1,0.0,12.5,100.0,10.988638645137742,62.17562484741211,28.474639523882477,43.80713772904996,32.4682994048531,15.852517086920562,31.56040438483743,22.52740681973019
423,Operations Manager,0,25.0,5.0,100.0,2.6468696663866784,42.19217300415039,31.47585640058056,34.96285600089317,38.0948205007257,19.38336047127125,36.56332464779125,29.584741705832943
424,Accountant,0,66.66666666666666,8.333333333333332,100.0,1.700692902138332,36.8111572265625,45.77677751930512,34.528375670725836,55.13763856579806,36.207973552123676,53.554910098805145,47.358945806259705
424,Business Analyst,0,50.0,8.333333333333332,70.0,1.2868511226794173,42.74745559692383,36.271812674607155,28.879711807087922,43.25643250992562,30.31977961718489,42.44562941906499,35.129052158904216
424,Customer Support Representative,0,66.66666666666666,60.0,100.0,4.93042686145925,44.80709457397461,57.79396154864841,53.016351100484734,57.24245193581052,50.345837116056956,67.12282061109356,60.08576160300261
424,Market Research Analyst,1,66.66666666666666,12.5,100.0,11.238294986441382,55.68901443481445,50.8724297465217,42.36784063567442,60.465537183152136,42.202858525319655,57.866688821829996,50.02244421329357
424,Operations Manager,0,75.0,5.0,100.0,4.237219055519472,37.45905685424805,48.50444138646513,34.23760213302327,59.38055173308142,39.41698986642957,56.31630415074966,50.453626892150496
425,Accountant,0,66.66666666666666,60.0,100.0,2.72618183350085,42.838661193847656,57.1680597874356,52.0534253140035,56.46007473429451,49.609482102865414,66.77545001460057,59.69677718630407
425,Business Analyst,0,25.0,60.0,100.0,0.8157597326294324,48.4036750793457,43.13291522179627,52.896792648917334,38.916144027245345,33.09754731976032,50.600648543413946,42.20278112928755
425,Customer Support Representative,0,0.0,100.0,100.0,5.577641161234547,40.97141647338867,41.982358645193486,64.58824406952844,27.477948306491854,31.743951347286455,48.40672055412742,42.16076020492375
425,Market Research Analyst,1,33.33333333333333,100.0,100.0,9.961805028542802,50.917232513427734,55.79852229796225,67.8951625096855,44.748152872452806,47.998261527014414,63.88735475727155,56.65992637758599
425,Operations Manager,0,50.0,20.0,100.0,2.811960377746945,42.55830001831055,43.30553905940862,39.70082932216711,49.13192382426078,33.30063418753956,50.45146470911362,43.43740477254358
426,Accountant,0,33.33333333333333,100.0,100.0,0.7479493345635133,42.31840515136719,53.12661983955627,63.784543342907085,41.40827479944534,44.854846870066204,62.369914634554995,55.033951843354345
426,Business Analyst,0,25.0,100.0,70.0,0.5659454682736671,48.714900970458984,46.642126965809894,58.295579947399844,33.302658707262374,42.52014937154106,54.77321781831629,46.276343317930646
426,Customer Support Representative,0,0.0,100.0,100.0,6.318657291720786,44.90806579589844,42.68400846314288,65.66770532791212,28.355010578928606,32.56942172134457,49.10142337574678,42.29152775736249
426,Market Research Analyst,1,33.33333333333333,100.0,100.0,10.272017424713452,46.521522521972656,55.185697658669575,66.95235537231217,43.98212207333698,47.27729136314068,63.11164122936772,56.71466974161609
426,Operations Manager,0,50.0,80.0,100.0,3.46910437118684,45.82114028930664,55.893536699074026,59.066979537036964,49.86692087384254,48.11004317538121,65.14490710987765,57.67101841844474
427,Accountant,0,33.33333333333333,100.0,100.0,1.2936387956109674,33.103668212890625,51.8262627179419,61.78399392503882,39.78282839742739,43.32501496228459,60.74378458658854,55.13024998353919
427,Business Analyst,0,25.0,100.0,70.0,0.9788484060705609,41.035186767578125,45.5521052760473,56.618623501611225,31.940131595059132,41.23777091299682,53.41797413545496,46.349208542247744
427,Customer Support Representative,0,66.66666666666666,100.0,100.0,5.421054646967549,45.2922477722168,65.94032869621098,65.54922363519638,57.42541087026373,59.92979846613057,76.62020058725393,69.58410768279819
427,Market Research Analyst,1,33.33333333333333,100.0,100.0,12.687040628148324,56.14990997314453,56.99220925686059,69.73160398491375,46.24026157107574,49.402599125718346,64.81076842663335,57.14085030692814
427,Operations Manager,0,50.0,100.0,100.0,3.520439943562139,40.38920211791992,59.08644630922231,63.97914816803432,48.858057886527895,51.866407422614486,68.89221213845646,62.38595999004038
428,Accountant,0,100.0,100.0,100.0,3.8581290100838745,42.051963806152344,76.88651392243543,64.44079064990066,71.1081424030443,72.80766343815934,89.77387596579159,83.03378747236773
428,Business Analyst,0,50.0,100.0,100.0,1.4270174252054966,42.592491149902344,59.102926286266175,64.00450197887103,48.87865785783272,51.885795630901384,69.28102784998276,62.01653248680097
428,Customer Support Representative,0,66.66666666666666,100.0,100.0,1.3077029214764304,30.576061248779297,63.11589795887169,61.20394557775133,53.89487244858962,56.60693877514317,74.02322649488262,68.85822208418212
428,Market Research Analyst,1,66.66666666666666,100.0,100.0,12.462391719299648,49.98643493652344,67.7006573317068,68.25742153595917,59.6258216646335,62.00077333141976,77.44858655742571,70.82669657791563
428,Operations Manager,0,75.0,100.0,100.0,4.69874511516854,37.21300506591797,67.53676252716298,63.51809619563535,59.42095315895373,61.80795591430939,78.62582442339729,72.88801384385327
429,Accountant,0,33.33333333333333,8.333333333333332,100.0,0.7479493345635133,40.34654235839844,34.49750708727762,35.12436987786301,41.038550525763696,22.93824363209132,40.45331139658011,33.465324392373944
429,Business Analyst,0,25.0,8.333333333333332,70.0,0.5659454682736671,45.99527359008789,27.9008495254209,29.462845423724463,32.792728573442794,20.47158767696577,32.724656123741,24.707715866950252
429,Customer Support Representative,0,0.0,60.0,100.0,6.318657291720786,43.742698669433594,34.509203394173156,53.091082144881774,28.13650424271645,22.95200399314489,39.48400564754711,32.87976305148014
429,Market Research Analyst,1,33.33333333333333,12.5,100.0,10.272017424713452,45.528812408447266,37.53679114164078,39.800191499960164,43.79598892705098,26.51387193134208,42.348221797569124,36.126434447498454
429,Operations Manager,0,50.0,5.0,100.0,3.46910437118684,43.00223922729492,40.470701539772264,35.33954083041887,49.338376924715334,29.96553122326149,47.00039515775793,40.023959594915326
430,Accountant,0,33.33333333333333,100.0,100.0,0.9917660680796581,34.518802642822266,51.99325197330196,62.0409004717466,39.99156496662744,43.521472909767006,60.993514191870595,55.07697832573955
430,Business Analyst,0,25.0,100.0,100.0,0.750432530493298,44.290523529052734,50.506143408931905,64.240220629126,38.13267926116488,41.77193342227283,59.28656297571519,51.603017505381175
430,Customer Support Representative,0,33.33333333333333,100.0,100.0,3.4675116336372587,35.39665985107422,52.49629238937339,62.81480880416419,40.620365486716736,44.11328516396869,61.148430169797415,55.51387460201442
430,Market Research Analyst,1,33.33333333333333,100.0,100.0,9.16404948274903,43.021820068359375,54.49454709933293,65.88904681948655,43.118183874166164,46.46417305803874,62.494046678730086,56.51914598715179
430,Operations Manager,0,50.0,80.0,100.0,3.3172647781592666,41.799259185791016,55.26747859459254,58.10381322245007,49.084348243240676,47.3735042289324,64.43516338572783,57.64422319614575
431,Accountant,0,66.66666666666666,100.0,100.0,2.086188715917613,37.544281005859375,64.27790379159988,62.99164685887161,55.34737973949985,57.974004460705736,75.25291233436734,68.99560193025997
431,Business Analyst,0,25.0,100.0,100.0,0.8205677851954175,43.28882598876953,50.36640906609475,64.02524471706884,37.958011332618426,41.60754007775852,59.109792821547565,51.61539431503449
431,Customer Support Representative,0,66.66666666666666,100.0,100.0,4.544465493837485,36.479862213134766,64.48698248937916,63.31330639391667,55.60872811172396,58.21997939926961,75.06507372388653,69.42941547930465
431,Market Research Analyst,1,33.33333333333333,100.0,100.0,10.635535353952955,50.69346618652344,55.86601689773812,67.99900035549454,44.83252112217266,48.077666938515435,63.847866581935506,56.77881996442307
431,Operations Manager,0,50.0,100.0,100.0,2.9511818065871442,43.737266540527344,59.503267252067175,64.62041115702642,49.37908406508397,52.35678500243197,69.48304703656365,62.28550267175067
432,Accountant,0,0.0,8.333333333333332,100.0,0.685711922383782,29.652050018310547,21.217330957770816,32.642047627339714,24.438330363880187,7.314507009142137,24.84055784636853,19.728851123557924
432,Business Analyst,0,0.0,8.333333333333332,100.0,0.5188527311690146,40.36516571044922,22.799269432909405,35.075799127552926,26.41575345780342,9.175611097540472,26.731107674392998,19.69940538393179
432,Customer Support Representative,0,33.33333333333333,60.0,100.0,5.053216695270406,41.48257827758789,45.647035912595406,52.27749114758268,42.05879489074426,36.0553363677593,52.81065106859394,46.38194020112615
432,Market Research Analyst,1,0.0,12.5,100.0,12.664470268364585,56.189918518066406,27.82815831796465,42.812551258407154,31.660197897455816,15.091950962311351,30.504103267894074,22.823141812064343
432,Operations Manager,0,25.0,5.0,100.0,3.0505327617650493,38.46506118774414,30.97733909242638,34.19590629604058,37.47167386553298,18.796869520501623,35.90559903313132,29.65597636972325
433,Accountant,0,100.0,100.0,100.0,2.542972222352268,43.432777404785156,76.89636244407062,64.4559422216471,71.12045305508828,72.81924993420073,90.01754895378562,82.8017009804151
433,Business Analyst,0,50.0,100.0,100.0,1.2089386240875382,45.16405487060547,59.45594902420395,64.5476138833907,49.31993628025494,52.301116499063475,69.73483321245979,61.97804799248604
433,Customer Support Representative,0,33.33333333333333,100.0,100.0,4.116369344344657,37.52962112426758,52.9135652369585,63.456767031218206,41.14195654619813,44.60419439642176,61.524835100360946,55.62837890390396
433,Market Research Analyst,1,66.66666666666666,100.0,100.0,10.557871566144636,45.17437744140625,66.69317068446595,66.7074420786656,58.366463355582454,60.81549492290113,76.59939994064032,70.49060478618237
433,Operations Manager,0,75.0,80.0,100.0,4.133661234255553,43.10717010498047,64.3361247008854,58.59403800136215,60.42015587610676,58.04249964810048,74.96008884205538,68.0824108060451
434,Accountant,0,100.0,100.0,100.0,3.5630406286141327,36.218990325927734,75.96730464318128,63.0266225279712,69.9591308039766,71.72624075668386,88.74452770457548,82.98171305210839
434,Business Analyst,0,50.0,100.0,100.0,0.9069374647463021,39.36945724487305,58.54145920644291,63.14070647145063,48.17682400805364,51.22524612522695,68.71225716085995,61.92475367024935
434,Customer Support Representative,0,66.66666666666666,100.0,100.0,3.7496900940762017,34.59152603149414,64.08451575216888,62.69412679820854,55.10564469021111,57.74648912019869,74.73183792712642,69.28916099699384
434,Market Research Analyst,1,66.66666666666666,100.0,100.0,10.073875494345655,45.67855453491211,66.696197837722,66.71209923752102,58.37024729715249,60.81905627967293,76.68837236890606,70.40519371468844
434,Operations Manager,0,50.0,100.0,100.0,1.7781975799307868,37.78767776489258,58.4348813017235,62.97674046419,48.04360162715438,51.099860354968826,68.43311960556927,62.078505455281906
435,Accountant,0,100.0,8.333333333333332,100.0,2.3324597601416386,38.90110397338867,57.851701226696214,35.15646342568648,70.23129320003694,50.41376614905437,67.64921442667644,61.195924271397544
435,Business Analyst,0,50.0,8.333333333333332,100.0,0.9925554473725575,46.93083953857422,41.355175914558686,36.700270637782594,49.61063655986502,31.006089311245514,48.477991291120944,40.371235275026535
435,Customer Support Representative,0,66.66666666666666,60.0,100.0,3.7325404586486677,37.56134033203125,56.52741545193532,51.06781864400305,55.65926931491915,48.85578288462979,65.84415809780943,59.87436988485957
435,Market Research Analyst,1,66.66666666666666,12.5,100.0,11.024883618478247,56.3822021484375,50.94439619837069,42.47855825390363,60.555495247963364,42.28752493925963,57.98901606541054,49.98478338365302
435,Operations Manager,0,75.0,5.0,100.0,3.9069324345572936,40.152610778808594,48.858931482004884,34.78297151077675,59.82366435250611,39.834037037652806,56.791637196260346,50.39534101786305
436,Accountant,0,33.33333333333333,60.0,100.0,1.1719901773972652,37.933624267578125,44.532508833412976,50.56283410268663,40.66563604176622,34.74412803930938,52.18436506682752,45.69701787444265
436,Business Analyst,0,25.0,60.0,100.0,0.8868014170322251,44.56974792480469,42.56848240127554,52.02843446350083,38.21060300159442,32.433508707382984,49.92407316320083,42.215317897123334
436,Customer Support Representative,0,33.33333333333333,100.0,100.0,6.616198900825047,43.660343170166016,54.20814797731533,65.44843278561332,42.760184971644165,46.12723291448862,62.60672722610773,56.06952529622403
436,Market Research Analyst,1,33.33333333333333,100.0,100.0,10.829344060702137,51.44677734375,56.00808487733448,68.21756647795048,45.01010609666811,48.24480573804057,63.98080384497549,56.81302150090822
436,Operations Manager,0,25.0,20.0,100.0,1.109641672890735,36.24590301513672,33.35333170320412,37.85127954339095,36.69166462900515,21.592154944946024,39.04339464973001,32.84287794227484
437,Accountant,0,66.66666666666666,8.333333333333332,100.0,2.6723755464954277,43.74009323120117,46.96187031665449,36.35159535895563,56.619004562484776,37.60220037253469,54.77766351138844,47.53041921408743
437,Business Analyst,0,25.0,8.333333333333332,70.0,0.6030368516380054,51.3777961730957,28.713791620376718,30.71352556981034,33.80890619213757,21.427990141619674,33.67451305015415,24.714261405191017
437,Customer Support Representative,0,0.0,60.0,100.0,6.34698905169878,41.1649055480957,34.12678418996917,52.502744907644875,27.658480237461468,22.502099047022554,39.02910097907571,32.884762773829195
437,Market Research Analyst,1,33.33333333333333,12.5,100.0,10.945233056932233,51.63120651245117,38.55313260207417,41.36379374678078,45.06641575259272,27.70956776714609,43.425114874746285,36.245237206125296
437,Operations Manager,0,25.0,5.0,100.0,0.754571212916817,37.017066955566406,30.415745725272483,33.331916500419204,36.769682156590605,18.13617144149704,35.6500706392176,29.25080668463238
438,Accountant,0,66.66666666666666,60.0,100.0,2.0561128575282694,44.92803955078125,57.38095619457976,52.38095824807143,56.7261952432247,49.859948464211485,67.14416384229473,59.57852971995597
438,Business Analyst,0,25.0,60.0,70.0,0.8087379443386954,48.451316833496094,38.63900821667522,45.98308956411572,33.29876027084403,33.10471554902967,45.31493826473461,36.90742434311859
438,Customer Support Representative,0,33.33333333333333,100.0,100.0,3.940474595059863,38.47429656982422,53.028882341399274,63.6341779611271,41.286102926749095,44.739861578116795,61.69154253192976,55.59733865403017
438,Market Research Analyst,1,33.33333333333333,100.0,100.0,10.482206533429808,55.40343475341797,56.54951285969383,69.05053260465718,45.686891074617286,48.881779834933916,64.67903750550512,56.75176193727192
438,Operations Manager,0,50.0,20.0,100.0,3.749470280798873,43.92621612548828,43.65135296094307,40.232850709143186,49.56419120117884,33.70747407169773,50.692861669203815,43.60284769661157
439,Accountant,0,33.33333333333333,100.0,100.0,1.4790584423673714,43.73344039916992,53.448541492897256,64.27980742497014,41.810676866121575,45.23357822693795,62.61962673710841,55.162971097672674
439,Business Analyst,0,0.0,100.0,100.0,0.3964568334437365,42.361026763916016,41.41362253960396,63.71326544554456,26.767028174504958,31.074850046592896,48.651945899514594,41.246433558843016
439,Customer Support Representative,0,33.33333333333333,100.0,100.0,4.208457143455241,39.8900146484375,53.28143743545057,64.02272425966754,41.60179679431322,45.03698521817714,61.94137513403798,55.644629691982296
439,Market Research Analyst,1,0.0,100.0,100.0,9.676957406633798,42.59481430053711,42.84076575607563,65.90887039396252,28.550957195094547,32.75384206597134,48.693202523624194,42.88416895411184
439,Operations Manager,0,25.0,80.0,100.0,3.1443431881641177,48.9255256652832,47.56048032801709,59.708431273872456,39.45060041002138,38.306447444726004,55.398622176226446,47.3195899743819
440,Accountant,0,66.66666666666666,60.0,100.0,1.7570728343634463,39.57353973388672,56.53292521857085,51.07629520805773,55.66615652321357,48.862264963024536,66.19925210990158,59.52575795116217
440,Business Analyst,0,25.0,60.0,100.0,0.570288232349348,44.90079116821289,42.57066191008433,52.031787553975896,38.213327387605425,32.43607283539334,49.98249255909639,42.15946262923812
440,Customer Support Representative,0,33.33333333333333,100.0,100.0,4.42119286903684,36.313323974609375,52.7768441932136,63.24642696391836,40.97105524151699,44.44334610966306,61.31019442689185,55.68217129061434
440,Market Research Analyst,1,33.33333333333333,100.0,100.0,10.350839415095118,50.644248962402344,55.815929923291286,67.92194347173019,44.76991240411411,48.01874108622504,63.83918118944355,56.728579504624626
440,Operations Manager,0,50.0,20.0,100.0,2.641183755138163,37.630741119384766,42.54078873117844,38.52429035565914,48.17598591397305,32.400927919033464,49.581895491656134,43.407267721494975
441,Accountant,0,100.0,8.333333333333332,100.0,3.14675227528984,41.17090606689453,58.31431541799432,35.86817756614511,70.80956093915958,50.958018138816854,68.04976773729511,61.33962295054135
441,Business Analyst,0,50.0,8.333333333333332,100.0,1.1638984383122077,46.35216522216797,41.2940762157387,36.60627110113645,49.53426193634004,30.93420731263376,48.375872294108085,40.40147227342765
441,Customer Support Representative,0,33.33333333333333,60.0,100.0,5.893359818037239,42.85020065307617,45.97820073733367,52.786975493333856,42.47275092166709,36.44494204392197,53.051996193680104,46.530200752202646
441,Market Research Analyst,1,66.66666666666666,12.5,100.0,10.164527779076751,45.32421112060547,49.15664416828566,39.728170515311284,58.32080521035708,40.18428725680667,56.03760588402841,49.83295588258216
441,Operations Manager,0,75.0,5.0,100.0,4.607408669993044,42.79536056518555,49.36041538527679,35.55448520811814,60.45051923159599,40.42401810032563,57.258004805620985,50.51895447117524
442,Accountant,0,100.0,8.333333333333332,100.0,2.30157101476264,40.21894454956055,58.044744001315145,35.45345230971561,70.4725966683106,50.64087529566488,67.88177452835382,61.19047331633067
442,Business Analyst,0,50.0,8.333333333333332,70.0,1.0941755758751903,43.34698486328125,36.332840732540134,28.973601126984814,43.33271758234184,30.39157733240016,42.551428701363356,35.09505059182111
442,Customer Support Representative,0,66.66666666666666,60.0,100.0,1.3137599821531465,29.062414169311523,54.88975945605303,48.548347881107226,53.61219932006629,46.929128771827095,64.34434759850595,59.44752627136035
442,Market Research Analyst,1,66.66666666666666,12.5,100.0,9.555625877717116,42.80860900878906,48.68796856630926,39.00713112765527,57.73496070788658,39.63290419565794,55.59367609959022,49.72550260587165
442,Operations Manager,0,75.0,5.0,100.0,3.741257886336682,44.21108627319336,49.442851623929506,35.68131019066078,60.55356452991189,40.521001910505305,57.50783875409295,50.36610433288294
443,Accountant,0,33.33333333333333,8.333333333333332,100.0,0.9800664717381817,37.25777816772461,34.069010029252745,34.465143634747825,40.502929203232604,22.434129446179703,39.908235362931784,33.506286240110654
443,Business Analyst,0,0.0,8.333333333333332,100.0,0.093038102451913,38.647098541259766,22.47768716322342,34.58105717418987,26.01377562069594,8.797279015556963,26.427919350418392,19.624261625922887
443,Customer Support Representative,0,33.33333333333333,60.0,100.0,5.906395813115188,41.86787033081055,45.83280658825553,52.56329218705978,42.2910082353194,36.27389010383003,52.878643783868526,46.53250122192229
443,Market Research Analyst,1,0.0,12.5,100.0,8.368502722932307,44.6794319152832,25.457190195732327,39.16490799343435,28.69648774466541,12.302576700861561,28.47284092622645,22.065029892282173
443,Operations Manager,0,25.0,5.0,100.0,2.4929614998927407,42.87192153930664,31.554732455879908,35.08420377827678,38.19341556984989,19.47615583044695,36.683280271642346,29.557581441157545
444,Accountant,0,33.33333333333333,8.333333333333332,100.0,2.318080918794245,44.835731506347656,35.40640519710461,36.52267466221224,42.17467316304744,24.00753552600543,41.2455212462182,33.74240643664996
444,Business Analyst,0,0.0,8.333333333333332,70.0,0.4154366827673537,43.04499816894531,18.685731894423565,28.747279837574716,21.27383153469613,9.630272816968903,21.909901637657015,14.387037845978552
444,Customer Support Representative,0,33.33333333333333,60.0,100.0,4.409931492563708,45.00094223022461,46.078297725084916,52.940970859105,42.597872156356146,36.56270320598225,53.4315388249416,46.268419283001435
444,Market Research Analyst,1,0.0,12.5,100.0,10.140229011498283,50.48252487182617,26.59341308249867,40.91294320384411,30.116766353123342,13.639309508821961,29.49691615385168,22.377687472617346
444,Operations Manager,0,25.0,5.0,100.0,3.2948744816083684,45.1115608215332,32.01096529547124,35.786100454571134,38.76370661933905,20.012900347613222,37.07851073321174,29.69909549675442
445,Accountant,0,66.66666666666666,8.333333333333332,100.0,1.942454117796936,46.56129455566406,47.27556230101915,36.83419841182433,57.011119542940605,37.971249765904886,55.2755225686466,47.40160955019946
445,Business Analyst,0,25.0,8.333333333333332,70.0,0.5935845585907977,40.437843322753906,27.07138084886837,28.186739767489804,31.755892727752133,19.495742175139263,31.743933135387945,24.7125933534768
445,Customer Support Representative,0,66.66666666666666,60.0,100.0,5.674331999647959,47.03157424926758,58.23921927067066,53.70136298051897,57.79902408833833,50.869669730200776,67.51537584790997,60.21703898033003
445,Market Research Analyst,1,33.33333333333333,12.5,100.0,11.868057285454732,58.08122253417969,39.65905863961183,43.06521841991564,46.44882329951479,29.01065722307274,44.563352996227785,36.40808854057044
445,Operations Manager,0,50.0,5.0,100.0,2.9673211091715577,41.08806228637695,40.10830750933228,34.78201155281888,48.88538438666535,29.539185305096794,46.662599227007696,39.935409607500866
446,Accountant,0,100.0,8.333333333333332,100.0,2.4752551690949947,40.60324478149414,58.12844165925504,35.58221793731544,70.57721874073547,50.73934312853534,67.94959221634211,61.22112346121284
446,Business Analyst,0,50.0,8.333333333333332,100.0,1.1767456805419794,43.51861572265625,40.870970877146405,35.95533981099446,49.005380263099674,30.43643632605459,47.87583414713542,40.403739433821144
446,Customer Support Representative,0,66.66666666666666,60.0,100.0,4.508570113666281,38.209468841552734,56.74103917661618,51.39647052812746,55.926298970770226,49.10710491366609,65.95853371713675,60.01131629456855
446,Market Research Analyst,1,66.66666666666666,12.5,100.0,10.276724983085725,50.1753044128418,49.901137742722455,40.873545245214046,59.251422178403075,41.06016205026171,56.89368117089364,49.85275538917198
446,Operations Manager,0,50.0,5.0,100.0,1.4724446989422193,37.062034606933594,39.280171895881374,33.50795676289442,47.85021486985172,28.564908112801618,45.95212375416475,39.67160788804863
447,Accountant,0,0.0,8.333333333333332,100.0,0.5947553069170741,32.84566879272461,21.68273028161292,33.358046587096794,25.02007951868282,7.862035625426964,25.40413763008866,19.71279995612262
447,Business Analyst,0,0.0,8.333333333333332,100.0,0.45002924011940443,35.068233489990234,21.994406076183115,33.837547809512486,25.40967426189556,8.228713030803663,25.79635492960612,19.68726006198186
447,Customer Support Representative,0,33.33333333333333,60.0,100.0,4.777137409621721,42.92593765258789,45.82212792599811,52.54686347589453,42.27765990749764,36.26132697176248,53.06536154653512,46.333220327188144
447,Market Research Analyst,1,0.0,12.5,100.0,10.984585006511896,50.72202682495117,26.75599177471946,41.16306426879917,30.31998971839933,13.830578558493483,29.53918120440315,22.526691471737397
447,Operations Manager,0,25.0,5.0,100.0,2.6458932530689103,40.09107971191406,31.160545944747447,34.47776299191915,37.700682430934314,19.012406993820527,36.19254347857307,29.584569397600397
448,Accountant,0,66.66666666666666,100.0,100.0,1.7519208951926812,39.91109848022461,64.58278623964591,63.46069677894245,55.728482799557405,58.332689693701084,75.67058600631414,68.9366134913085
448,Business Analyst,0,25.0,100.0,70.0,0.5353604915200655,38.55541229248047,45.11361591760008,55.944024488615504,31.3920198970001,40.72190107952951,52.980366875143616,46.27094596909178
448,Customer Support Representative,0,66.66666666666666,100.0,100.0,1.6038038925454037,33.520118713378906,63.601921724221974,61.95167444752099,54.50240215527747,57.178731440261146,74.54276604745901,68.9104751967237
448,Market Research Analyst,1,33.33333333333333,100.0,100.0,10.703932388021254,54.887210845947266,56.50533815176194,68.98257151553119,45.63167268970243,48.829809590308166,64.58793916889265,56.790890029258655
448,Operations Manager,0,50.0,100.0,100.0,2.6762597923290707,44.179473876953125,59.52836005039233,64.65901546214204,49.410450062990414,52.386305941638035,69.56108362534466,62.236987022175725
449,Accountant,0,100.0,100.0,100.0,2.611223096450398,46.36540985107422,77.3464949421287,65.14845375712106,71.68311867766087,73.34881757897493,90.53507232666017,82.81374525231477
449,Business Analyst,0,50.0,100.0,70.0,1.1111804597775756,48.60254669189453,55.457059072750816,58.39547549653972,44.321323840938526,52.89065773264802,65.0475082397461,56.66667890466663
449,Customer Support Representative,0,33.33333333333333,100.0,100.0,4.976213808065145,41.47431945800781,53.63424665657761,64.56550767678607,42.04280832072202,45.452054890091304,62.22095833572686,55.78011616220758
449,Market Research Analyst,1,66.66666666666666,100.0,100.0,12.342519786279126,57.07859802246094,68.74650100464434,69.86641180201694,60.93312625580543,63.23117765252276,78.70014474906174,70.80554270738259
449,Operations Manager,0,75.0,80.0,100.0,3.585623363712146,40.773780822753906,63.903910627969914,57.92909327379986,59.8798882849624,57.53401250349402,74.54831426283893,67.9856982406551
450,Accountant,0,66.66666666666666,100.0,100.0,1.2324734607419554,34.847312927246094,63.74530129153153,62.172258397228006,54.68162661441442,57.34741328415475,74.77697679108263,68.84494629699367
450,Business Analyst,0,50.0,100.0,70.0,0.9325668700294064,48.56987762451172,55.42536667418116,58.34671796027871,44.28170834272646,52.85337255786019,65.04174311020796,56.635158859416954
450,Customer Support Representative,0,66.66666666666666,100.0,100.0,6.733634300903958,44.86576843261719,66.0732437433615,65.75370832312026,57.591554679201884,60.086169109837066,76.5449395273246,69.81573938643403
450,Market Research Analyst,1,66.66666666666666,100.0,100.0,10.358556023987623,53.55828857421875,67.9208600230643,68.59619490727839,59.90107502883036,62.259835321252105,78.07891366996017,70.4554314552135
450,Operations Manager,0,75.0,80.0,100.0,3.6708032398152546,43.21244430541992,64.28248713178527,58.511518664285035,60.3531089147316,57.97939662562973,74.97866664213292,68.00072998349681
451,Accountant,0,33.33333333333333,8.333333333333332,100.0,1.0791395924759555,43.9707145690918,35.09081145756849,36.037145832156654,41.780180988627286,23.636248773609992,41.09287119846717,33.523769732005555
451,Business Analyst,0,0.0,8.333333333333332,70.0,0.10244315345940647,40.37017822265625,18.237559873084017,28.057784420129256,20.713616508021687,9.103011615392958,21.437874588311885,14.331803693747739
451,Customer Support Representative,0,33.33333333333333,60.0,100.0,6.503462524804685,48.529972076416016,46.92168185684977,54.238484907974,43.65210232106221,37.55491983158796,54.0543087977989,46.63786593574985
451,Market Research Analyst,1,0.0,12.5,100.0,9.214459302992672,47.35964584350586,25.986115771974777,39.97863964919196,29.357644714968472,12.924842084676213,28.945819854736328,22.21431634758694
451,Operations Manager,0,25.0,5.0,100.0,2.7449704021414405,46.03681564331055,32.0672679068178,35.87271985664276,38.83408488352225,20.07913871390329,37.24179099587833,29.6020536003779
452,Accountant,0,100.0,8.333333333333332,100.0,3.8472140210947976,39.67489242553711,58.19498263366145,35.68458866717147,70.6603949587435,50.81762662783701,67.78576532999675,61.46323384685987
452,Business Analyst,0,50.0,8.333333333333332,100.0,1.164485881108344,47.62211990356445,41.484657534367585,36.89947312979629,49.772488584626146,31.158420628667752,48.59998194376628,40.401575939803436
452,Customer Support Representative,0,33.33333333333333,60.0,100.0,3.633951638946374,34.744895935058594,44.42349380276741,50.39511867092423,40.52936725345926,34.615875062079304,51.62164830226524,46.13148166177485
452,Market Research Analyst,1,66.66666666666666,12.5,100.0,10.169658019330878,51.894195556640625,50.14291136972905,41.245504671378036,59.553639212161315,41.34460161144594,57.19701490215227,49.8338612190976
452,Operations Manager,0,50.0,5.0,100.0,2.8605995514645994,37.61430358886719,39.57123547104977,33.9557468785381,48.214044338812215,28.907335848293844,46.04958298627068,39.91657639143493
453,Accountant,0,33.33333333333333,100.0,100.0,0.8426468208423616,33.849308013916016,51.870459891880415,61.85198957725192,39.83807486485053,43.37701163750638,60.875368080887135,55.05066316446237
453,Business Analyst,0,25.0,100.0,100.0,0.637599537259099,46.16965103149414,50.77108758531299,64.64782705432768,38.46385948164123,42.08363245330939,59.61817371144015,51.583105800692785
453,Customer Support Representative,0,0.0,100.0,100.0,7.118659289894451,44.41319274902344,42.729777805837685,65.73811970128874,28.412222257297103,32.62326800686786,49.014092838062965,42.432704580569606
453,Market Research Analyst,1,33.33333333333333,100.0,100.0,11.572552346240672,57.62217712402344,57.04587608720628,69.81416833929171,46.307345109007855,49.46573657318386,65.07058027678845,56.944175904238556
453,Operations Manager,0,50.0,80.0,100.0,2.9529235298349,40.368534088134766,54.99821864269545,57.68956714260838,48.747773303369314,47.056727814935826,64.18268248614143,57.57992768173557
454,Accountant,0,66.66666666666666,60.0,100.0,3.2026212709433235,40.38957977294922,56.87216348991721,51.59820024089828,56.09020436239652,49.26136881166731,66.34325917561848,59.78085473408804
454,Business Analyst,0,25.0,60.0,100.0,0.958325464425498,44.0726203918457,42.50464187844068,51.93021827452412,38.13080234805085,32.35840220993021,49.83634477503159,42.227939787839794
454,Customer Support Representative,0,33.33333333333333,100.0,100.0,4.428119200165619,39.760215759277344,53.29491691058311,64.0434619137176,41.61864613822889,45.052843424215425,61.91846944771561,55.68339358434295
454,Market Research Analyst,1,33.33333333333333,100.0,100.0,11.70277356020368,53.321327209472656,56.42028178211812,68.851715562233,45.52535222764765,48.72974327308014,64.31160676245597,56.967156118467315
454,Operations Manager,0,50.0,20.0,100.0,3.3033908480189353,40.862388610839844,43.124866918828815,39.42287218281356,48.906083648536026,33.088078728033906,50.15218622544233,43.52412779670922
455,Accountant,0,33.33333333333333,60.0,100.0,1.095009714598283,36.94393539428711,44.372508432999474,50.316679640512014,40.46563554124935,34.55589227411703,52.00971408918792,45.68343308688989
455,Business Analyst,0,25.0,60.0,100.0,0.8285531613637869,37.59770965576172,41.513939422568825,50.406060650105886,36.89242427821103,31.192869908904502,48.69371346866383,42.20503879318185
455,Customer Support Representative,0,66.66666666666666,100.0,100.0,1.553263680264454,38.24400329589844,64.30292337975776,63.03013853296067,55.37865422469721,58.003439270303254,75.37639273849187,68.90155633573293
455,Market Research Analyst,1,33.33333333333333,100.0,100.0,10.739035335411625,51.798160552978516,56.04724604992518,68.27781443578233,45.05905756240649,48.29087770579433,64.04281264660405,56.79708466703342
455,Operations Manager,0,50.0,20.0,100.0,2.9799013070257763,43.220401763916016,43.43004546064127,39.89237763175579,49.28755682580159,33.44711230663678,50.56830619363224,43.467041407122196
456,Accountant,0,33.33333333333333,100.0,100.0,1.6916789280241107,46.15619659423828,53.84384799500602,64.88797127436824,42.30480999375753,45.69864470000709,63.047171948002834,55.20049235984739
456,Business Analyst,0,0.0,100.0,70.0,0.45344906718794104,46.654624938964844,37.566211100922914,57.79417092449679,21.95776387615365,31.842601295203433,44.11552204805262,35.96237336479787
456,Customer Support Representative,0,33.33333333333333,100.0,100.0,7.1306353459136576,48.009769439697266,54.9377273845083,66.57086264283328,43.67215923063538,46.985561628833295,63.37427303837794,56.16030819829849
456,Market Research Analyst,1,0.0,100.0,100.0,11.068058207346452,56.84421157836914,45.18684046785734,69.5182161043959,31.483550584821675,35.5139299621851,51.207802043241614,43.1296573307082
456,Operations Manager,0,0.0,100.0,100.0,0.5673942010253752,40.99425506591797,41.234247390041496,63.437303676986915,26.542809237551882,30.863820458872357,48.41075089398552,41.276598976651535
457,Accountant,0,66.66666666666666,60.0,100.0,1.7255417151851193,41.92439270019531,56.88082349564039,51.61152332662625,56.101029369550496,49.27155705369458,66.61410851572073,59.52019363601306
457,Business Analyst,0,25.0,60.0,100.0,0.5272994136406379,44.29050064086914,42.472670008176465,51.88103078180995,38.09083751022058,32.32078824491349,49.874794230741614,42.151876367113054
457,Customer Support Representative,0,33.33333333333333,100.0,100.0,6.661638984175153,48.11431121826172,54.88305919703219,66.48675773902389,43.60382399629025,46.921246114155515,63.39272158753638,56.07754413446228
457,Market Research Analyst,1,33.33333333333333,100.0,100.0,10.542760179831268,61.57201385498047,57.483882771888425,70.48802477726424,46.85485346486053,49.981038555162854,65.76761028813381,56.76244787487219
457,Operations Manager,0,50.0,20.0,100.0,2.635962573999995,40.0489616394043,42.902738632010646,39.081136356939446,48.62842329001331,32.826751331777224,50.00864028930664,43.406346336588236
458,Accountant,0,66.66666666666666,100.0,100.0,2.268820275276978,43.76665496826172,65.23865461986414,64.46972505620124,56.54831827483017,59.104299552781335,76.35097832773245,69.02783102897044
458,Business Analyst,0,25.0,100.0,100.0,0.8924028847848536,44.78998947143555,50.60235885343306,64.38824438989701,38.252948566791325,41.88512806286243,59.374704024370985,51.62807109731497
458,Customer Support Representative,0,66.66666666666666,100.0,100.0,5.338422920993678,49.3602294921875,66.53813119531051,66.4689197876572,58.172663994138134,60.63309552389472,77.3380797143076,69.56952561350869
458,Market Research Analyst,1,33.33333333333333,100.0,100.0,11.5666037618557,62.139068603515625,57.72251752147236,70.85515516123954,47.15314690184046,50.26178531937925,65.86767877316942,56.94312615405297
458,Operations Manager,0,25.0,80.0,100.0,1.1166507077527577,38.167728424072266,45.64265686977375,56.75793364580577,37.05332108721719,36.050184552675006,53.50018736895393,46.96176188960342
459,Accountant,0,33.33333333333333,100.0,100.0,0.7054013924336763,24.83386993408203,50.49755736564402,59.73983184458054,38.12194670705503,41.76183219487532,59.28440841973997,55.02644338297849
459,Business Analyst,0,25.0,100.0,100.0,0.5337510215110345,29.621896743774414,48.27334716479282,60.80514948429664,35.34168395599102,39.14511431152096,56.697981778313135,51.56477959203136
459,Customer Support Representative,0,33.33333333333333,100.0,100.0,4.534451217413748,41.52861785888672,53.576127028111735,64.47609286376165,41.970158785139674,45.38367885660204,62.2305404064702,55.70215805797498
459,Market Research Analyst,1,33.33333333333333,100.0,100.0,10.671752840912164,53.71054458618164,56.32401128073073,68.70360709856011,45.40501410091342,48.616483859683214,64.38029218187519,56.785211285651165
459,Operations Manager,0,50.0,100.0,100.0,2.668214073714499,33.30229949951172,57.895577035983926,62.14704159382142,47.36947129497991,50.46538474821639,67.64158226461971,62.23556718947903
460,Accountant,0,66.66666666666666,8.333333333333332,100.0,1.2582445834279437,31.506364822387695,44.91469141087235,33.202089350060014,54.060030930257106,35.193754601026285,52.618770262774305,47.28086669119317
460,Business Analyst,0,50.0,8.333333333333332,100.0,0.9520669209318801,37.52313995361328,39.93794769784845,34.51991953515145,47.839101288977226,29.338761997468758,46.81780901142196,40.36409024094878
460,Customer Support Representative,0,66.66666666666666,60.0,100.0,7.230428954329071,45.15410232543945,58.19101302529861,53.62719952610043,57.73876628162326,50.812956500351305,67.18405727311676,60.491644325273754
460,Market Research Analyst,1,66.66666666666666,12.5,100.0,10.575154292954132,50.84780502319336,50.04677723075545,41.097605996034034,59.43347153844432,41.231502624418184,57.01235774919098,49.90541938503112
460,Operations Manager,0,75.0,5.0,100.0,4.422933773279828,35.783451080322266,48.28095772804032,33.893781120062016,59.101197160050404,39.15406791534154,56.020609014174525,50.48640007763762
461,Accountant,0,0.0,8.333333333333332,100.0,0.15126611708027757,29.00799560546875,21.04055592504902,32.370086038536954,24.217361572977946,7.106536382410613,24.726901185278802,19.634537157916128
461,Business Analyst,0,0.0,8.333333333333332,100.0,0.11445744986844089,35.80425262451172,22.05447317782369,33.929958735113374,25.484758138946283,8.299380209204342,25.92624065922756,19.6280415107611
461,Customer Support Representative,0,33.33333333333333,60.0,100.0,7.266173587667582,47.43528366088867,46.871885253950104,54.16187474966683,43.58985656743763,37.496335592882474,53.86112848917643,46.77246200566683
461,Market Research Analyst,1,0.0,12.5,100.0,10.295109805995843,55.84324645996094,27.420753439893517,42.1857745229131,31.1509417998669,14.61265110575708,30.44292584587546,22.405019377528678
461,Operations Manager,0,25.0,5.0,100.0,2.168877760849776,38.07799530029297,30.787030959171414,33.903124552571406,37.23378869896427,18.57297759902519,35.83729328828699,29.50039019309114
462,Accountant,0,0.0,100.0,100.0,0.5794550657700499,36.63052749633789,40.58149738431619,62.43307289894798,25.72687173039524,30.095879275666107,47.640681322883154,41.278727364547656
462,Business Analyst,0,0.0,100.0,70.0,0.43845211618800084,44.13089370727539,37.18540187351951,57.208310574645395,21.48175234189939,31.394590439434715,43.670157713048596,35.95972684403318
462,Customer Support Representative,0,33.33333333333333,100.0,100.0,6.89480337134531,48.14148712158203,54.92211024060576,66.54683626759862,43.652637800757205,46.96718851835972,63.397517335181135,56.11869079102172
462,Market Research Analyst,1,0.0,100.0,100.0,10.702003585976454,57.685089111328125,45.25806390459569,69.6277906224549,31.572579880744613,35.59772224070081,51.35619219611673,43.065059456348784
462,Operations Manager,0,25.0,100.0,100.0,2.577826933440621,43.910404205322266,50.723234670814435,64.57420718586836,38.40404333851804,42.027334906840515,59.21948309505687,51.92549887060717
463,Accountant,0,33.33333333333333,100.0,100.0,1.13120055708159,32.95927810668945,51.780238466232326,61.71318738394717,39.7252980827904,43.27086878380273,60.71830397961187,55.10158441203401
463,Business Analyst,0,25.0,100.0,100.0,0.8559374270485565,41.09473419189453,50.04260074284146,63.52707806590993,37.55325092855183,41.22658910922525,58.7226001515108,51.62163601653798
463,Customer Support Representative,0,33.33333333333333,100.0,100.0,3.0943101306378855,35.34283447265625,52.432238357160784,62.71626413922172,40.540297946450984,44.03792747901269,61.13893157360601,55.44801551324982
463,Market Research Analyst,1,33.33333333333333,100.0,100.0,10.452442580619062,45.980648040771484,55.131630259875244,66.86917475878244,43.91453782484406,47.21368265867676,63.01619279150869,56.7465094750112
463,Operations Manager,0,50.0,100.0,100.0,3.7836460490191937,39.01079177856445,58.919165674137545,63.72179334482699,48.648957092671935,51.66960667545594,68.64896325504078,62.4324081262975
464,Accountant,0,66.66666666666666,100.0,100.0,2.569946408832322,39.42295455932617,64.6322684785571,63.53682330034427,55.79033559819638,58.39090409242012,75.58444296144971,69.08097093489197
464,Business Analyst,0,25.0,100.0,100.0,0.5799231299257414,39.55556869506836,49.77032377374911,63.10819042115248,37.2129047171864,40.90626326323425,58.450982710894415,51.572927611163365
464,Customer Support Representative,0,33.33333333333333,100.0,100.0,1.0628883821292383,28.837663650512695,51.15174947156295,60.746281238301975,38.9396868394537,42.53146996654465,59.99096025205125,55.08952932233653
464,Market Research Analyst,1,33.33333333333333,100.0,100.0,10.525714630708974,45.255882263183594,55.03390620075054,66.71883005243673,43.792382750938195,47.09871317735358,62.888292948404946,56.75943983679178
464,Operations Manager,0,50.0,100.0,100.0,3.554783946083151,37.15108108520508,58.605879754693234,63.23981500722036,48.25734969336655,51.301035005521456,68.3207790150362,62.39202069636762
465,Accountant,0,33.33333333333333,100.0,100.0,1.6374049309692555,39.19868087768555,52.79207953796488,63.26986595584341,40.99009942245611,44.46127004466457,61.81937505684647,55.19091459566123
465,Business Analyst,0,0.0,100.0,100.0,0.4389010977539123,42.22873306274414,41.400145124074704,63.69253096011493,26.750181405093386,31.058994263617304,48.62859995224897,41.25392372313304
465,Customer Support Representative,0,33.33333333333333,100.0,100.0,4.27455079545513,40.42633056640625,53.371798870945874,64.16174185273724,41.71474858868233,45.14329278934809,62.036019119561885,55.65629327762934
465,Market Research Analyst,1,0.0,100.0,100.0,10.712962598719278,46.48359680175781,43.579483910071566,67.04535986164856,29.47435488758946,33.62292224714302,49.379458259133735,43.06699339977399
465,Operations Manager,0,25.0,100.0,100.0,3.4809733635127764,43.74123764038086,50.83333165058404,64.74358715474467,38.541664563230064,42.15686076539299,59.189630171831915,52.08487765238461
466,Accountant,0,33.33333333333333,60.0,100.0,1.2484937658574933,38.563018798828125,44.638393551369504,50.72573366877361,40.79799193921189,34.868698295728834,52.29543468998927,45.710518507700336
466,Business Analyst,0,25.0,60.0,100.0,0.9446888396087915,44.003631591796875,42.49224806471085,51.911150868785924,38.11531008088856,32.343821252601,49.82417028090533,42.22553332463685
466,Customer Support Representative,0,0.0,100.0,100.0,4.1688064710797255,40.216922760009766,41.657859384663425,64.08901443794373,27.072324230829285,31.362187511368735,48.273574604707605,41.912142318425836
466,Market Research Analyst,1,33.33333333333333,100.0,100.0,11.536247324306316,52.533729553222656,56.27716319829601,68.63153312558362,45.346453997870015,48.56136846858354,64.17261894076478,56.9377691356619
466,Operations Manager,0,50.0,20.0,100.0,3.256384790797673,41.46296310424805,43.20790218425686,39.550618745010546,49.00987773032108,33.185767275596305,50.25816995957319,43.51583261014076
467,Accountant,0,100.0,8.333333333333332,100.0,3.004967706687351,40.94529342651367,58.259205836646814,35.783393594841264,70.7406739624752,50.89318333723155,68.00995374193378,61.31460214431738
467,Business Analyst,0,50.0,8.333333333333332,70.0,1.111456166555049,46.617061614990234,36.82594433389846,29.732222052151474,43.94909708403974,30.971699216351134,43.12850106931201,35.09810010782344
467,Customer Support Representative,0,66.66666666666666,60.0,100.0,6.101793828432165,37.959224700927734,56.94248611273731,51.706388891390745,56.178107640921645,49.344101309102726,65.91437298643822,60.292473420703715
467,Market Research Analyst,1,66.66666666666666,12.5,100.0,9.706540285901212,46.067996978759766,49.19951392303248,39.79412398415253,58.3743924037906,40.23472226239115,56.16886221193799,49.752134560257076
467,Operations Manager,0,50.0,5.0,100.0,2.730330236802692,40.77736282348633,40.026153959043356,34.65562147545131,48.7826924488042,29.442534069462774,46.607769910027,39.89358768884754
468,Accountant,0,100.0,8.333333333333332,100.0,2.2869527880069858,36.204490661621094,57.44038318411088,34.52366643709366,69.71714564680528,49.92986256954221,67.17334148930568,61.18789362925614
468,Business Analyst,0,50.0,8.333333333333332,100.0,0.9731904002846979,45.451171875,41.13032100795938,36.35434001224518,49.329567926615894,30.741554127011025,48.216873468137265,40.36781791377574
468,Customer Support Representative,0,33.33333333333333,60.0,100.0,6.48111970073086,39.77134704589844,45.604536678661056,52.2121077107606,42.00567084832633,36.00533726901301,52.50866908653109,46.63392308444269
468,Market Research Analyst,1,66.66666666666666,12.5,100.0,10.80978491444598,52.07014846801758,50.265323340702864,41.433830780568506,59.70665417587858,41.48861569494455,57.22806541592467,49.9468247888238
468,Operations Manager,0,75.0,5.0,100.0,4.68303973584248,36.95164489746094,48.49520269499551,34.22338876153156,59.369003368744394,39.40612081764178,56.22676086425782,50.53230112985455
469,Accountant,0,66.66666666666666,100.0,100.0,1.139114822369606,31.555187225341797,63.23747864049004,61.39099278024109,54.04684830061255,56.74997487116475,74.19601343192305,68.82847124316326
469,Business Analyst,0,50.0,100.0,100.0,0.86192585750432,38.42060470581055,58.392379584497235,62.91135320691882,47.99047448062155,51.04985833470263,68.54481259514304,61.916810445441946
469,Customer Support Representative,0,66.66666666666666,100.0,100.0,4.343406517355369,37.20511245727539,64.56561117952795,63.43427360953018,55.70701397440994,58.31248374062112,75.19305906108781,69.39393448345487
469,Market Research Analyst,1,66.66666666666666,100.0,100.0,9.573905711662839,39.48689651489258,65.69245366731664,65.1678774368974,57.11556708414581,59.638180785078404,75.59572683596143,70.31696375303854
469,Operations Manager,0,75.0,80.0,100.0,4.147629321931261,41.477394104003906,64.09375351389028,58.22115925213889,60.117191892362854,57.75735707516503,74.67248131247128,68.08487576269376
470,Accountant,0,100.0,8.333333333333332,100.0,2.672422839490795,43.15042495727539,58.54009383618159,36.21552897874092,71.09178396189367,51.22363980727246,68.3990946003035,61.25591775598857
470,Business Analyst,0,50.0,8.333333333333332,70.0,1.2704799376713616,46.03915786743164,36.76311233743212,29.635557442203254,43.87055708845681,30.897779220508372,43.02651805503696,35.12616312625573
470,Customer Support Representative,0,66.66666666666666,60.0,100.0,6.974819948912524,43.9371223449707,57.97012467741581,53.28737129858843,57.46265584676977,50.55308785578331,66.96929610009286,60.44653685372966
470,Market Research Analyst,1,66.66666666666666,12.5,100.0,11.095322576381193,54.84054183959961,50.723712995730445,42.13904563445711,60.27964124466306,42.027897642035825,57.71695836385091,49.997213787988834
470,Operations Manager,0,50.0,5.0,100.0,1.5897330071141924,37.34154510498047,39.3396917168142,33.599525718175684,47.92461464601776,28.634931431546114,46.00144913617303,39.69230582478486
471,Accountant,0,66.66666666666666,100.0,100.0,3.0038729092790764,42.0423469543457,65.09026631287705,64.24143535314417,56.3628328910963,58.92972507397299,76.04668867821788,69.15754619967669
471,Business Analyst,0,25.0,100.0,100.0,0.8988536755743626,44.63564682006836,50.580175074346414,64.35411549899447,38.22521884293301,41.85902949923107,59.34746708589442,51.629209472160184
471,Customer Support Representative,0,33.33333333333333,100.0,100.0,1.0702140249163181,31.399211883544922,51.53708055293585,61.339098286567975,39.42135069116982,42.98480065051276,60.442998175527535,55.09082208282837
471,Market Research Analyst,1,33.33333333333333,100.0,100.0,10.976522506693048,53.102962493896484,56.27858941675509,68.63372730782834,45.34823677094388,48.56304637265305,64.2730718126484,56.83899416784779
471,Operations Manager,0,50.0,80.0,100.0,3.098388925082524,41.26837921142578,55.155015220476244,57.93079264688653,48.94376902559531,47.24119437703088,64.34147868436925,57.605598045602804
472,Accountant,0,100.0,8.333333333333332,100.0,2.492538346070251,38.79869842529297,57.86035218237115,35.16977258826331,70.24210689463061,50.42394374396606,67.63114285936543,61.224173433620244
472,Business Analyst,0,50.0,8.333333333333332,70.0,1.060675324588142,51.03349685668945,37.4807924938583,30.739680759782004,44.76765728398955,31.74210881630389,43.90787199431775,35.089138782770455
472,Customer Support Representative,0,33.33333333333333,60.0,100.0,7.0637397782142894,45.38993835449219,46.534718386572635,53.64315649216303,43.1683979832158,37.09966869008545,53.50018519981234,46.73673839223389
472,Market Research Analyst,1,66.66666666666666,12.5,100.0,11.781530232422982,65.91484832763672,52.487790117342286,44.85301043693685,62.484737646677864,44.10328249099093,59.67124774409275,50.11830925670209
472,Operations Manager,0,75.0,5.0,100.0,3.4226503820247944,40.00477981567383,48.76411452965479,34.63709927639199,59.705143162068495,39.72248768194682,56.76554937923655,50.30987947918085
473,Accountant,0,66.66666666666666,8.333333333333332,100.0,2.0154462914423554,42.72526550292969,46.71110676915581,35.96580528588073,56.30555012811143,37.30718443430094,54.59857626522289,47.41449052201924
473,Business Analyst,0,25.0,8.333333333333332,70.0,0.7927424239861927,43.939693450927734,27.62653204790375,29.040818535236546,32.449831726546364,20.148861232827947,32.36190668741862,24.747738859134813
473,Customer Support Representative,0,66.66666666666666,60.0,100.0,4.742246353979747,43.121036529541016,57.51282576586144,52.58383451158171,56.89103220732681,50.01508913630758,66.82528095619351,60.05255327815328
473,Market Research Analyst,1,33.33333333333333,12.5,100.0,10.274885547542697,53.516990661621094,38.73544809804123,41.64427912519164,45.29431012255154,27.924056585930863,43.75790031283509,36.126940586821256
473,Operations Manager,0,50.0,5.0,100.0,2.851107563795827,44.66802978515625,40.62787060234281,35.5813393882197,49.534838252928516,30.150436002756248,47.29435819738052,39.914901334787494
474,Accountant,0,66.66666666666666,100.0,100.0,2.842528643153921,43.062931060791016,65.21915228892507,64.43972147014114,56.523940361156335,59.08135563402949,76.22679175582587,69.1290736821252
474,Business Analyst,0,25.0,100.0,70.0,0.8505743738131406,46.71095657348633,46.38422964209492,57.89881483399218,32.98028705261865,42.216740755405795,54.41958057179171,46.326571948319966
474,Customer Support Representative,0,33.33333333333333,100.0,100.0,6.345918183042276,41.14039611816406,53.78961381184761,64.80453406950915,42.23701726480952,45.63483977864425,62.16203068751914,56.02182869896824
474,Market Research Analyst,1,33.33333333333333,100.0,100.0,10.386950636665537,48.93882369995117,55.565532817159166,67.53671715460385,44.45691602144897,47.724156255481375,63.53822379018746,56.73495207313705
474,Operations Manager,0,25.0,100.0,100.0,1.8922821263217666,40.08470916748047,50.04654869407034,63.53315183703129,37.558185867587916,41.231233757729804,58.54436044132009,51.80452037523326
475,Accountant,0,66.66666666666666,60.0,100.0,3.0293383754684933,45.66065216064453,57.636831913750285,52.77461320064147,57.04603989218786,50.16097872205916,67.2734484205059,59.750275399592475
475,Business Analyst,0,25.0,60.0,100.0,0.6835875589732858,44.835601806640625,42.57787840484208,52.042889853603214,38.22234800605261,32.44456282922599,49.97098855411305,42.179456628054105
475,Customer Support Representative,0,0.0,100.0,100.0,0.5969103751531832,29.534908294677734,39.519772800474634,60.799650462268666,24.399716000593298,28.84679152997016,46.38851322847254,41.281807713262324
475,Market Research Analyst,1,33.33333333333333,100.0,100.0,12.407243649304164,51.24660110473633,56.214743379772734,68.5355026355478,45.26842922471593,48.48793338796792,63.945478626326015,57.09147436948504
475,Operations Manager,0,50.0,20.0,100.0,3.1659084890055915,37.38547134399414,42.582706974949964,38.588779961461476,48.22838371868746,32.45024349994113,49.53861259011662,43.49986620394217
476,Accountant,0,66.66666666666666,60.0,100.0,1.8223206465507977,36.65858459472656,56.105469119524926,50.418670440294775,55.13183639940616,48.359375434735206,65.68484826181448,59.53727227095994
476,Business Analyst,0,25.0,60.0,100.0,0.5568735892822942,42.03953170776367,42.139460794556896,51.36840122239522,37.67432599319612,31.928777405361057,49.47756441901712,42.157095339285114
476,Customer Support Representative,0,66.66666666666666,100.0,100.0,7.627772705467002,46.14508819580078,66.3992624685235,66.25527559260026,57.999078085654375,60.46972055120411,76.77070183847464,69.97352851665104
476,Market Research Analyst,1,33.33333333333333,100.0,100.0,11.13406264146966,57.0182991027832,56.88952092830459,69.57362194098143,46.11190116038075,49.281789327417165,64.96401356715782,56.86679536810249
476,Operations Manager,0,25.0,20.0,100.0,1.6220161212810895,36.924713134765625,33.532009388407005,38.12616828985693,36.915011735508756,21.802363986361186,39.163184670841,32.933296962579014
477,Accountant,0,66.66666666666666,100.0,100.0,1.8284782337648422,40.847206115722656,64.73468598575646,63.69438869603558,55.918357482195574,58.51139527736054,75.83578147140203,68.95012360988007
477,Business Analyst,0,25.0,100.0,100.0,0.5587552546739992,37.74614334106445,49.49573478936077,62.685745829785795,36.86966848670096,40.583217399247964,58.13167235430549,51.569192103766
477,Customer Support Representative,0,33.33333333333333,100.0,100.0,4.74687324741816,40.0779914855957,53.390396376618746,64.19035339992628,41.73799547077343,45.16517220778676,61.97454751706591,55.73964429856399
477,Market Research Analyst,1,33.33333333333333,100.0,100.0,11.17168442986966,54.42436981201172,56.50607480294887,68.98370482504954,45.632593503686095,48.83067623876338,64.50626133937462,56.8734345072319
477,Operations Manager,0,50.0,100.0,100.0,2.793209894123401,37.07883071899414,58.48080609196763,63.04739398764251,48.10100761495954,51.153889519961915,68.30802895041073,62.25762527543355
478,Accountant,0,66.66666666666666,100.0,100.0,1.672051748093554,35.38645553588867,63.89210942593066,62.39811706553436,54.86513678241333,57.52012873638902,74.87211960437251,68.92251893593807
478,Business Analyst,0,50.0,100.0,70.0,1.2651794256957847,43.9025764465332,54.77516338083435,57.346405201283616,43.46895422604294,52.088427506863944,64.2181017258588,56.693855192769846
478,Customer Support Representative,0,66.66666666666666,100.0,100.0,6.945720617572851,42.867340087890625,65.80529243915285,65.34147554741465,57.25661554894107,59.770932281356295,76.19227570178461,69.85316638349325
478,Market Research Analyst,1,66.66666666666666,100.0,100.0,11.049032282103274,52.646995544433594,67.88773750731386,68.54523719073927,59.85967188414233,62.22086765566336,77.91809725293926,70.57728020664567
478,Operations Manager,0,75.0,100.0,100.0,4.165860585370032,38.30852508544922,67.6211578506229,63.647935154804436,59.52644731327861,61.907244530144574,78.8191514856675,72.79397539741824
479,Accountant,0,100.0,100.0,100.0,3.2663562773412593,44.2361946105957,77.12538263319054,64.8082809741393,71.40672829148818,73.0886854508124,90.15932846069336,82.92935699011905
479,Business Analyst,0,50.0,100.0,100.0,1.2081367192524242,44.50550842285156,59.3570467713156,64.39545657125477,49.19630846414451,52.184760907430125,69.6186191334444,61.977906479868075
479,Customer Support Representative,0,66.66666666666666,100.0,100.0,1.4505913947622917,32.892574310302734,63.48480818909309,61.771499778091936,54.356010236366366,57.04095081069775,74.4320229175044,68.88343769711491
479,Market Research Analyst,1,66.66666666666666,100.0,100.0,10.55086839155106,46.42646408081055,66.87993320418757,66.99476903208344,58.59991650523446,61.03521553433831,76.82035640641755,70.48936893184234
479,Operations Manager,0,75.0,80.0,100.0,4.782530340785137,42.78104019165039,64.38453557986533,58.66851627671589,60.480669474831664,58.09945362337098,74.90253650440889,68.19691711896209
480,Accountant,0,33.33333333333333,8.333333333333332,100.0,1.1391501235083772,33.268707275390625,33.49451194316818,33.58130042538695,39.7848065956269,21.758249344903742,39.20428167604933,33.53435982571716
480,Business Analyst,0,25.0,8.333333333333332,100.0,0.8619525685642665,39.14262008666992,31.417352564951795,34.87285009992584,37.188357372856416,19.314532429355054,36.809481976079006,30.054070061119184
480,Customer Support Representative,0,66.66666666666666,60.0,100.0,4.773662549075139,35.68690872192383,56.40241902398317,50.8755164471536,55.50302377997897,48.70872826350961,65.51337604896695,60.05809731258188
480,Market Research Analyst,0,33.33333333333333,12.5,100.0,1.0352796449998969,35.6338005065918,34.66702868940542,35.385172342675006,40.20878586175678,23.137680811065202,40.60204322665346,34.496421898137235
480,Operations Manager,1,50.0,5.0,100.0,7.2613568521697704,47.28447723388672,41.68187511290848,37.20288478908996,50.852343891135604,31.390441309304084,47.75608421774472,40.69318062097114
481,Accountant,0,66.66666666666666,100.0,100.0,1.643129851575147,41.16775131225586,64.75496550790798,63.72558796088407,55.943706884884975,58.53525353871527,75.89234827079025,68.91741507184659
481,Business Analyst,0,50.0,100.0,70.0,1.2432953013145198,51.3544921875,55.88966812332218,59.061027882034125,44.86208515415273,53.399609556849626,65.53314568014706,56.68999328846727
481,Customer Support Representative,0,33.33333333333333,100.0,100.0,3.978123230052679,37.59607696533203,52.902796695974374,63.44020004508878,41.12849586996797,44.59152552467574,61.53656260172526,55.60398253079361
481,Market Research Analyst,0,66.66666666666666,100.0,100.0,1.493305275856332,38.8275032043457,64.38145460536363,63.15095580312355,55.47681825670455,58.09582894748663,75.4793633105708,68.8909754408374
481,Operations Manager,1,75.0,80.0,100.0,9.950194839971703,55.12636947631836,67.01148464744351,62.70997638068232,63.76435580930439,61.189981938168835,77.08112402523265,69.10885791293619
482,Accountant,0,100.0,100.0,100.0,2.804709867537812,42.09840393066406,76.73546706973029,64.20841087650811,70.91933383716285,72.62996125850621,89.7820712818819,82.84788997662433
482,Business Analyst,0,50.0,100.0,100.0,1.1935168635686009,36.19679641723633,58.108546992120736,62.474687680185745,47.635683740150924,50.715937637789104,68.15237583833581,61.97532650533564
482,Customer Support Representative,0,33.33333333333333,100.0,100.0,5.344941988844477,38.46170425415039,53.23766360311589,63.95537990222958,41.547079503894864,44.98548659190105,61.68932035857556,55.84518584116863
482,Market Research Analyst,0,66.66666666666666,100.0,100.0,1.4335170633284848,30.202314376831055,63.07870804935725,61.1467303323445,53.84838506169657,56.5631859404203,73.95727116453881,68.88042457980306
482,Operations Manager,1,75.0,100.0,100.0,8.705161292422456,49.116111755371094,69.92319095716904,67.18952454949081,62.4039886964613,64.61551877314004,80.72637266271255,73.59502846336868
483,Accountant,0,66.66666666666666,100.0,100.0,2.544554126190686,41.60273742675781,64.9554270662756,64.03399035837273,56.19428383284451,58.7710906662066,75.96911052629059,69.07648994383757
483,Business Analyst,0,25.0,100.0,70.0,0.5741932158797173,44.60176086425781,46.02639311202063,57.34829709541635,32.532991390025785,41.79575660237721,54.04736956428079,46.2777988028023
483,Customer Support Representative,0,33.33333333333333,100.0,100.0,3.562661233929437,37.485103607177734,52.82383139283274,63.31871496333242,41.02978924104093,44.498625168038515,61.51697906793333,55.53066570794833
483,Market Research Analyst,0,33.33333333333333,100.0,100.0,10.421715605674983,52.81245803833008,56.15179271326742,68.43865545630885,45.189740891584286,48.41387378031461,64.22180632048962,56.74108706766813
483,Operations Manager,1,25.0,100.0,100.0,4.713719265470044,37.81952667236328,50.129986890675,63.66151829334615,37.66248361334375,41.329396341970586,58.14462235394647,52.302421046847655
484,Accountant,0,33.33333333333333,60.0,100.0,0.9785313496304106,37.82592010498047,44.48733438485829,50.49333495106404,40.60916798107287,34.69098162924506,52.16535844989851,45.662878081307326
484,Business Analyst,0,25.0,60.0,70.0,0.7404183108341541,46.39303207397461,38.320017557721314,45.49233470418664,32.90002194715164,32.7294324208486,44.95171154246611,36.895367937206025
484,Customer Support Representative,0,66.66666666666666,100.0,100.0,6.3465562859190054,47.521297454833984,66.41351139444627,66.27719701709684,58.01688924305785,60.48648399346621,77.01356229595109,69.74743150143668
484,Market Research Analyst,0,33.33333333333333,100.0,100.0,9.596702751029168,54.186851501464844,56.234199804540765,68.56543559672939,45.29274975567596,48.51082329945972,64.46434634339575,56.59549656390711
484,Operations Manager,1,50.0,20.0,100.0,9.08223223855629,47.431434631347656,44.97705003048559,42.272384662285525,51.22131253810699,35.26711768292423,51.31142964082606,44.54392333621582
485,Accountant,0,33.33333333333333,100.0,100.0,1.115272677040577,36.6012077331543,52.3241387281959,62.54995701773728,40.40517341024488,43.91075144493635,61.36099744310566,55.09877360967383
485,Business Analyst,0,25.0,100.0,100.0,0.8438853920886237,39.0917854309082,49.74035062344953,63.06207788223004,37.175438279311905,40.87100073347003,58.369138605454395,51.619509186839174
485,Customer Support Representative,0,66.66666666666666,100.0,100.0,4.673602978682575,39.94206237792969,65.02568313682517,64.14207662075668,56.28210392103147,58.85374486685315,75.67605022355622,69.45220444721849
485,Market Research Analyst,0,33.33333333333333,100.0,100.0,1.0135794021674989,30.860733032226562,51.44781353182577,61.20176440793709,39.309766914782216,42.879780625677384,60.34797249588312,55.0808277376374
485,Operations Manager,1,50.0,80.0,100.0,7.986530327033084,52.45155715942383,57.56571312296854,61.63955865072083,51.95714140371068,50.077309556433576,66.31498067519244,58.46821123418231
486,Accountant,0,33.33333333333333,8.333333333333332,100.0,0.6805598991145791,36.863224029541016,33.964900922631664,34.3049757784077,40.37279281995625,22.311648144272553,39.83860816207586,33.45343213905943
486,Business Analyst,0,25.0,8.333333333333332,70.0,0.5149543866062143,35.175079345703125,26.270171726513063,26.95411034848164,30.754381324808,18.55314320766243,30.81521008061428,24.698717440773642
486,Customer Support Representative,0,66.66666666666666,60.0,100.0,4.038856038723361,40.95256805419922,57.082046947271714,51.921097867597524,56.352558684089644,49.50829052620202,66.44261004878025,59.92842557546098
486,Market Research Analyst,0,33.33333333333333,12.5,100.0,0.6185047924908784,33.126068115234375,34.22835260282545,34.710286055628906,39.660440753531816,22.62159129744171,40.159502216413905,34.42287339475329
486,Operations Manager,1,50.0,5.0,100.0,9.708692212358438,51.933563232421875,42.74633831671704,38.840520487256995,52.18292289589631,32.642750960843586,48.57651115866269,41.12506333159267
487,Accountant,0,66.66666666666666,60.0,100.0,1.4066868777901795,36.27742385864258,55.98594994379824,50.23479478533063,54.982437429747804,48.21876463976263,65.61758460250554,59.4639251352963
487,Business Analyst,0,50.0,60.0,100.0,1.0643876890805404,45.438167572021484,51.4753832891653,52.269820444869694,49.34422911145663,42.91221563431212,60.37144133623909,52.54077429807304
487,Customer Support Representative,0,33.33333333333333,100.0,100.0,3.4056795575729706,35.422603607177734,52.49090914137927,62.80652688417324,40.61363642672409,44.10695193103444,61.15300847969803,55.50296305917954
487,Market Research Analyst,0,66.66666666666666,100.0,100.0,1.2784217474159114,35.27982711791992,63.817070663133705,62.282672815077504,54.77133832891714,57.43184783898083,74.85330282473096,68.85305481817143
487,Operations Manager,1,75.0,20.0,100.0,12.718284900685997,47.248497009277344,54.2450172864945,43.06925736383769,62.80627160811813,46.170608572346474,61.57326417810777,55.479697335415175
488,Accountant,0,100.0,100.0,100.0,2.7838387256729784,45.077884674072266,77.17925850996178,64.89116693840275,71.47407313745225,73.15206883524917,90.30786200130687,82.84420683394228
488,Business Analyst,0,50.0,100.0,70.0,1.323447471865655,47.254119873046875,55.28663510173688,58.133284771902886,44.1082938771711,52.690158943219856,64.8095505658318,56.70413778915276
488,Customer Support Representative,0,33.33333333333333,100.0,100.0,4.130014959793376,36.12766647338867,52.705318881643976,63.13638802304202,40.881648602054966,44.35919868428703,61.27743133844114,55.63078695368903
488,Market Research Analyst,0,66.66666666666666,100.0,100.0,1.5895749706173423,33.301761627197266,63.567033823005524,61.89800075334183,54.45879227875691,57.13768685059473,74.5042324440152,68.90796421050109
488,Operations Manager,1,50.0,80.0,100.0,9.718709607496567,46.09223175048828,56.87164120369773,60.5717556979965,51.089551504622165,49.26075435729145,65.19274677949794,58.77388993073469
489,Accountant,0,100.0,60.0,100.0,2.591530978783343,49.08674240112305,69.75174100698595,53.46421693382455,72.18967625873246,64.41381294939525,81.60354277666877,73.39850546684413
489,Business Analyst,0,50.0,60.0,70.0,1.1028006716265681,47.67177963256836,47.31618704562924,45.87105699327576,44.145233807036554,43.31316123015205,55.47149052339442,47.25343541263999
489,Customer Support Representative,0,33.33333333333333,100.0,100.0,4.938686494532245,44.96055221557617,54.151552473182925,65.36136277925578,42.68944059147866,46.0606499684505,62.836175881180104,55.77349369511353
489,Market Research Analyst,0,66.66666666666666,100.0,100.0,12.24944066474801,52.807743072509766,68.09191089392199,68.85935009321332,60.11488861740249,62.461071639908226,77.94646446377622,70.78911698005356
489,Operations Manager,1,50.0,20.0,100.0,6.6471401556193594,42.14152145385742,43.81829924142152,40.48969114064849,49.7728740517769,33.9038814604959,50.377915550680726,44.11420120393283
490,Accountant,0,100.0,100.0,100.0,2.1403521995404042,44.16796112060547,76.94624699802188,64.53268768926443,71.18280874752736,72.87793764473163,90.14728725657743,82.73065038815419
490,Business Analyst,0,50.0,100.0,70.0,0.9108059531199192,45.9372673034668,55.02721098848801,57.73417075152001,43.78401373561002,52.38495410410354,64.57716481825885,56.6313186976094
490,Customer Support Representative,0,33.33333333333333,100.0,100.0,6.406225963015816,38.16143798828125,53.35181625936123,64.13099937337626,41.68977032420153,45.11978383454262,61.63633219401042,56.032471248375344
490,Market Research Analyst,0,66.66666666666666,100.0,100.0,1.0939567885741246,35.185218811035156,63.775209673274716,62.218271292217516,54.7190120915934,57.382599615617316,74.83660724116307,68.82050217837582
490,Operations Manager,1,75.0,100.0,100.0,6.643150985148806,47.93803787231445,69.4371783286195,66.44181281326075,61.79647291077436,64.04373921014057,80.51847727158491,73.23114429149685
491,Accountant,0,66.66666666666666,100.0,100.0,2.022510956409931,41.45696258544922,64.85525436461221,63.879878509659804,56.069067955765256,58.653240428955534,75.94338555429496,68.98436467858214
491,Business Analyst,0,25.0,100.0,100.0,0.7955211929639749,42.441368103027344,50.2355333943987,63.82389752984415,37.79441674299837,41.45356869929259,58.960241429946,51.610974328170116
491,Customer Support Representative,0,66.66666666666666,100.0,100.0,4.7588691644345955,45.003570556640625,65.79769929149461,65.32979378178659,57.247124114368276,59.76199916646426,76.56925754921107,69.46725142117474
491,Market Research Analyst,0,33.33333333333333,100.0,100.0,10.310901701523969,50.52910614013672,55.79266784291576,67.88615565576785,44.74083480364471,47.99137393284207,63.818861867867255,56.72153167281795
491,Operations Manager,1,50.0,80.0,100.0,6.701718257185673,48.02961349487305,56.70969976280881,60.32261501970586,50.88712470351102,49.07023501506919,65.53463767556583,58.241479692444535
492,Accountant,0,66.66666666666666,100.0,100.0,2.4467049663625398,38.87489700317383,64.53157362876378,63.38190814681609,55.664467035954736,58.27243956325152,75.4877269221287,69.05922244504437
492,Business Analyst,0,25.0,100.0,100.0,0.9623708823444831,36.24849319458008,49.33162961153869,62.43327632544413,36.66453701442336,40.39015248416316,57.86738115198472,51.64041839100197
492,Customer Support Representative,0,66.66666666666666,100.0,100.0,5.329798885593469,43.91252899169922,65.71968251492723,65.20976797168294,57.14960314365905,59.670214723443806,76.37672080245672,69.56800372490865
492,Market Research Analyst,0,33.33333333333333,100.0,100.0,1.1558907320055731,30.325382232666016,51.388857611367406,61.11106299184729,39.236072014209256,42.810420719255774,60.25349882537244,55.10594150172647
492,Operations Manager,1,50.0,100.0,100.0,8.107311998014833,51.07747268676758,61.37771770271736,67.50418108110364,51.722147128396706,54.56202082672631,70.77837753295898,63.19540799964968
493,Accountant,0,66.66666666666666,8.333333333333332,100.0,2.0754995931133617,42.09734344482422,46.62592645569064,35.83475864978047,56.19907473627996,37.20697230081251,54.4877664902631,47.42508816349059
493,Business Analyst,0,25.0,8.333333333333332,100.0,0.816363395746734,38.57114791870117,31.32479336383385,34.730451328975164,37.072658371458985,19.205639251569238,36.70863394643746,30.046024912974914
493,Customer Support Representative,0,66.66666666666666,60.0,100.0,1.5304118934548547,29.737991333007812,55.02359381730273,48.75424689841446,53.77949227162842,47.086580961532626,64.46356709798177,59.48575896159007
493,Market Research Analyst,0,33.33333333333333,12.5,100.0,0.9805231022715777,33.37053680419922,34.31932565263728,34.85024459380095,39.77415706579661,22.72861841486739,40.20264374976065,34.486758978832235
493,Operations Manager,1,50.0,5.0,100.0,6.877299463751352,50.447357177734375,42.09869849622285,37.84415153265055,51.37337312027857,31.880821760262187,48.31423950195313,40.62540578772082
494,Accountant,0,66.66666666666666,8.333333333333332,100.0,1.1626725327848997,36.29913330078125,45.61927087503492,34.28605775646398,54.940755260460314,36.02267161768814,53.46455293543199,47.26400103519733
494,Business Analyst,0,50.0,8.333333333333332,70.0,0.8797511015901636,43.76971435546875,36.364086485225506,29.02167151573154,43.371774773198545,30.42833704144177,42.626028023514095,35.05721097871199
494,Customer Support Representative,0,66.66666666666666,60.0,100.0,3.6372893601964447,36.60932922363281,56.37032612090772,50.82614275011445,55.46290765113466,48.67097190695026,65.67615613750382,59.857560867485645
494,Market Research Analyst,0,66.66666666666666,12.5,100.0,9.771900939070651,45.43220901489258,49.11394982642781,39.662486912453055,58.26743728303477,40.134058619326844,56.056664335961436,49.76366879316932
494,Operations Manager,1,75.0,5.0,100.0,7.040720625459376,45.2036018371582,50.086648369392634,36.67176672214252,61.3583104617408,41.278409846344275,57.682988559498504,50.948362463316364
495,Accountant,0,100.0,100.0,100.0,2.664368782609678,37.06779479980469,75.95982453736215,63.01511467286485,69.9497806717027,71.71744063219077,88.8943167293773,82.82312390281348
495,Business Analyst,0,50.0,100.0,100.0,0.8487136243380766,39.231788635253906,58.51207533893879,63.09550052144429,48.140094173673496,51.19067686933976,68.68796270033893,61.91447887488319
495,Customer Support Representative,0,66.66666666666666,100.0,100.0,6.445517041324308,39.47804260253906,65.22186727991283,64.44389837935309,56.52733409989105,59.08454974107393,75.59416438084023,69.76489516415526
495,Market Research Analyst,0,66.66666666666666,100.0,100.0,9.42714984690624,39.52341079711914,65.67591742993713,65.14243707169817,57.094896787421426,59.61872638816134,75.60217053282494,70.29106565925797
495,Operations Manager,1,50.0,100.0,100.0,5.858942710812822,41.5271110534668,59.60790806464194,64.78139702252606,49.50988508080243,52.47989184075522,69.0930195976706,62.79863694896697
496,Accountant,0,66.66666666666666,8.333333333333332,100.0,1.4458462943851151,39.91522979736328,46.20416141376226,35.185889354506045,55.671868433869484,36.71077813383795,54.1026876112994,47.31397287547973
496,Business Analyst,0,50.0,8.333333333333332,70.0,1.0940181644857732,37.453521728515625,35.448797650616875,27.613534847102883,42.22766372993777,29.35152664778456,41.51140579522825,35.09502281334063
496,Customer Support Representative,0,33.33333333333333,60.0,100.0,1.1140508656664185,28.901905059814453,43.1690600554888,48.46522059818789,38.961325069360996,33.140070653516226,50.590532265457455,45.686793290019565
496,Market Research Analyst,0,66.66666666666666,12.5,100.0,1.31401051317573,28.999155044555664,45.38030816699304,33.918422821014936,53.6003852087413,35.741539019991805,53.15671363531374,48.271099894481985
496,Operations Manager,1,75.0,5.0,100.0,10.489743394322817,47.387535095214844,50.93159177343065,37.97167965143177,62.41448971678831,42.27246090991841,58.06838854621438,51.557013540174616
497,Accountant,0,66.66666666666666,100.0,100.0,1.442694828405163,33.82041549682617,63.62279988211803,61.983794690438,54.52849985264754,57.20329397896239,74.59575959747912,68.88204418540484
497,Business Analyst,0,50.0,100.0,100.0,1.0916335672846629,38.6578254699707,58.46241885558831,63.019105931674325,48.078023569485396,51.13225747716272,68.58667508293601,61.95734710010906
497,Customer Support Representative,0,33.33333333333333,100.0,100.0,4.8886767068930554,38.71417236328125,53.20709402719281,63.90834978542484,41.508867533991015,44.94952238493272,61.73387355430453,55.764668438471325
497,Market Research Analyst,0,66.66666666666666,100.0,100.0,12.125401220855164,44.00323486328125,66.7526287459538,66.7989160194161,58.440785932442246,60.885445583475054,76.39272772097121,70.76722766642543
497,Operations Manager,1,75.0,100.0,100.0,8.736433473891154,42.5762825012207,68.94690739626678,65.68754984041043,61.18363424533348,63.46694987796092,79.57228514727424,73.60054708362784
498,Accountant,0,66.66666666666666,100.0,100.0,1.8372604939407386,44.57514190673828,65.29519369343518,64.55670824631054,56.61899211679398,59.17081610992374,76.49365249334596,68.95167342049933
498,Business Analyst,0,25.0,100.0,70.0,0.7226559912039751,44.05109405517578,45.966062506956966,57.255480779933784,32.45757813369621,41.724779419949364,53.95019306856043,46.303998116094824
498,Customer Support Representative,0,66.66666666666666,100.0,100.0,4.322983904704411,43.70476531982422,65.53749571701262,64.92948059027584,56.92186964626578,59.4558773141325,76.34005662506702,69.39033049298705
498,Market Research Analyst,0,33.33333333333333,100.0,100.0,9.366481943189395,44.560401916503906,54.75569924562066,66.29081935223692,43.444624057025834,46.77141087720078,62.765561122520296,56.55486936252362
498,Operations Manager,1,50.0,80.0,100.0,8.864353358987511,51.129573822021484,57.49908907715135,61.537060118694384,51.8738613464392,49.998928326060415,66.0816894980038,58.6231211809978
499,Accountant,0,66.66666666666666,100.0,100.0,2.0453026683094024,42.515708923339844,65.01748507208072,64.12946421345751,56.27185634010089,58.844100084800836,76.13022314333448,68.98838674538793
499,Business Analyst,0,25.0,100.0,70.0,0.8298825286495556,47.33210372924805,46.47429793868464,58.03738144413022,33.0928724233558,42.32270345727605,54.52919477574966,46.322920446232274
499,Customer Support Representative,0,0.0,100.0,100.0,3.317287133911362,34.43604278564453,40.662999487933384,62.55846075066674,25.82874935991673,30.19176410345104,47.253419315113746,41.761874200102
499,Market Research Analyst,0,33.33333333333333,100.0,100.0,10.134268236498492,41.244197845458984,54.37343657896029,65.70272294199019,42.966795723700365,46.32169009289446,62.18034863939472,56.69036106134288
499,Operations Manager,1,50.0,100.0,100.0,7.419633072554088,46.513694763183594,60.58999917536065,66.29230642363177,50.73749896920082,53.635293147483125,69.97300495820888,63.074052895156605
500,Accountant,0,66.66666666666666,60.0,100.0,3.116059817457032,49.95816421508789,58.294466938215066,53.786359392125746,57.86808367276884,50.934666986135376,68.03183290070177,59.76557918347281
500,Business Analyst,0,25.0,60.0,100.0,0.93242354281328,46.45128631591797,42.85755647880969,52.473163813553356,38.57194559851211,32.77359585742316,50.25610934986788,42.223368860496464
500,Customer Support Representative,0,33.33333333333333,100.0,100.0,3.3708160472911834,35.82624053955078,52.546225154692955,62.89162844311737,40.6827814433662,44.17202959375642,61.22423852658739,55.49681067501216
500,Market Research Analyst,0,33.33333333333333,100.0,100.0,1.119921385002875,35.9520378112793,52.22746054610899,62.401221352988195,40.284325682636236,43.79701240718705,61.24643804512772,55.09959396990247
500,Operations Manager,1,25.0,20.0,100.0,5.38138676642228,46.2872200012207,35.50029101514645,41.154293869456076,39.37536376893306,24.117989429584057,40.81539176492131,33.59671531172158
501,Accountant,0,66.66666666666666,100.0,100.0,2.4498089916439523,40.812896728515625,64.82273919135726,63.82985516619067,56.02842398919658,58.61498728394972,75.82972687365961,69.05977021421167
501,Business Analyst,0,25.0,100.0,100.0,0.733060246920623,39.280174255371094,49.75198517534376,63.07997719283655,37.1899814691797,40.8846884415809,58.40238369212432,51.59995180828011
501,Customer Support Representative,0,33.33333333333333,100.0,100.0,3.691893202841238,32.88292694091797,52.152889688230545,62.28649695625213,40.19111211028818,43.709281986153584,60.70483024447572,55.553471349521
501,Market Research Analyst,0,33.33333333333333,100.0,100.0,0.8804688098553242,29.095130920410156,51.16300662620648,60.76359993775356,38.95375828275811,42.54471367788999,60.036395652621394,55.05733763311172
501,Operations Manager,1,50.0,80.0,100.0,6.553985491269124,47.110267639160156,56.549637969564394,60.07636610702214,50.687047461955494,48.881927023016935,65.3724001716165,58.21540920434162
502,Accountant,0,66.66666666666666,8.333333333333332,100.0,1.1860389639406232,37.229034423828125,45.76226100816531,34.50604257666458,55.119492926873306,36.1908953037239,53.62865313361672,47.26812452304835
502,Business Analyst,0,50.0,8.333333333333332,70.0,0.8974316117680723,41.078590393066406,35.96306996739184,28.404723026756674,42.87050412590647,29.95655290281393,42.151123794854854,35.06033106874339
502,Customer Support Representative,0,66.66666666666666,60.0,100.0,6.815503582360413,40.39060592651367,57.41424975966444,52.43217911743248,56.76781219958056,49.89911736431111,66.34344026154163,60.4184222008087
502,Market Research Analyst,0,66.66666666666666,12.5,100.0,1.0778930469347086,33.1512336730957,45.96770234133789,34.822106166160864,54.33462792667237,36.432590989809285,53.8894333932914,48.2294321063218
502,Operations Manager,1,75.0,5.0,100.0,10.086723108148622,46.28697204589844,50.706054273107064,37.62469888170316,62.13256784138383,42.0071226742436,57.874171537511494,51.485892313202704
503,Accountant,0,66.66666666666666,8.333333333333332,100.0,1.8960852168208315,33.0189094543457,45.23724920067498,33.69833210360253,54.463228167510394,35.573234353735266,52.88568990370806,47.393426802968385
503,Business Analyst,0,50.0,8.333333333333332,100.0,1.4346972265797515,37.76308822631836,40.04633448460139,34.68666843784828,47.9745847724184,29.466275864236923,46.86015282425227,40.44926029488663
503,Customer Support Representative,0,33.33333333333333,60.0,100.0,0.7029227872468248,24.525442123413086,42.45092140326565,47.36039190245997,38.063651754082066,32.295201650900765,49.81821527668074,45.61424127618081
503,Market Research Analyst,0,66.66666666666666,12.5,100.0,1.7231955557483531,28.72139549255371,45.40002199057864,33.94875178037739,53.6250274882233,35.76473175362192,53.10769724378398,48.343309019641865
503,Operations Manager,1,75.0,5.0,100.0,8.386451789905108,45.498836517333984,50.33279324608586,37.050451147824404,61.665991557607335,41.567992054218664,57.73508879717659,51.18584443351266
504,Accountant,0,33.33333333333333,100.0,100.0,0.9873039119114887,30.924928665161133,51.45350155322756,61.21051521009368,39.31687694153445,42.88647241556184,60.359301136989224,55.07619088641575
504,Business Analyst,0,25.0,100.0,100.0,0.747056182730948,35.489898681640625,49.185543229655735,62.208528045624206,36.48192903706967,40.21828615253616,57.73351153205423,51.602421679305465
504,Customer Support Representative,0,66.66666666666666,100.0,100.0,4.468947733312642,39.30217361450195,64.89900153550552,63.94718184949568,56.1237519193819,58.70470768883003,75.56312867706897,69.41608881568263
504,Market Research Analyst,0,33.33333333333333,100.0,100.0,9.68273747297057,46.22911834716797,55.053445039687446,66.74888980464735,43.81680629960931,47.12170004669112,63.060040492637484,56.61067916189677
504,Operations Manager,1,50.0,100.0,100.0,6.293433918834832,45.282249450683594,60.23635250542776,65.74823462373502,50.29544063178471,53.21923824167972,69.7556910795324,62.87531186802968
505,Accountant,0,66.66666666666666,60.0,100.0,1.7336047020819978,43.91313934326172,57.18034494013489,52.07232554892547,56.475431175168616,49.6239352236881,66.96506380567364,59.52161651605368
505,Business Analyst,0,25.0,60.0,70.0,0.562671246067629,45.832496643066406,38.2092751833701,45.321961820569385,32.761593979212634,32.59914727455306,44.852793525247016,36.86400080812958
505,Customer Support Representative,0,33.33333333333333,100.0,100.0,6.462082326016495,43.291465759277344,54.12969887946074,65.32774186583704,42.66212359932593,46.034939858189105,62.541631212421485,56.042328253610755
505,Market Research Analyst,0,33.33333333333333,100.0,100.0,0.6758168710499204,35.3147087097168,52.06524550378167,62.1516597494077,40.081556879727096,43.60617118091962,61.13396820367551,55.02122258508724
505,Operations Manager,1,50.0,20.0,100.0,9.636653066648293,48.546173095703125,45.227423924352706,42.65757526823494,51.53427990544089,35.56167520512084,51.508148193359375,44.641762305879105
506,Accountant,0,100.0,100.0,100.0,3.2083841470473407,44.35157775878906,77.13399428587546,64.82152967057763,71.41749285734433,73.09881680691231,90.17969019272748,82.91912661418483
506,Business Analyst,0,50.0,100.0,70.0,1.1866943984048102,51.20016860961914,55.85802945120359,59.01235300185168,44.82253681400449,53.362387589651284,65.50591210757986,56.68000489383614
506,Customer Support Representative,0,33.33333333333333,100.0,100.0,6.00878638001299,40.108306884765625,53.58423065638346,64.48855998417969,41.98028832047932,45.39321253692172,61.97989729339002,55.96233485137484
506,Market Research Analyst,0,66.66666666666666,100.0,100.0,10.363608868959465,48.897544860839844,67.22250639280323,67.52180470687676,59.028132991004036,61.43824281506262,77.25642948524624,70.45632313373794
506,Operations Manager,1,75.0,80.0,100.0,7.57680956312341,45.765106201171875,65.2512873646443,60.001980560991214,61.564109205805366,59.11916160546387,75.42913638844209,68.69002521702178
507,Accountant,0,66.66666666666666,60.0,100.0,1.9184355712844416,44.374305725097656,57.27724452779064,52.22140183762664,56.59655565973831,49.73793473857723,67.04644610835057,59.55423372826588
507,Business Analyst,0,25.0,60.0,70.0,0.754584863659644,46.08401107788086,38.27578939123108,45.42429137112473,32.84473673903885,32.677399283801265,44.89717842550839,36.89786791711641
507,Customer Support Representative,0,66.66666666666666,100.0,100.0,4.179039120158317,37.650657653808594,64.60778784942836,63.49916079399236,55.75973481178546,58.36210335226866,75.27168468400544,69.3649284721848
507,Market Research Analyst,0,33.33333333333333,100.0,100.0,0.9063217377182232,36.299102783203125,52.24748034480487,62.432021043289545,40.30935043100609,43.820565111535146,61.30768480487899,55.06189991449929
507,Operations Manager,1,50.0,20.0,100.0,7.14139023430918,52.93693542480469,45.51174884886708,43.094998229026274,51.88968606108385,35.89617511631421,52.2829886043773,44.20142180605456
508,Accountant,0,66.66666666666666,8.333333333333332,100.0,1.6481854185109706,39.162193298339844,46.12155680752762,35.05880534491429,55.568612676076185,36.61359624415014,53.96979881735409,47.34967977973723
508,Business Analyst,0,25.0,8.333333333333332,70.0,0.5036605009915086,37.72701644897461,26.65126820916158,27.540412629479363,31.230751928118647,19.001492010778335,31.26555192236807,24.696724402135754
508,Customer Support Representative,0,66.66666666666666,60.0,100.0,4.814708968372996,41.209102630615234,57.23690507318156,52.15934113822805,56.54613134147696,49.69047655668419,66.48788085638307,60.06534079834033
508,Market Research Analyst,0,33.33333333333333,12.5,100.0,10.070126642746398,53.315120697021484,38.674453767631846,41.550441693792585,45.21806720953981,27.852298550155112,43.72227620143516,36.090806662445445
508,Operations Manager,1,25.0,5.0,100.0,4.515905032009853,40.3759651184082,31.483780522562707,34.97504695778878,38.10472565320339,19.392682967720834,36.24281737383674,29.914571476237032
509,Accountant,0,66.66666666666666,100.0,100.0,1.8689214655271797,39.57939147949219,64.55058027508623,63.41114914115831,55.688225343857795,58.29480032363087,75.61204947677312,68.9572606507793
509,Business Analyst,0,25.0,100.0,100.0,0.7351093100881172,37.703025817871094,49.515720269193885,62.716492721836744,36.894650336492354,40.60672972846339,58.12406337962432,51.60031340766261
509,Customer Support Representative,0,66.66666666666666,100.0,100.0,4.397480619256801,41.362117767333984,65.19727309132195,64.40606116613634,56.49659136415244,59.05561540155523,75.92664823345109,69.4034769720257
509,Market Research Analyst,0,33.33333333333333,100.0,100.0,9.527891781177125,39.73035430908203,54.055403580205535,65.21344140544441,42.56925447525692,45.94753362377122,61.913199780034084,56.58335345158027
509,Operations Manager,1,50.0,100.0,100.0,6.9570736189334985,49.84754180908203,61.02069231420233,66.95491125261897,51.27586539275291,54.14199095788509,70.56133090748506,62.99242475628238
510,Accountant,0,66.66666666666666,60.0,100.0,1.976302433196259,43.48206329345703,57.15208819233133,52.028853629227676,56.440110240414164,49.59069199097803,66.88899156159046,59.56444552742679
510,Business Analyst,0,25.0,60.0,100.0,0.6414429721824951,41.45085525512695,42.06384473409641,51.25206882168679,37.579805917620526,31.83981733423108,49.37368033914005,42.17201934803221
510,Customer Support Representative,0,33.33333333333333,100.0,100.0,7.366748030322821,41.25589370727539,53.960062927306396,65.06676347790727,42.450078659133,45.83536814977223,62.18241261500938,56.20197514260599
510,Market Research Analyst,0,33.33333333333333,100.0,100.0,0.7704285325524379,31.32442283630371,51.48089437199509,61.25265800819758,39.35111796499386,42.91869926117069,60.429800108367324,55.03791876064651
510,Operations Manager,1,50.0,20.0,100.0,7.433887544247531,47.480369567871094,44.73713856681779,41.903290102796596,50.92142320852224,34.98486890213858,51.32006521785961,44.253038978396624
511,Accountant,0,66.66666666666666,100.0,100.0,1.7028915666078628,45.10862350463867,65.3550605940203,64.64881117028766,56.69382574252539,59.241247757670955,76.58779630474015,68.92796125685237
511,Business Analyst,0,25.0,100.0,70.0,0.5527027692937015,49.28446960449219,46.72557585606788,58.42396285548905,33.40696982008486,42.61832453655045,54.873729930204505,46.274006371051826
511,Customer Support Representative,0,33.33333333333333,100.0,100.0,6.347597859237185,42.09536361694336,53.93311088809375,65.02529880219552,42.41638861011718,45.80365986834559,62.33055436377432,56.02212511241441
511,Market Research Analyst,0,33.33333333333333,100.0,100.0,10.031659930399774,45.18151092529297,54.948642295020576,66.58765481285216,43.685802868775724,46.99840270002421,62.87516859465955,56.6722537132078
511,Operations Manager,1,25.0,80.0,100.0,7.597775768432889,44.816986083984375,47.61221427786259,59.78802196594245,39.51526784732824,38.367310915132464,54.673585779526654,48.105489841488165
512,Accountant,0,33.33333333333333,100.0,100.0,1.2625303673541013,34.9109992980957,52.092696116484134,62.19389146125764,40.11587014560517,43.6384660193931,61.06272536633061,55.124760260905624
512,Business Analyst,0,25.0,100.0,100.0,0.9553098143725495,37.08235168457031,49.45564922484143,62.62407573052528,36.81956153105179,40.536057911578155,58.01453265021829,51.63917232018339
512,Customer Support Representative,0,33.33333333333333,100.0,100.0,3.4535524947235254,33.07154083251953,52.145430665753125,62.27502153705609,40.18178833219141,43.70050666559191,60.738115048876,55.511411224559055
512,Market Research Analyst,0,33.33333333333333,100.0,100.0,1.1474097781690067,29.377599716186523,51.245418090819996,60.89038680638974,39.05677261352499,42.64166834214117,60.08624308717017,55.10444486281414
512,Operations Manager,1,50.0,100.0,100.0,7.611103069765206,46.927947998046875,60.68085766017181,66.43208870795662,50.851072075214766,53.74218548255507,70.04610847024357,63.10784171819386
513,Accountant,0,66.66666666666666,100.0,100.0,1.8448501601748883,42.61454391479492,65.0022424445788,64.10601401730074,56.25280305572351,58.82616758185742,76.14766461241479,68.9530127733642
513,Business Analyst,0,25.0,100.0,70.0,0.5987778743256839,43.51154327392578,45.86654817223772,57.10238180344265,32.333185215297156,41.60770373204438,53.85497822481043,46.28213727193983
513,Customer Support Representative,0,33.33333333333333,100.0,100.0,1.0974455289933085,28.80854034423828,51.1525645476514,60.74753520151498,38.94070568456426,42.53242887958989,59.98582084506166,55.09562764237136
513,Market Research Analyst,0,33.33333333333333,100.0,100.0,10.867931812172602,52.2618293762207,56.13613084492566,68.41456027424461,45.17016355615708,48.395448052853716,64.12463655658797,56.819831104108886
513,Operations Manager,1,25.0,80.0,100.0,4.915541883618198,37.647361755371094,46.13443554584839,57.514516224382135,37.668044432310495,36.62874770099811,53.408357956830194,47.632154450050265
514,Accountant,0,100.0,8.333333333333332,100.0,3.611246300429906,44.2296257019043,58.842797467016794,36.68122687233354,71.47016350043766,51.57976172590211,68.58954179053214,61.421592484389585
514,Business Analyst,0,50.0,8.333333333333332,100.0,1.1503339762948785,39.03338623046875,40.194224697681214,34.91419184258648,48.159447538768184,29.640264350213194,47.084323060278805,40.39907854483636
514,Customer Support Representative,0,66.66666666666666,60.0,100.0,1.8165916515461678,27.495988845825195,54.730220407939036,48.30290319170108,53.4127755099238,46.741435774045925,64.06791960024366,59.53626127184148
514,Market Research Analyst,0,66.66666666666666,12.5,100.0,1.3816506778250734,30.93952751159668,45.68151006174659,34.381810351405015,53.97688757718325,36.0958941902901,53.49913230596803,48.28303639412599
514,Operations Manager,1,75.0,5.0,100.0,10.022237375516866,45.66475296020508,50.603048550358295,37.46622853901275,62.003810687947876,41.88593947100975,57.764368169447955,51.474512478032395
515,Accountant,0,100.0,60.0,100.0,2.0728115781557004,41.65411376953125,68.55903880215304,51.62929046485083,70.69879850269132,63.01063388488594,80.29190242991727,73.3069667490863
515,Business Analyst,0,50.0,60.0,100.0,0.8820647020081553,45.633460998535156,51.477328855081495,52.272813623202296,49.34666106885187,42.914504535389995,60.40590488209444,52.50859965329556
515,Customer Support Representative,0,66.66666666666666,100.0,100.0,6.698800284699456,43.705108642578125,65.89391967242497,65.47782513706406,57.36739959053122,59.875199614617614,76.34011721143536,69.80959220710382
515,Market Research Analyst,0,66.66666666666666,100.0,100.0,9.797599428173246,45.22414016723633,66.58659427264476,66.54347836817144,58.233242840805964,60.690110908993844,76.60818159813974,70.35643911477567
515,Operations Manager,1,50.0,20.0,100.0,6.089175910574706,44.130924224853516,44.03301502031424,40.82002310817574,50.0412687753928,34.15648825919321,50.72898662791533,44.01573692539554
516,Accountant,0,66.66666666666666,100.0,100.0,1.2800283667550698,34.04039001464844,63.63139609054385,61.99701962647772,54.53924511317982,57.21340716534571,74.63457863003599,68.85333833923129
516,Business Analyst,0,50.0,100.0,100.0,0.9685499003077988,43.7215690612793,59.203517844238064,64.15925822190471,49.00439730529759,52.004138640280075,69.48027689316694,61.93562645299549
516,Customer Support Representative,0,66.66666666666666,100.0,100.0,4.004423797641396,37.22834014892578,64.5182479253184,63.36140706459243,55.647809906648014,58.25676226508048,75.19715806549671,69.33411400350533
516,Market Research Analyst,0,66.66666666666666,100.0,100.0,10.758240215041734,53.896488189697266,68.03154259404418,68.766475785709,60.03942824255523,62.39005011064022,78.13859595504461,70.52596395951717
516,Operations Manager,1,50.0,80.0,100.0,5.8379425227963315,37.51755905151367,55.003325236146495,57.697423440225386,48.75415654518312,47.062735571937054,63.679569244384766,58.08904868049347
517,Accountant,0,100.0,100.0,100.0,2.411080841561479,46.44877243041992,77.32897799079721,65.12150460122648,71.66122248849652,73.3282094009379,90.54978337007411,82.7784260308638
517,Business Analyst,0,50.0,100.0,70.0,1.0260118799229072,47.227909088134766,55.23808814520865,58.058597146474845,44.04761018151082,52.63304487671606,64.80492513320026,56.651649155280516
517,Customer Support Representative,0,33.33333333333333,100.0,100.0,4.594802256631875,39.58456802368164,53.2935722087137,64.04139314161081,41.616965260892115,45.05126142201612,61.88747278849284,55.71280824136641
517,Market Research Analyst,0,66.66666666666666,100.0,100.0,11.396503436931194,50.941688537597656,67.68406212951265,68.2318904556605,59.605077661890824,61.98124956413253,77.61716072232115,70.63859864573296
517,Operations Manager,1,50.0,80.0,100.0,5.456466544252424,40.94176483154297,55.459734706369304,58.399591855952785,49.32466838296163,47.599687889846244,64.28384085262523,58.02172939016219
518,Accountant,0,66.66666666666666,8.333333333333332,100.0,2.105912985111379,40.94126510620117,46.457076713696885,35.57498981594392,55.98801255878777,37.00832554552574,54.283752665800215,47.430455232666716
518,Business Analyst,0,25.0,8.333333333333332,100.0,0.8283259998590454,37.66651916503906,31.19089344140138,34.52445144830982,36.905283468418396,19.04810993106045,36.54899357814415,30.048135960759435
518,Customer Support Representative,0,66.66666666666666,60.0,100.0,1.5528378274268535,31.118696212768555,55.23406343936264,49.07804631696817,54.04257929920331,47.33419228160311,64.70722090029248,59.48971647934983
518,Market Research Analyst,0,33.33333333333333,12.5,100.0,10.736091051882186,49.40892028808594,38.18841836766188,40.802694924608026,44.61052295957736,27.280492197249274,43.032946717505354,36.2083297934694
518,Operations Manager,1,25.0,5.0,100.0,5.0354640846712995,40.70754623413086,31.611451547820323,35.17146391972357,38.26431443477541,19.542884173906263,36.30133168837603,30.006258367883174
519,Accountant,0,100.0,100.0,100.0,3.51132570924593,32.16962814331055,75.35214307788347,62.080220119820716,69.19017884735435,71.0025212680982,88.02993437823127,82.97258688986693
519,Business Analyst,0,50.0,100.0,100.0,0.8937739331590691,40.655517578125,58.732393726692614,63.4344518872194,48.41549215836577,51.44987497257954,68.939208984375,61.9224306940869
519,Customer Support Representative,0,66.66666666666666,100.0,100.0,6.453528435321719,40.62303161621094,65.39481734106323,64.70997539650753,56.74352167632903,59.288020401250854,75.79622126560585,69.76630893956657
519,Market Research Analyst,0,66.66666666666666,100.0,100.0,9.927660586008216,44.76225280761719,66.53682034237714,66.46690309083664,58.17102542797143,60.63155334397311,76.5266720640893,70.37939108380537
519,Operations Manager,1,50.0,100.0,100.0,5.387229763276082,39.361732482910156,59.21234433692794,64.1728374414276,49.015430421159934,52.01452274932699,68.71089396757239,62.71539348763696
520,Accountant,0,66.66666666666666,100.0,100.0,1.434356539646401,37.81643295288086,64.22095175721242,62.90402834442936,55.27618969651553,57.90700206730873,75.3009391485476,68.8805727226827
520,Business Analyst,0,50.0,100.0,100.0,1.0853242940249541,36.15274429321289,58.08571028808568,62.43955428936258,47.6071378601071,50.68907092715963,68.1446019340964,61.95623369894558
520,Customer Support Representative,0,66.66666666666666,100.0,100.0,4.487222010730382,34.25143814086914,64.14413235607326,62.78584465036912,55.180165445091575,57.81662630126266,74.67182241701612,69.4193136881681
520,Market Research Analyst,0,66.66666666666666,100.0,100.0,1.3035684222155,28.496318817138672,62.80331641923645,60.72305090138942,53.50414552404557,56.239195787337,73.6562131245931,68.85749246666548
520,Operations Manager,1,50.0,80.0,100.0,6.541801145298379,44.10076904296875,56.09638552824007,59.379054658830874,50.12048191030009,48.34868885675302,64.84131218405331,58.21325902564089
521,Accountant,0,66.66666666666666,100.0,100.0,1.6298538519970318,36.35263442993164,64.03070657562263,62.61134344967585,55.03838321952829,57.68318420661486,75.04262176214479,68.91507224839162
521,Business Analyst,0,25.0,100.0,70.0,0.4980586519090729,39.43531036376953,45.240005352351794,56.1384697728489,31.55000669043974,40.87059453217857,53.135643005371094,46.26436329151337
521,Customer Support Representative,0,66.66666666666666,100.0,100.0,3.553054048717067,42.94288635253906,65.30772439352174,64.57598624644372,56.63465549190219,59.18555811002558,76.20560739554611,69.25446051840105
521,Market Research Analyst,0,33.33333333333333,100.0,100.0,9.958123955256257,55.289031982421875,56.453740057318385,68.90318983177187,45.56717507164799,48.769105949786336,64.6588487812117,56.65927677641778
521,Operations Manager,1,50.0,100.0,100.0,7.1597440190696595,45.291770935058594,60.36772724311924,65.95034960479883,50.45965905389905,53.37379675661087,69.75737134148093,63.028190121012294
522,Accountant,0,66.66666666666666,100.0,100.0,3.1098556987333317,41.551353454589844,65.03251470633181,64.15258672768996,56.29064338291476,58.86178200744918,75.96004276649624,69.17624904487451
522,Business Analyst,0,25.0,100.0,100.0,0.9305670744849192,45.73802185058594,50.750288338760626,64.61582821347788,38.43786042345079,42.05916275148309,59.542003855985755,51.63480595432087
522,Customer Support Representative,0,0.0,100.0,100.0,3.719753190193891,34.23450469970703,40.69313868348514,62.60482874382329,25.866423354356424,30.22722198057075,47.217853770536536,41.83289762179892
522,Market Research Analyst,0,33.33333333333333,100.0,100.0,11.36379670533614,42.63434600830078,54.7663880737122,66.30726370314697,43.457985092140255,46.78398596907318,62.425668903425624,56.90733667349069
522,Operations Manager,1,50.0,100.0,100.0,7.413973781779368,42.73517608642578,60.02237248023077,65.41903458497042,50.02796560028847,52.967497035565614,69.30620754466338,63.0730541967846
523,Accountant,0,66.66666666666666,100.0,100.0,3.0117798604513224,44.859230041503906,65.51398481862661,64.89330997737427,56.89248102328327,59.42821743367837,76.54378569359872,69.15894154400121
523,Business Analyst,0,25.0,100.0,70.0,0.6796253794700048,44.18315887451172,45.97941763809726,57.27602713553424,32.474272047621575,41.74049133893796,53.97349862491384,46.296404478730004
523,Customer Support Representative,0,33.33333333333333,100.0,100.0,3.7820476896219457,36.468727111816406,52.70428288688242,63.13479418494731,40.88035360860302,44.357979866920495,61.33761850992838,55.56938096483525
523,Market Research Analyst,0,33.33333333333333,100.0,100.0,0.8162889087535294,34.45907974243164,51.95797196434444,61.98662353488888,39.94746495543055,43.47996701687581,60.982974856507546,55.0460117682114
523,Operations Manager,1,50.0,100.0,100.0,7.8763956614979715,49.167518615722656,61.056587141583094,67.010134063974,51.320733926978875,54.184220166568345,70.4413268145393,63.154658057911405
524,Accountant,0,100.0,8.333333333333332,100.0,3.5159349029578726,48.09595489501953,59.40845013636328,37.5514617482512,72.17722933712078,52.24523545454503,69.27183517755246,61.40477282601218
524,Business Analyst,0,50.0,8.333333333333332,100.0,1.1199732836921132,34.78271484375,39.55206988578299,33.92626136274305,47.356754023895405,28.88478810092116,46.33420458026961,40.39372077555352
524,Customer Support Representative,0,33.33333333333333,60.0,100.0,1.1404812522531798,23.86693000793457,42.41777835569483,47.30940259850487,38.02222294461854,32.25620983022921,49.702007256302174,45.691457475887816
524,Market Research Analyst,0,66.66666666666666,12.5,100.0,1.3451848580038077,25.407716751098633,44.84626857469869,33.096823448254405,52.93283571837337,35.11325714670435,52.52293040705661,48.276601249451645
524,Operations Manager,1,50.0,5.0,100.0,7.545130747036291,42.64950180053711,41.02919488213601,36.19876135713233,50.03649360267002,30.62258221427766,46.938147376565375,40.74325836712405
525,Accountant,0,100.0,100.0,100.0,3.5326814823083557,41.765098571777344,76.79466700811285,64.299487704789,70.99333376014107,72.69960824483866,89.72325268913718,82.97635555570147
525,Business Analyst,0,50.0,100.0,100.0,1.3066431992758099,41.37531661987305,58.90229397287233,63.69583688134204,48.627867466090414,51.64975761514392,69.06623234468348,61.99528997634279
525,Customer Support Representative,0,33.33333333333333,100.0,100.0,1.0116566623804497,29.397314071655273,51.22801227677203,60.863608630931324,39.035015345965036,42.621190913849446,60.089722091076425,55.08048843061616
525,Market Research Analyst,0,66.66666666666666,100.0,100.0,11.411142638562453,47.44712829589844,67.16207397350246,67.42883175410635,58.95259246687808,61.367145851179366,77.00047362084482,70.6411820342561
525,Operations Manager,1,50.0,100.0,100.0,5.675254062577253,39.659603118896484,59.30022857722106,64.30804396495547,49.12528572152633,52.11791597320125,68.76345937392291,62.76622130516069
526,Accountant,0,100.0,100.0,100.0,3.3027907740839373,40.20695495605469,76.5264618595208,63.886864399262755,70.65807732440099,72.38407277590682,89.44828616871554,82.93578660719128
526,Business Analyst,0,50.0,100.0,100.0,1.0520779055058418,49.130184173583984,60.02733931186347,65.42667586440534,50.03417413982935,52.973340366898206,70.43473838357365,61.950366689206916
526,Customer Support Representative,0,33.33333333333333,100.0,100.0,3.366292425695568,32.32889175415039,52.02094429364356,62.08350404150291,40.02618036705445,43.5540521101689,60.607059329163796,55.496012388848236
526,Market Research Analyst,0,66.66666666666666,100.0,100.0,1.2636366318144032,40.856231689453125,64.65131358152345,63.56612345875405,55.81414197690433,58.41331009590996,75.8373742197074,68.85044568012411
526,Operations Manager,1,75.0,80.0,100.0,7.673547093619204,46.092063903808594,65.31484164961417,60.099756384021795,61.64355206201771,59.193931352487255,75.48683480655446,68.7070965459328
527,Accountant,0,100.0,100.0,100.0,2.4333696560510667,40.06268310546875,76.37440791422797,63.652935252658416,70.46800989278498,72.20518578144467,89.42282643037684,82.78235935106784
527,Business Analyst,0,50.0,100.0,100.0,1.156833149031239,42.435489654541016,59.038848420535835,63.9059206469782,48.7985605256698,51.810409906512746,69.25332170374253,61.96885290865257
527,Customer Support Representative,0,33.33333333333333,100.0,100.0,5.857584968118504,40.17158508300781,53.57104217433561,64.46827001179838,41.96380271791952,45.37769667568895,61.99106403425628,55.93565224927581
527,Market Research Analyst,0,66.66666666666666,100.0,100.0,1.389456746846365,32.28312301635742,63.3842202978139,61.616749176123946,54.23027537226738,56.922612115075175,74.32447268916111,68.87264922983563
527,Operations Manager,1,75.0,100.0,100.0,7.532542627219771,48.45997619628906,69.64887782352632,66.76750434388664,62.0610972794079,64.29279743944274,80.61058403463925,73.38809575774467
528,Accountant,0,0.0,60.0,100.0,0.5881617937395023,34.91207504272461,32.325035525469616,49.73082388533787,25.406294406837024,20.382394735846606,37.92566030165729,31.86849914007168
528,Business Analyst,0,0.0,60.0,100.0,0.4450401737075369,41.36386489868164,33.27133576085838,51.186670401320576,26.589169701072976,21.49568913042162,39.06421145270853,31.84324238359545
528,Customer Support Representative,0,33.33333333333333,100.0,100.0,4.334340557055679,39.879093170166016,53.298681725749915,64.04925393705115,41.6233521571874,45.05727261852931,61.93944781434302,55.66684441202943
528,Market Research Analyst,0,0.0,100.0,100.0,0.5345317710626195,36.22063446044922,40.51327493472678,62.32811528419504,25.641593668408472,30.015617570266794,47.56834725772634,41.27079972430517
528,Operations Manager,1,25.0,20.0,100.0,6.856561519064103,50.25661087036133,36.31697585841381,42.4107320898674,40.39621982301727,25.07879512754566,41.51587250653435,33.857040268070136
529,Accountant,0,66.66666666666666,100.0,100.0,1.137120709640895,34.21908187866211,63.63676372157878,62.00527752037762,54.54595465197348,57.2197220253868,74.66611248839135,68.82811934091701
529,Business Analyst,0,50.0,100.0,70.0,0.8604169865021158,42.30299758911133,54.47451218634202,56.883864902064644,43.093140232927524,51.734720219225906,63.93582310396083,56.62242652702979
529,Customer Support Representative,0,66.66666666666666,100.0,100.0,6.534397693296801,42.50431823730469,65.68914072292355,65.16278059936957,57.11142590365445,59.63428320343948,76.12821302226945,69.78057998509159
529,Market Research Analyst,0,66.66666666666666,100.0,100.0,9.55714581453202,45.19172286987305,66.54566363599409,66.48050815793962,58.18207954499262,60.64195721881658,76.60246089860505,70.3140061241331
529,Operations Manager,1,50.0,100.0,100.0,5.796529930364033,41.355865478515625,59.57285931133195,64.72747586358761,49.466074139164945,52.43865801333171,69.0627997903263,62.78762292888777
530,Accountant,0,66.66666666666666,100.0,100.0,2.8422452626471095,37.093467712402344,64.32369027959075,63.0620876096268,55.404612849488444,58.027870917165586,75.17335704728669,69.12902367380048
530,Business Analyst,0,25.0,100.0,100.0,0.49156504539240775,42.591609954833984,50.21247625003396,63.78842500005224,37.76559531254245,41.426442647098774,58.986754697911884,51.557335008010426
530,Customer Support Representative,0,0.0,100.0,100.0,5.488216148983901,40.26910400390625,41.86359802293352,64.40553541989773,27.329497528666906,31.60423296815708,48.282783059512866,42.14497932040893
530,Market Research Analyst,0,33.33333333333333,100.0,100.0,8.921998663675517,43.72187805175781,54.56324817398166,65.9947407804846,43.204060217477085,46.54499785174313,62.61758632285922,56.47643113672705
530,Operations Manager,1,50.0,100.0,100.0,5.69690436500789,45.71397399902344,60.211631754604696,65.71020269939184,50.26453969325588,53.19015500541729,69.83187776453354,62.7700419467661
531,Accountant,0,66.66666666666666,8.333333333333332,100.0,1.9390829120635662,33.59131622314453,45.329559870281216,33.84034851838136,54.57861650451819,35.68183514150731,52.98670286290786,47.401014631540626
531,Business Analyst,0,50.0,8.333333333333332,100.0,1.467231984810453,34.872901916503906,39.61768675186383,34.0272103874828,47.43877510649645,28.96198441395744,46.350119946049716,40.4550017228097
531,Customer Support Representative,0,66.66666666666666,60.0,100.0,1.3445550973170417,27.83095932006836,54.70966049594114,48.27127255785816,53.38707561992643,46.71724764228369,64.12703203687481,59.4529607034481
531,Market Research Analyst,0,66.66666666666666,12.5,100.0,1.7622726165747307,28.868043899536133,45.42788081074996,33.99161150371789,53.659851013437454,35.797506836176424,53.133576374427946,48.3502049715524
531,Operations Manager,1,75.0,5.0,100.0,9.367986693773979,45.699256896972656,50.51008653861199,37.32321005940307,61.887608173264994,41.77657239836705,57.770457099465766,51.35905647537188
532,Accountant,0,0.0,100.0,100.0,0.6341919204125541,33.13829040527344,40.0658723488529,61.63980361361984,25.082340436066126,29.48926158688576,47.0244041891659,41.28838680948457
532,Business Analyst,0,0.0,100.0,100.0,0.47986946011886716,38.1659049987793,40.79686616883472,62.76440949051495,25.99608271104341,30.34925431627615,47.91163029390223,41.26115343413862
532,Customer Support Representative,0,33.33333333333333,100.0,100.0,4.673550357843559,41.57671356201172,53.60420625464496,64.51929167381276,42.0052578183062,45.416713240758774,62.23902788349226,55.72670496510965
532,Market Research Analyst,0,0.0,100.0,100.0,0.5763647588470666,31.202974319458008,39.76690086174576,61.17984747960886,24.708626077182203,29.13753042558325,46.68287782108083,41.27818201626713
532,Operations Manager,1,25.0,80.0,100.0,7.3931628396930265,52.49728012084961,48.73356644408139,61.5131791447406,40.91695805510174,39.68654875774281,56.02893178603229,48.06938167759289
533,Accountant,0,66.66666666666666,60.0,100.0,2.4404878845529785,44.303401947021484,57.3449168080695,52.32551303805565,56.68114601008688,49.81754918596412,67.03393367692536,59.64636060707797
533,Business Analyst,0,25.0,60.0,100.0,0.9599254961663657,40.91004180908203,42.03049509578726,51.20076168582655,37.53811886973408,31.800582465632072,49.27824267219095,42.2282221463823
533,Customer Support Representative,0,66.66666666666666,100.0,100.0,1.3734509073339576,30.580642700195312,63.12644737446272,61.22017544789137,53.90805921807841,56.619349852309085,74.02403498630898,68.86982466992167
533,Market Research Analyst,0,33.33333333333333,100.0,100.0,1.152953611534332,32.00845718383789,51.6408782859725,61.498787106624356,39.55109785746563,43.10691563055588,60.550512052049825,55.10542318634919
533,Operations Manager,1,25.0,20.0,100.0,9.523542114624371,47.75735092163086,36.342133955438285,42.449436854520435,40.42766744429786,25.108392888750924,41.07482663322897,34.32768390258077
534,Accountant,0,100.0,100.0,100.0,2.4999583436295625,43.827964782714844,76.94918846895166,64.5372130291564,71.18648558618958,72.88139819876666,90.08728790283203,82.79411029593463
534,Business Analyst,0,50.0,100.0,100.0,1.1884896632602762,48.653465270996094,59.97629324013845,65.34814344636685,49.97036655017307,52.91328616486877,70.35061151841107,61.97443935234005
534,Customer Support Representative,0,33.33333333333333,100.0,100.0,6.0178766420269865,36.599273681640625,53.059239215216806,63.68088084392329,41.32404901902101,44.77557554731389,61.360656139897365,55.96393901525966
534,Market Research Analyst,0,66.66666666666666,100.0,100.0,1.4274789606064118,37.82449722290039,64.22112976085936,62.904302196193875,55.27641220107419,57.90721148336394,75.30236225502163,68.87935903226388
534,Operations Manager,1,75.0,80.0,100.0,6.947257636716992,47.10639572143555,65.35804800372289,60.16622769803519,61.6975600046536,59.24476235732104,75.66583453907687,68.57892781824418
535,Accountant,0,100.0,8.333333333333332,100.0,3.22369938680536,41.59833908081055,58.38997243680905,35.984572979706236,70.904132212678,51.04702639624595,68.12519709269206,61.3532018525735
535,Business Analyst,0,50.0,8.333333333333332,100.0,1.1923590907851767,39.72373580932617,40.30408090168337,35.08320138720518,48.296767793770876,29.7695069431569,47.20614945654776,40.40649474151112
535,Customer Support Representative,0,66.66666666666666,60.0,100.0,4.56839115737937,32.354087829589844,55.87170518137871,50.05903361237752,54.83963147672339,48.084359036916126,64.9252311856139,60.02187294934145
535,Market Research Analyst,0,66.66666666666666,12.5,100.0,1.4321264779993983,32.059837341308594,45.85712790622953,34.65199165060953,54.19640988278692,36.30250341909356,53.69683404062308,48.2919438882744
535,Operations Manager,1,50.0,5.0,100.0,5.821975537760749,42.18104934692383,40.700453732702684,35.69300574261951,49.62556716587836,30.235827920826686,46.855479296515966,40.43917215372249
536,Accountant,0,66.66666666666666,60.0,100.0,1.347434311271221,43.67753219604492,57.087078309430744,51.92883842476527,56.35884788678843,49.51420977580088,66.92348607381184,59.45346880002825
536,Business Analyst,0,50.0,60.0,70.0,1.0195534737729512,45.093345642089844,46.91693486737942,45.25682287289141,43.64616858422428,42.84345278515226,55.0164727603688,47.238744730665815
536,Customer Support Representative,0,66.66666666666666,100.0,100.0,4.215295662151114,39.58222961425781,64.90296212479467,63.95327506378668,56.128702655993344,58.70936720564079,75.61255032408471,69.37132668547764
536,Market Research Analyst,0,66.66666666666666,100.0,100.0,1.2245719740057526,36.17890548706055,63.94385495249327,62.477725567938364,54.92981869061659,57.58100582646267,75.01196371340284,68.8435519169814
536,Operations Manager,1,50.0,20.0,100.0,7.761552151010605,49.02162170410156,45.017476078266824,42.33457858194896,51.271845097833534,35.314677739137444,51.5920508889591,44.31086214429599
537,Accountant,0,66.66666666666666,60.0,100.0,2.197383954417447,49.293983459472656,58.05703844541685,53.42108478782079,57.57129805677107,50.65533934754924,67.9146245320638,59.603459913524645
537,Business Analyst,0,25.0,60.0,100.0,0.8643045909234419,42.47453308105469,42.25082565079672,51.53973177045649,37.8135320634959,32.05979488329026,49.55432936724495,42.21134786898649
537,Customer Support Representative,0,66.66666666666666,100.0,100.0,1.6202858094916732,32.808631896972656,63.49767098930298,61.79128870149177,54.37208873662873,57.05608351682704,74.41720955044616,68.91338377030245
537,Market Research Analyst,0,33.33333333333333,100.0,100.0,11.20241642335613,45.92552185058594,55.235857407757976,67.02952421706355,44.04482175969748,47.33630283265644,63.00646464029948,56.8788578002001
537,Operations Manager,1,25.0,20.0,100.0,5.254180994623025,47.11905288696289,35.605985082237886,41.316900126519826,39.50748135279736,24.242335390868103,40.96218580358169,33.57426723434524
538,Accountant,0,66.66666666666666,60.0,100.0,1.6075534245920433,42.13700866699219,56.895017647070965,51.63336048267328,56.11877205883871,49.28825605537761,66.6516289804496,59.49937217296722
538,Business Analyst,0,50.0,60.0,70.0,1.2163759410075725,41.801780700683594,46.452723496253675,44.54265153269796,43.0659043703171,42.297321760298445,54.435608358944165,47.27347810723663
538,Customer Support Representative,0,66.66666666666666,100.0,100.0,4.660409046144612,40.8773078918457,65.16399087403187,64.35485775492084,56.45498859253985,59.01645985180221,75.84109354954138,69.44987610618237
538,Market Research Analyst,0,66.66666666666666,100.0,100.0,1.4609727940022301,32.02272415161133,63.35588787517536,61.573160833603126,54.194859843969205,56.889279853147485,74.27851994832356,68.88526970874548
538,Operations Manager,1,75.0,20.0,100.0,9.232356155336516,49.1649055480957,54.00958925551483,42.70706039309974,62.51198656939354,45.893634418252745,61.911453920252185,54.86453343917703
539,Accountant,0,33.33333333333333,100.0,100.0,0.7781926319650545,37.00307846069336,52.33385733056543,62.56490871369041,40.41732166320678,43.922185094782854,61.43191580678902,55.039288895836975
539,Business Analyst,0,25.0,100.0,70.0,0.5888294476010149,45.14258575439453,46.10971228029933,57.476480431229746,32.63714035037417,41.89377915329334,54.14280925077551,46.28038166722371
539,Customer Support Representative,0,33.33333333333333,100.0,100.0,3.276777352866753,36.131465911865234,52.577903156376465,62.94036383032277,40.72237894547058,44.20929783103114,61.27810182758407,55.48021561129021
539,Market Research Analyst,0,33.33333333333333,100.0,100.0,0.7072351353314781,34.6514892578125,51.97047532563826,62.00585947534092,39.96309415704783,43.49467685369208,61.016929476868874,55.02676698466634
539,Operations Manager,1,50.0,80.0,100.0,10.084654479171887,47.7550163269043,57.17595062091143,61.03992403217143,51.46993827613929,49.61876543636639,65.48617935180664,58.83846843750092
540,Accountant,0,0.0,100.0,100.0,0.5432905382052308,32.51923751831055,39.959379208477365,61.4759680130421,24.94922401059671,29.36397553938514,46.915159562054804,41.272345389095044
540,Business Analyst,0,0.0,100.0,100.0,0.41108776202421016,40.97677230834961,41.20817901055607,63.39719847777857,26.510223763195093,30.833151777124794,48.40766570147346,41.24901548741604
540,Customer Support Representative,0,33.33333333333333,100.0,100.0,6.4644899246146945,45.3265380859375,54.43532086824949,65.79792954089666,43.04415108531187,46.39449513911705,62.90076162300858,56.042753123951606
540,Market Research Analyst,0,0.0,100.0,100.0,10.034077932121823,47.32941818237305,43.604524417174225,67.08388371872958,29.505655521467794,33.6523816672638,49.52872085571289,42.947190223315616
540,Operations Manager,1,25.0,100.0,100.0,6.333469867611743,48.30016326904297,51.9450449704982,66.453915339228,39.93130621312277,43.46475878882142,59.99414645924288,52.58825938840207
541,Accountant,0,66.66666666666666,100.0,100.0,2.01209516491308,39.19690704345703,64.51468366458884,63.35592358654694,55.64335458073606,58.252569017163346,75.54455222335517,68.98252659772976
541,Business Analyst,0,25.0,100.0,100.0,0.8164085683816321,46.23194885253906,50.8072536131381,64.70346709713554,38.509067016422634,42.12618072133895,59.62916744456572,51.61466033559676
541,Customer Support Representative,0,0.0,100.0,100.0,0.12382073361143595,23.82042121887207,38.59163629287252,59.371748142880804,23.23954536609066,27.754866226908856,45.380074332742126,41.19832130593143
541,Market Research Analyst,0,33.33333333333333,100.0,100.0,9.969728409656662,45.53316879272461,54.99210124702386,66.65451473901106,43.74012655877982,47.049530878851606,62.93722586538278,56.66132462131196
541,Operations Manager,1,50.0,80.0,100.0,6.504455065264122,44.1378288269043,56.09634258382527,59.3789885905004,50.12042822978159,48.348638333912085,64.84785214592429,58.206668540928966
542,Accountant,0,0.0,8.333333333333332,100.0,0.15564805733223425,29.904481887817383,21.17568615843911,32.57797870529094,24.386274364715554,7.265513127575423,24.88510464686974,19.635310441490002
542,Business Analyst,0,0.0,8.333333333333332,70.0,0.11777310122775132,33.65877151489258,17.233148359084716,26.512535937053407,19.458102115522564,7.921351010687901,20.253508698706533,14.334508978648035
542,Customer Support Representative,0,33.33333333333333,60.0,100.0,7.082160472273665,48.5461311340332,47.0109104076127,54.37575960145542,43.76363800951588,37.65989459719141,54.05716039620193,46.739989102950254
542,Market Research Analyst,0,0.0,12.5,100.0,0.14145568895130273,32.29407501220703,22.365329605173752,34.408199392575,24.831662006467187,8.665093653145588,26.287189708036536,20.613198062756116
542,Operations Manager,1,25.0,5.0,100.0,6.522452453770613,55.79201126098633,34.09716955721354,38.99564547263621,41.37146194651693,22.467258302604165,38.963296104879944,30.26866808007717
543,Accountant,0,66.66666666666666,100.0,100.0,1.4293169657359441,39.44736862182617,64.46483617146764,63.27923513559126,55.58104521433456,58.193924907608995,75.58875132542029,68.87968338611026
543,Business Analyst,0,25.0,100.0,70.0,0.43677761673720134,40.19154739379883,45.3442487515804,56.29884423320062,31.680310939475508,40.99323382538871,53.269096598905676,46.25354899118892
543,Customer Support Representative,0,33.33333333333333,100.0,100.0,5.827849735397757,40.159942626953125,53.56483552101929,64.45872131438865,41.95604440127413,45.37039473061093,61.9890094831878,55.93040485526627
543,Market Research Analyst,0,33.33333333333333,100.0,100.0,0.5246077249387259,37.712913513183594,52.40229485238501,62.670197208797454,40.502868565481265,44.00269982633531,61.557180816052,54.99453861812644
543,Operations Manager,1,50.0,100.0,100.0,8.234786529533316,49.4708251953125,61.15584175872687,67.16283347496442,51.444802198408595,54.300990304384555,70.49485150505515,63.217903505211765
544,Accountant,0,100.0,60.0,100.0,3.4770316779692454,41.98579025268555,68.81942328959822,52.02988198399726,71.02427911199777,63.3169685759979,80.35043357400333,73.55477029611222
544,Business Analyst,0,50.0,60.0,100.0,1.2860598438997646,41.20941925048828,50.87432186415821,51.34511056024339,48.59290233019777,42.20508454606848,59.62519163243911,52.57989291362937
544,Customer Support Representative,0,66.66666666666666,100.0,100.0,1.1785309592971926,29.01422882080078,62.862247300348024,60.813713795407224,53.57780912543503,56.30852623570356,73.74760900759229,68.83542703203283
544,Market Research Analyst,0,66.66666666666666,100.0,100.0,1.544669193177189,31.67493438720703,63.31627387039096,61.512216210857886,54.1453423379887,56.84267514163642,74.21714528401692,68.90003966154107
544,Operations Manager,1,75.0,20.0,100.0,11.375900998926133,46.373680114746094,53.91243716705084,42.557595641616665,62.39054645881355,45.77933784358922,61.418884726131665,55.24280605863403
545,Accountant,0,66.66666666666666,100.0,100.0,1.6980049910477233,35.92963409423828,63.977479196126225,62.52945517352753,54.971848995157785,57.6205637601485,74.96797464408125,68.92709891998881
545,Business Analyst,0,50.0,100.0,100.0,1.2848172802377493,40.86406707763672,58.82233265368117,63.5728194672018,48.52791581710147,51.55568547491903,68.97601183723,61.991438343571375
545,Customer Support Representative,0,66.66666666666666,100.0,100.0,4.557366129478911,31.995559692382812,63.81627220661259,62.28144442042963,54.77034025826574,57.430908478367755,74.27372622022442,69.43169206206491
545,Market Research Analyst,0,66.66666666666666,100.0,100.0,1.5431767666634617,33.17930221557617,63.541705180669275,61.85903361128607,54.427131475836596,57.10788844784621,74.48262195961148,68.89977629215629
545,Operations Manager,1,50.0,80.0,100.0,6.273424536152718,41.194313049316406,55.62016063782037,58.646400981262104,49.52520079727547,47.78842427978867,64.32840818517349,58.16589844755636
546,Accountant,0,66.66666666666666,100.0,100.0,1.2824374157110374,35.07640075683594,63.78715905921537,62.23665496289544,54.733948824019215,57.396657716723965,74.81740405512791,68.85376346551763
546,Business Analyst,0,50.0,100.0,100.0,0.9703727381344744,44.9417724609375,59.386821779860796,64.44126427670892,49.233527224826,52.219790329248,69.69560690487133,61.93594813025902
546,Customer Support Representative,0,66.66666666666666,100.0,100.0,4.011960234504443,38.26470947265625,64.67483378940743,63.60230839396015,55.84354223675929,58.44098092871462,75.38004676968444,69.33544396295176
546,Market Research Analyst,0,66.66666666666666,100.0,100.0,10.778487522078997,51.85409164428711,67.72822020828825,68.2998259614691,59.66027526036031,62.033200245044995,77.77817303526635,70.5295370137002
546,Operations Manager,1,75.0,80.0,100.0,7.765973056944989,44.892120361328125,65.14871401274097,59.84417540421687,61.43589251592621,58.9984870738129,75.2750800637638,68.72340701004912
547,Accountant,0,100.0,60.0,100.0,3.0755205992796135,43.0628776550293,68.92075973814633,52.18578421253282,71.15094967268293,63.43618792723099,80.54050782147576,73.48391539987287
547,Business Analyst,0,50.0,60.0,100.0,1.137551770632742,42.868743896484375,51.100944350067564,51.693760538565485,48.87618043758446,42.471699235373606,59.91801362879136,52.55368560658225
547,Customer Support Representative,0,66.66666666666666,100.0,100.0,4.358403009782687,36.888771057128906,64.52040944337007,63.3647324769796,55.65051180421259,58.2593052274942,75.13723410812078,69.39658092329498
547,Market Research Analyst,0,66.66666666666666,100.0,100.0,9.934437741407848,39.85356140136719,65.80153320474959,65.33569210987116,57.25191650593699,59.766509652646576,75.66043240416283,70.3805870524053
547,Operations Manager,1,50.0,20.0,100.0,8.353588304255286,43.39274597167969,44.261950141390244,41.17223098675422,50.32743767673781,34.42582369575323,50.59871987735524,44.41533911251564
548,Accountant,0,100.0,100.0,100.0,2.336427441431872,42.404335021972656,76.71111436951068,64.17094518386259,70.88889296188836,72.60131102295375,89.8360591215246,82.76525190142915
548,Business Analyst,0,50.0,100.0,70.0,1.1107464531060591,50.947654724121094,55.80876017658407,58.93655411782165,44.760950220730095,53.304423737157734,65.46135083366843,56.66660231525401
548,Customer Support Representative,0,33.33333333333333,100.0,100.0,5.624226564179567,41.176204681396484,53.68673135350307,64.6462533643637,42.10841419187884,45.51380159235656,62.168349845736635,55.89447135446306
548,Market Research Analyst,0,66.66666666666666,100.0,100.0,9.700342234739717,46.24219512939453,66.72471393795347,66.75597016095406,58.40589242244184,60.85260463288643,76.78783835616767,70.33927608064035
548,Operations Manager,1,75.0,80.0,100.0,7.091896919217211,47.157264709472656,65.38737424430349,60.21134499123612,61.73421780537935,59.27926381682762,75.67481141931871,68.60445239750892
549,Accountant,0,33.33333333333333,100.0,100.0,0.6683469176127733,34.496219635009766,51.94135164956005,61.961053819835975,39.926689561950056,43.460413705364765,60.989528955197805,55.019904358010095
549,Business Analyst,0,25.0,100.0,70.0,0.5057132773282834,41.34930419921875,45.52825262148206,56.58192710997239,31.91031577685257,41.209708966449476,53.47340662339155,46.26571410776382
549,Customer Support Representative,0,66.66666666666666,100.0,100.0,3.607660665293027,40.28532028198242,64.91728047542465,63.9753032955251,56.14660059428081,58.726212324029,75.73662514780082,69.26409698014974
549,Market Research Analyst,0,33.33333333333333,100.0,100.0,0.6074054203425973,38.10051727294922,52.47285507066044,62.778751390759645,40.59106883832555,44.08571184783581,61.62558147954006,55.009149976138886
549,Operations Manager,1,50.0,80.0,100.0,7.269781578608766,54.0994758605957,57.705388615880665,61.85444402443179,52.131735769850835,50.24163366574196,66.60578985775219,58.34172616093096
550,Accountant,0,66.66666666666666,8.333333333333332,100.0,2.777310303003938,37.37565231323242,46.02294439243545,34.90709393708019,55.445347157210975,36.49758163815935,53.65452687880572,47.54893711229481
550,Business Analyst,0,25.0,8.333333333333332,100.0,0.8310589860024293,40.807525634765625,31.662454359781872,35.24992978427981,37.49473461639401,19.602887482096325,37.103288837507655,30.048618252431798
550,Customer Support Representative,0,33.33333333333333,60.0,100.0,3.8400610116247402,32.9139404296875,44.179766882863504,50.020154178764365,40.22470860357938,34.329137509251176,51.29853850719976,46.16785390401221
550,Market Research Analyst,0,33.33333333333333,12.5,100.0,10.148634769075372,46.17689895629883,37.615496725472795,39.92127701354789,43.894370906841,26.606466735850347,42.46259001189588,36.10466103767997
550,Operations Manager,1,25.0,5.0,100.0,4.796371631604513,36.31062316894531,30.916049220082474,34.10161418474227,37.395061525103095,18.72476378833232,35.52540408863741,29.96406558204786
551,Accountant,0,100.0,8.333333333333332,100.0,2.2429546266747384,35.741485595703125,57.36433270002335,34.40666569234361,69.62208254169586,49.840391411792176,67.09163471296722,61.18012924784456
551,Business Analyst,0,50.0,8.333333333333332,100.0,0.9544674128827431,37.0865478515625,39.87281895633346,34.41972147128224,47.757690362083494,29.262139948627592,46.74076334635418,40.364513857175396
551,Customer Support Representative,0,66.66666666666666,60.0,100.0,1.5072818587001338,25.362693786621094,54.36382968013151,47.73922514892028,52.95478710016439,46.310387858978245,63.69145576626646,59.481677190751
551,Market Research Analyst,0,66.66666666666666,12.5,100.0,10.601817936235133,46.68691635131836,49.42664347646635,40.1435540663585,58.65830434558295,40.50193350172512,56.27808327768363,49.910124733845414
551,Operations Manager,1,50.0,5.0,100.0,5.075983629317404,34.693824768066406,39.46547125960757,33.79303270708857,48.08183907450947,28.782907364244203,45.53420437083525,40.307526522820716
552,Accountant,0,66.66666666666666,60.0,100.0,1.7390099097601728,46.34403991699219,57.54579080734619,52.63454996001978,56.93223850918274,50.05387153805434,67.39404625986137,59.52257037623218
552,Business Analyst,0,25.0,60.0,70.0,0.531415089917674,41.03871154785156,37.48551899566539,44.20849076256213,31.85689874458173,31.747669406665157,44.00683144962087,36.85848501586783
552,Customer Support Representative,0,66.66666666666666,100.0,100.0,7.656002171037672,47.3705940246582,66.5873227626877,66.54459912208367,58.234153453359646,60.690967956103194,76.9869675729789,69.97851018704586
552,Market Research Analyst,0,33.33333333333333,100.0,100.0,0.6382755219976332,35.40614700317383,52.07333004544238,62.1640975058088,40.09166255680298,43.615682406402804,61.1501043731091,55.01459764113684
552,Operations Manager,1,50.0,20.0,100.0,6.756342195183346,59.11160659790039,46.38019231896256,44.43106510609624,52.9752403987032,36.91787331642654,53.37263645845301,44.13347215209118
553,Accountant,0,100.0,60.0,100.0,2.7131607505245006,41.2280158996582,68.5911764975274,51.67873307311908,70.73897062190926,63.04844293826754,80.21670868817499,73.4199695442102
553,Business Analyst,0,50.0,60.0,100.0,1.2898468948407689,48.083377838134766,51.90598370994633,52.932282630686665,49.882479637432915,43.418804364642746,60.838243147906134,52.580561216736605
553,Customer Support Representative,0,33.33333333333333,100.0,100.0,4.025159354474304,39.7142219543457,53.227573862989665,63.939857225112306,41.53446732873709,44.97361630939961,61.91035289390414,55.6122830233386
553,Market Research Analyst,0,66.66666666666666,100.0,100.0,11.26445758650295,49.19731521606445,67.40259925371844,67.79887064674632,59.253249067148055,61.65011676908052,77.30933013616823,70.61529643683386
553,Operations Manager,1,75.0,20.0,100.0,7.539736328708662,44.31046676635742,53.02753046425991,41.19620071424602,61.284413080324896,44.73827113442343,61.0547882528866,54.5658358227133
554,Accountant,0,100.0,8.333333333333332,100.0,3.1327193237212296,36.36125183105469,57.59076233988305,34.755018984435466,69.90511959152049,50.106779223391825,67.20100522508808,61.33714654732335
554,Business Analyst,0,50.0,8.333333333333332,100.0,0.9979029887391068,37.44289779663086,39.93278678447217,34.51197966841871,47.83265014725688,29.332690334673135,46.80364863077801,40.37217895879711
554,Customer Support Representative,0,66.66666666666666,60.0,100.0,3.752650080290239,34.74169921875,56.10748572818936,50.421772915163125,55.1343571602367,48.361747915516894,65.34657437193627,59.87791864161984
554,Market Research Analyst,0,66.66666666666666,12.5,100.0,1.1985678674256783,30.487167358398438,45.586193617206945,34.23516966749788,53.857742021508685,35.98375719671406,53.41930404363893,48.25072766287904
554,Operations Manager,1,75.0,5.0,100.0,11.215975684625892,43.945735931396484,50.52425674240336,37.34501037292824,61.9053209280042,41.79324322635689,57.461012223187616,51.68517217963986
555,Accountant,0,100.0,60.0,100.0,3.3395088716850987,44.37220001220703,69.15675633258381,52.548855896282795,71.44594541572978,63.71383097951038,80.77156470803654,73.53050156559149
555,Business Analyst,0,50.0,60.0,100.0,1.235193882596316,45.695770263671875,51.53964462194023,52.36868403375419,49.4245557774253,42.98781720228262,60.41690063476563,52.570916567517
555,Customer Support Representative,0,33.33333333333333,100.0,100.0,3.00493247901426,37.125091552734375,52.686170271428956,63.106928622711216,40.85771283928621,44.33667090756348,61.453447528913905,55.43224298649271
555,Market Research Analyst,0,66.66666666666666,100.0,100.0,1.4835747707212898,34.26212692260742,63.69518858733264,62.095161929229704,54.618985734165804,57.28845716156781,74.673708672617,68.88925829287238
555,Operations Manager,1,75.0,20.0,100.0,10.259759463747484,49.01249313354492,54.14083788959386,42.908981368605936,62.67604736199233,46.048044575992776,61.88455761180205,55.0458399053672
556,Accountant,0,66.66666666666666,100.0,100.0,1.4650526780635684,29.637849807739258,62.998768706203755,61.02374672749296,53.7484608827547,56.46913965435736,73.8576597699932,68.88598968828572
556,Business Analyst,0,50.0,100.0,100.0,1.1085509213216216,32.98406982421875,57.613893111831054,61.71368171050931,47.01736638978882,50.13399189627183,67.58542408662684,61.96033251552734
556,Customer Support Representative,0,66.66666666666666,100.0,100.0,8.004333788819428,40.41978073120117,65.59695051133642,65.02094950462013,56.99618813917053,59.52582413098402,75.76035346236883,70.03998047253675
556,Market Research Analyst,0,66.66666666666666,100.0,100.0,1.3314656120832575,27.710643768310547,62.6896497403924,60.54817908778318,53.3620621754905,56.105470282814586,73.5175645865646,68.86241550017155
556,Operations Manager,1,50.0,100.0,100.0,6.681799833144267,42.09455108642578,59.816452637935505,65.10223482759308,49.77056579741939,52.72523839757118,69.19315607407513,62.943847029378404
557,Accountant,0,33.33333333333333,60.0,100.0,1.1968204613719047,43.28376388549805,45.338754318697156,51.8032117723546,41.67344289837145,35.69265213964371,53.12850735234279,45.701399689261706
557,Business Analyst,0,25.0,60.0,70.0,0.9055895702426243,41.62957000732422,37.63027393663503,44.43119067174619,32.03784242079379,31.917969337217677,44.11110058952781,36.924515806513405
557,Customer Support Representative,0,33.33333333333333,100.0,100.0,4.560798369557046,36.78973388671875,52.86924650510803,63.388584366832866,41.08655813138504,44.5520547118918,61.394266764322914,55.70680755541203
557,Market Research Analyst,0,33.33333333333333,100.0,100.0,1.087691461211176,30.905250549316406,51.465607968245806,61.22914046396791,39.33200996030725,42.90071525675977,60.35582852831074,55.09390633629217
557,Operations Manager,1,50.0,20.0,100.0,7.214974089372286,50.95372772216797,45.22530527173104,42.654315802663135,51.5316315896638,35.55918267262475,51.93301077450023,44.21440719224217
558,Accountant,0,66.66666666666666,60.0,100.0,1.7591730089835607,37.236793518066406,56.18272831239083,50.53753073701153,55.22841039048854,48.45026860281274,65.78688513063916,59.526128570212784
558,Business Analyst,0,25.0,60.0,100.0,0.5375766276562907,43.79315185546875,42.39960927246876,51.76862964995193,37.999511590585946,32.23483443819853,49.7870267980239,42.15368999311582
558,Customer Support Representative,0,33.33333333333333,100.0,100.0,3.262991156955302,39.21376419067383,53.03817996881103,63.64848200329902,41.2977249610138,44.750799963307095,61.822036817962044,55.47778275318819
558,Market Research Analyst,0,33.33333333333333,100.0,100.0,10.74824154370335,58.85401916503906,57.10700577297802,69.90821400970978,46.38375721622254,49.53765385056238,65.28796416637944,56.798709292026075
558,Operations Manager,1,50.0,20.0,100.0,6.834679182973963,44.507808685302734,44.201373180241504,41.079035661910005,50.25171647530188,34.35455668263707,50.79549565034754,44.14729632640717
559,Accountant,0,66.66666666666666,60.0,100.0,1.9489831020130428,36.7920036315918,56.14448134337405,50.4786892462165,55.180601679217574,48.40527216867536,65.70839279773188,59.55962446898269
559,Business Analyst,0,50.0,60.0,100.0,1.4747230906621942,38.00863265991211,50.42250336258615,50.65000517320944,48.02812920323269,41.673533367748405,59.06034693998449,52.61318642776392
559,Customer Support Representative,0,66.66666666666666,100.0,100.0,1.3514198635310917,27.030086517333984,62.59055929046309,60.395732241738095,53.23819911307887,55.988893282897756,73.39746624815697,68.86593683866235
559,Market Research Analyst,0,66.66666666666666,100.0,100.0,1.771270083128796,29.870086669921875,63.07953684629093,61.14800540455015,53.849421057863665,56.564160995636385,73.89864274567248,68.94002805388547
559,Operations Manager,1,75.0,20.0,100.0,9.415815926415627,46.97422409057617,53.70850600254877,42.24385538853656,62.135632503185974,45.539418826527964,61.52486307480756,54.89690869289688
560,Accountant,0,66.66666666666666,60.0,100.0,3.1553729892737823,41.83549118041992,57.08196295878738,51.9209686545447,56.352453698484226,49.508191716220445,66.59842001223096,59.7725168020287
560,Business Analyst,0,25.0,60.0,100.0,0.7478574202576502,40.80365753173828,41.98272724279939,51.12727268122983,37.47840905349924,31.744384991528694,49.259468976189105,42.19079836828077
560,Customer Support Representative,0,33.33333333333333,100.0,100.0,0.8904313589039327,30.0654239654541,51.310044965320365,60.989812767159535,39.137556206650466,42.71769995920043,60.20762383704091,55.05909573000265
560,Market Research Analyst,0,33.33333333333333,100.0,100.0,9.132603034648632,39.76558303833008,54.00139457761347,65.13035063222586,42.501743222016835,45.883993620721725,61.919416614607265,56.513596613957596
560,Operations Manager,1,50.0,20.0,100.0,6.686280837756755,46.90058517456055,44.5380299018476,41.59696907976553,50.6725373773095,34.75062341393835,51.217750324922456,44.12110838313355
561,Accountant,0,100.0,8.333333333333332,100.0,2.88848869955492,40.561092376708984,58.18410382810625,35.66785204324039,70.64679645179949,50.80482803306618,67.94215355667414,61.29404702541165
561,Business Analyst,0,50.0,8.333333333333332,70.0,0.9201052530940012,46.866363525390625,36.83463698343936,29.745595359137475,43.95996289596587,30.981925862869836,43.17249552408854,35.06433229956561
561,Customer Support Representative,0,66.66666666666666,60.0,100.0,3.460088897279962,37.75566864013672,56.515696963945835,51.04979020094232,55.6446212049323,48.84199642817157,65.87845132865158,59.82629019755921
561,Market Research Analyst,0,66.66666666666666,12.5,100.0,10.220137684967282,53.38129425048828,50.373548123651666,41.600330446643596,59.84193515456459,41.61593896900196,57.4594440834195,49.842769395386384
561,Operations Manager,1,75.0,5.0,100.0,8.16951826794113,41.94281005859375,49.766849248980236,36.1797680753542,60.9585615612253,40.902175587035565,57.10755471622243,51.147562047283735
562,Accountant,0,33.33333333333333,8.333333333333332,100.0,1.1093894124986454,39.1633186340332,34.374239540313106,34.934727497917606,40.884466092058055,22.793222988603656,40.24450720992742,33.529107935538974
562,Business Analyst,0,0.0,8.333333333333332,100.0,0.10531478098221268,38.72267150878906,22.490864610132355,34.60133016943439,26.030247429332118,8.812781894273362,26.44125575645297,19.626428098604705
562,Customer Support Representative,0,33.33333333333333,60.0,100.0,6.68576384362506,42.35783386230469,46.02320632255613,52.85621485521456,42.529007903195165,36.4978897912425,52.96510793648514,46.67003675671815
562,Market Research Analyst,0,0.0,12.5,100.0,0.1264921679508608,36.38929748535156,22.97736844799536,35.349797612300556,25.596710559994207,9.385139350582781,27.00987602682675,20.610557441403092
562,Operations Manager,1,25.0,5.0,100.0,5.832491837906092,47.84300231933594,32.801324123586305,37.002037113209695,39.75165515448288,20.942734263042713,37.56052982105928,30.146910324336368
563,Accountant,0,66.66666666666666,60.0,100.0,1.6137585124573288,43.41893005371094,57.08823661825857,51.93062043834652,56.360295772823214,49.515572492068905,66.87785040163526,59.500467188472854
563,Business Analyst,0,25.0,60.0,70.0,0.49314015992076315,39.13158416748047,37.193708649110185,43.75955176786182,31.492135811387733,31.40436311660022,43.670279558967145,36.85173061645661
563,Customer Support Representative,0,66.66666666666666,100.0,100.0,7.104582099021914,47.56169891357422,66.53327548522275,66.46144946444525,58.166594356528435,60.627382923791465,77.02069196514056,69.88120076257249
563,Market Research Analyst,0,33.33333333333333,100.0,100.0,0.5923040180138345,34.40022277832031,51.915545686116786,61.92135233761557,39.89443210764598,43.43005374837269,60.97258833342908,55.00648502278675
563,Operations Manager,1,50.0,20.0,100.0,9.297417702910254,52.42840576171875,45.75887351969435,43.475190030299,52.19859189961794,36.18691002316982,52.19324807559743,44.58189724169005
564,Accountant,0,66.66666666666666,8.333333333333332,100.0,1.4741882568521643,32.217620849609375,45.05377136596923,33.416058511747536,54.233880874128204,35.35737807761085,52.74428603228401,47.31897439826803
564,Business Analyst,0,50.0,8.333333333333332,100.0,1.1154634743202547,31.14735221862793,39.0060890206089,33.08629080093676,46.674277942427786,28.24245767130458,45.69266999936572,40.392924926840834
564,Customer Support Representative,0,66.66666666666666,60.0,100.0,5.62103025689791,40.83135223388672,57.30119070695102,52.25824211325799,56.62648838368878,49.76610671406002,66.42121902166627,60.20763279043296
564,Market Research Analyst,0,66.66666666666666,12.5,100.0,1.3397681865815136,26.970365524291992,45.079853389964356,33.45618470250927,53.22481673745545,35.38806281172277,52.798691955267216,48.275645366259475
564,Operations Manager,1,75.0,5.0,100.0,8.927146185321698,46.30791091918945,50.53525856567667,37.36193625488718,61.91907320709584,41.80618654785491,57.877866632798145,51.281261091527355
565,Accountant,0,66.66666666666666,8.333333333333332,100.0,2.1098896415151787,44.60429382324219,47.0071275197136,36.42122182520042,56.675576066308665,37.65544414083953,54.93016949821921,47.4311569955615
565,Business Analyst,0,25.0,8.333333333333332,100.0,0.8298901518040978,40.34217071533203,31.592475796737084,35.142270456518595,37.40726141258803,19.520559760867158,37.021167381137026,30.04841198757327
565,Customer Support Representative,0,66.66666666666666,60.0,100.0,4.964466928371713,38.90376281738281,56.913567795196506,51.66189917209719,56.141959743995635,49.310079759054716,66.08105618345971,60.09176867363422
565,Market Research Analyst,0,33.33333333333333,12.5,100.0,0.9967699071652548,33.77070617675781,34.381788079255124,34.94634063475147,39.852235099068906,22.80210362265309,40.273261874329805,34.489626062048764
565,Operations Manager,1,25.0,5.0,100.0,8.233445035872426,48.35221481323242,33.23784897736573,37.67361381133189,40.29731122170716,21.456292914547912,37.65039084939396,30.5706079475069
566,Accountant,0,33.33333333333333,100.0,100.0,1.5231862725298202,42.05852508544922,53.20392337036352,63.90347185184131,41.5049042129544,44.94579220042767,62.32405344645182,55.17075836181898
566,Business Analyst,0,0.0,100.0,100.0,0.40828515564643825,40.95071792602539,41.20385046225078,63.3905391726935,26.50481307781347,30.828059367353852,48.4030678692986,41.248520909819966
566,Customer Support Representative,0,33.33333333333333,100.0,100.0,6.420418019864826,42.05361557006836,53.93777170515664,65.03246928998458,42.422214631445804,45.80914318253723,62.32318706138461,56.034975728995754
566,Market Research Analyst,0,0.0,100.0,100.0,0.4903858128764971,34.17945098876953,40.200475520246904,61.84688541576447,25.250594400308632,29.647618259114005,47.208138409782855,41.26300926109586
566,Operations Manager,1,25.0,100.0,100.0,6.29029119705976,50.580322265625,52.28059201940271,66.97014156831186,40.35074002425339,43.85952002282672,60.3965274586397,52.58063962301055
567,Accountant,0,33.33333333333333,100.0,100.0,0.901149220455528,38.75501251220703,52.61509092656605,62.99757578446059,40.768863658207565,44.253048148901236,61.741080639409084,55.06098711733529
567,Business Analyst,0,25.0,100.0,70.0,0.681866129144669,46.983863830566406,46.39985949395666,57.92286075993332,32.99982436744583,42.2351288164196,54.467740675982306,46.29679990514318
567,Customer Support Representative,0,33.33333333333333,100.0,100.0,5.390670492012265,42.33271408081055,53.82517435259009,64.85924259372834,42.28146794073761,45.676675708929515,62.37243973975088,55.85325557702177
567,Market Research Analyst,0,33.33333333333333,100.0,100.0,8.837796771968229,48.751224517822266,55.30501986013524,67.13592798995165,44.13127482516905,47.41767042368852,63.50511805216471,56.46157197936694
567,Operations Manager,1,50.0,80.0,100.0,5.744252607048131,49.18263626098633,56.73903333020517,60.36774358493103,50.923791662756464,49.104745094359025,65.73811228135052,58.072515165949675
568,Accountant,0,66.66666666666666,100.0,100.0,2.028863842183617,42.887149810791016,65.07073538127952,64.21138776607106,56.338419226599406,58.90674750738767,76.19577153523764,68.98548577607161
568,Business Analyst,0,25.0,100.0,100.0,0.619990061628467,31.141822814941406,48.51427193148548,61.17580297151612,35.642839914356856,39.42855521351233,56.96620402616614,51.57999824616973
568,Customer Support Representative,0,33.33333333333333,100.0,100.0,5.267090040927458,38.951969146728516,53.29952554481506,64.0505521202283,41.62440693101883,45.05826534684125,61.77583769255993,55.831447262124456
568,Market Research Analyst,0,33.33333333333333,100.0,100.0,0.7446617300245645,29.897319793701172,51.262963895225525,60.91738035162901,39.07870486903191,42.662310464971206,60.17795839496687,55.03337167784748
568,Operations Manager,1,50.0,100.0,100.0,7.882472841754772,50.9816780090332,61.3296226276182,67.43018865787415,51.662028284522755,54.50543838543318,70.7614725898294,63.15573050148614
569,Accountant,0,100.0,8.333333333333332,100.0,2.4425195564357924,39.74567794799805,57.99489629233174,35.37676352666422,70.41028703208134,50.582230932154985,67.79825689278397,61.215346588390624
569,Business Analyst,0,50.0,8.333333333333332,100.0,1.1611830463224553,46.63104248046875,41.33550049568535,36.67000076259284,49.586042286273354,30.982941759629824,48.42508592792586,40.400993086605936
569,Customer Support Representative,0,33.33333333333333,60.0,100.0,3.6236446510489113,33.883201599121094,44.29269360419216,50.19388759619308,40.36586700524021,34.4619924755202,51.46958459592332,46.12966278155765
569,Market Research Analyst,0,66.66666666666666,12.5,100.0,10.14081378788784,45.63798141479492,49.20015261373574,39.79510658523448,58.37519076716968,40.23547366321852,56.092977112414786,49.82877106060765
569,Operations Manager,1,75.0,5.0,100.0,6.78763815585943,43.2260627746582,49.75205513957764,36.157007907042534,60.94006892447206,40.88477075244429,57.33401107788086,50.90370085103402
570,Accountant,0,66.66666666666666,8.333333333333332,100.0,1.998287699316675,31.595495223999023,45.039067438497355,33.39343708486773,54.21550096478836,35.340079339408646,52.6344991571763,47.41146253517353
570,Business Analyst,0,50.0,8.333333333333332,100.0,1.5120300473230122,35.27550506591797,39.68479693365282,34.13045682100433,47.52266283373269,29.040937569003315,46.4211675606522,40.462907263253086
570,Customer Support Representative,0,33.33333333333333,60.0,100.0,0.7408116190473163,23.163131713867188,42.252258166603845,47.0547561537495,37.815322708254804,32.06148019600452,49.57780755734911,45.620927540616194
570,Market Research Analyst,0,66.66666666666666,12.5,100.0,1.816078967348692,26.104854583740234,45.02147336599667,33.366369281020525,53.15184170749584,35.31938043058432,52.64595473046396,48.35970020992428
570,Operations Manager,1,75.0,5.0,100.0,8.838496974718657,45.14405822753906,50.347383280338654,37.072897354367164,61.68422910042332,41.58515680039843,57.67248086368336,51.26561711318564
571,Accountant,0,33.33333333333333,8.333333333333332,100.0,1.5178214488976702,48.41510772705078,35.8232727097256,37.16400929701375,42.69575755382367,24.497967893794826,41.877175873401114,33.60118417725645
571,Business Analyst,0,0.0,8.333333333333332,100.0,0.4068471320171744,40.27236557006836,22.768548571979498,35.02853626458384,26.37735238164104,9.139468908211171,26.71473117903167,19.679639689963818
571,Customer Support Representative,0,0.0,60.0,100.0,3.7841796756300847,35.997745513916016,32.967288778431914,50.718905812972174,26.209110973039895,21.137986798155193,38.117249208338116,32.43250229569943
571,Market Research Analyst,0,0.0,12.5,100.0,0.4886586220231933,33.210723876953125,22.554907374846447,34.699857499763766,25.06863421855806,8.888126323348763,26.44895127240349,20.674469168592328
571,Operations Manager,1,25.0,5.0,100.0,6.268136124186734,49.594966888427734,33.129465451892166,37.50686992598795,40.16183181486521,21.328782884579024,37.8697000391343,30.223788727797658
572,Accountant,0,100.0,8.333333333333332,100.0,3.28252017685031,43.14521789550781,58.63082737752038,36.355119042339055,71.20520088856715,51.33038515002398,68.3981757070504,61.36358199199319
572,Business Analyst,0,50.0,8.333333333333332,100.0,1.0456208669164622,41.75569534301758,40.58686409815678,35.518252458702726,48.65024678936264,30.10219305665503,47.5647305507286,40.3805997608284
572,Customer Support Representative,0,33.33333333333333,60.0,100.0,4.68261743640837,35.3197021484375,44.66701460439354,50.76976605804135,40.83376825549193,34.90237012281594,51.72308469286151,46.3165403319152
572,Market Research Analyst,0,66.66666666666666,12.5,100.0,1.2558811695507446,33.00189971923828,45.972000466651686,34.82871866664362,54.34000058331461,36.43764760782551,53.86308034261067,48.26084177501876
572,Operations Manager,1,75.0,5.0,100.0,11.752302930258665,44.161529541015625,50.637074870691144,37.51857672414022,62.04634358836393,41.92597043610723,57.49909344841453,51.779818164163295
573,Accountant,0,66.66666666666666,60.0,100.0,3.5690002518858113,45.71692657470703,57.72622235732225,52.912136959982966,57.157777946652814,50.26614394979088,67.2833791994581,59.845509848372
573,Business Analyst,0,25.0,60.0,100.0,1.0679576305055143,37.83557891845703,41.58553048234438,50.51620074206828,36.98191310293048,31.277094685111038,48.735690397374775,42.247286640677444
573,Customer Support Representative,0,33.33333333333333,100.0,100.0,0.8277226849394541,22.9130802154541,50.227787101725696,59.32480066932158,37.78473387715712,41.444455413794934,58.94544552821739,55.048029493420685
573,Market Research Analyst,0,33.33333333333333,100.0,100.0,1.282709556079529,26.901657104492188,50.89432166575242,60.35023846013193,38.61790208219053,42.228613724414615,59.64931203804764,55.12832129421012
573,Operations Manager,1,25.0,20.0,100.0,6.1636078413058035,43.472999572753906,35.195491112108954,40.68537094170608,38.99436389013619,23.759401308363476,40.31876463048599,33.73475432493632
574,Accountant,0,66.66666666666666,8.333333333333332,100.0,1.9442765595468818,43.5481071472168,46.82385755601455,36.13926803489419,56.446488611684856,37.439832418840645,54.74378361421473,47.4019311575671
574,Business Analyst,0,25.0,8.333333333333332,70.0,0.5941414691874431,43.960838317871094,27.599913634725446,28.99986713034684,32.41655871007348,20.117545452618174,32.36563813452627,24.712691631817393
574,Customer Support Representative,0,66.66666666666666,60.0,100.0,4.238490275222737,43.8300895690918,57.54362030998051,52.631210733303355,56.92952538747564,50.05131801174178,66.95040796317306,59.963655146607934
574,Market Research Analyst,0,33.33333333333333,12.5,100.0,11.879192088016909,57.77799606323242,39.61524488935406,42.9978126502883,46.39405611169258,28.959111634534192,44.50984244253121,36.41005350572847
574,Operations Manager,1,25.0,5.0,100.0,5.3271726592563144,44.68253707885742,32.25145646071706,36.15608686264163,39.064320575896325,20.295831130255362,37.00280066097484,30.057736351633466
575,Accountant,0,33.33333333333333,100.0,100.0,1.1481582595751512,37.73807907104492,52.49960226625968,62.81990092245079,40.62450283282459,44.11717913677609,61.561621796851064,55.104576947768166
575,Business Analyst,0,25.0,100.0,100.0,0.8687686903909654,39.492454528808594,49.804183482879935,63.160282281353744,37.25522935359992,40.946098215152865,58.43984491684858,51.62390035712782
575,Customer Support Representative,0,0.0,100.0,100.0,3.8337793213193057,35.67377853393555,40.92613367828823,62.96328258198189,26.157667097860287,30.50133373916262,47.471843270694514,41.85301988023282
575,Market Research Analyst,0,33.33333333333333,100.0,100.0,1.0434663973136293,30.268234252929688,51.36342176420316,61.07193091928691,39.20427720525395,42.78049619318019,60.24341388777191,55.08610191325142
575,Operations Manager,1,50.0,100.0,100.0,7.767298003144632,47.15446090698242,60.73826383651906,66.52040590233702,50.92282979564883,53.80972216061066,70.0860813365263,63.135405529966704
576,Accountant,0,100.0,8.333333333333332,100.0,2.2187772494916698,43.890995025634766,58.58313250793563,36.28174231990097,71.14558230158622,51.2742735387478,68.52978343589633,61.17586265187108
576,Business Analyst,0,50.0,8.333333333333332,70.0,0.9441789663953408,48.90353775024414,37.14382417416259,30.221267960250135,44.34644688436991,31.34567549901481,43.53199685788623,35.068580601912906
576,Customer Support Representative,0,33.33333333333333,60.0,100.0,6.64095770074407,44.481014251708984,46.33496245953462,53.33583968133532,42.91870307441828,36.86466171709956,53.33978682873296,46.662129790327384
576,Market Research Analyst,0,66.66666666666666,12.5,100.0,10.487538249957842,55.55922317504883,50.740347547084326,42.16463725192462,60.300434433855415,42.04746770245215,57.84378448187136,49.889957730384715
576,Operations Manager,1,75.0,5.0,100.0,6.8865639374451435,45.38636016845703,50.09093861588533,36.678367101362035,61.36367326985666,41.28345719515921,57.71524002972772,50.921158341902085
577,Accountant,0,100.0,100.0,100.0,2.9314492181827823,37.426082611083984,76.05362977439002,63.15943042213848,70.06703721798752,71.82779973457649,88.9575439901913,82.8702557443852
577,Business Analyst,0,50.0,100.0,100.0,1.084263668871176,46.39605712890625,59.62204811966661,64.80315095333324,49.527560149583266,52.496527199607776,69.95224537568933,61.956046529800794
577,Customer Support Representative,0,33.33333333333333,100.0,100.0,5.490131894625811,36.50301742553711,52.9656390646911,63.536880612345286,41.20704883086388,44.66545772316601,61.34366974176145,55.87080758924769
577,Market Research Analyst,0,66.66666666666666,100.0,100.0,9.469063467484807,46.45189666748047,66.72147735357812,66.7509908003766,58.40184669197266,60.848796886562496,76.82484450994752,70.29846218053653
577,Operations Manager,1,75.0,100.0,100.0,6.338009733392544,43.93442153930664,68.79086469090487,65.44748413985366,60.9885808636311,63.28337022459397,79.81195674223059,73.17729583530456
578,Accountant,0,100.0,100.0,100.0,2.149197690379425,43.71131134033203,76.87907635460671,64.42934823785649,71.0988454432584,72.79891335836085,90.06670200123506,82.73221135712578
578,Business Analyst,0,50.0,100.0,70.0,0.9145700652675268,46.25559616088867,55.07552493392343,57.80849989834374,43.844406167404294,52.44179403990992,64.63334049898036,56.63198295269427
578,Customer Support Representative,0,66.66666666666666,100.0,100.0,6.945660788424865,38.43824768066406,65.14091960369666,64.31936349286667,56.42614950462084,58.98931718081961,75.41067115933286,69.85315582540831
578,Market Research Analyst,0,66.66666666666666,100.0,100.0,1.0984778130829393,36.50457763671875,63.973791650803584,62.52378202687731,54.967239563504485,57.61622547153363,75.06943526922487,68.82130000623032
578,Operations Manager,1,50.0,80.0,100.0,4.8638042708452645,45.64682388305664,56.07659422308529,59.348606497054284,50.09574277885661,48.32540496833563,65.11414539112765,57.917141930149164
579,Accountant,0,66.66666666666666,60.0,100.0,1.9083386463854188,41.9158821105957,56.9069664468805,51.65174325161102,56.13370805860063,49.30231346691824,66.61260664696786,59.552451917989586
579,Business Analyst,0,25.0,60.0,100.0,0.75061340545049,44.837493896484375,42.58821609529023,52.0587939927542,38.23527011911279,32.4567248179885,49.97132245232077,42.19128471860891
579,Customer Support Representative,0,66.66666666666666,100.0,100.0,3.3508694266564123,39.94940948486328,64.82837517006128,63.83852590265838,56.0354689625766,58.62161784713092,75.67734677183861,69.21878087921387
579,Market Research Analyst,0,33.33333333333333,100.0,100.0,9.728843314167545,47.53476333618164,55.25620766421904,67.06083230392673,44.070259580273806,47.36024431084593,63.290448431875184,56.61881548681388
579,Operations Manager,1,50.0,20.0,100.0,7.10380435863541,48.96135330200195,44.909773649095605,42.16888253707016,51.13721706136951,35.18796899893601,51.58141528858858,44.19478900446507
580,Accountant,0,66.66666666666666,100.0,100.0,1.5675138698384814,30.277957916259766,63.110154101248064,61.19510887371497,53.88769262656008,56.60018129558596,73.97062002443799,68.90407107506952
580,Business Analyst,0,25.0,100.0,100.0,0.4790084975434655,35.36539840698242,49.126661035678886,62.11794005489059,36.40832629459861,40.14901298315163,57.71154089534984,51.555119146625316
580,Customer Support Representative,0,66.66666666666666,100.0,100.0,6.561216070522982,44.34965896606445,65.96996458882144,65.59481731613556,57.46245573602681,59.96466422214288,76.45386138616824,69.7853126398962
580,Market Research Analyst,0,33.33333333333333,100.0,100.0,9.577237491759751,51.111717224121094,55.77000987404879,67.85129724212635,44.712512342561,47.96471749888093,63.92167558857039,56.59206151815368
580,Operations Manager,1,50.0,100.0,100.0,9.030986414938596,42.67061996459961,60.255240956930734,65.77729377989344,50.31905119616342,53.24145994933028,69.29481528787052,63.358409367342105
581,Accountant,0,66.66666666666666,8.333333333333332,100.0,1.7991172449609916,39.143795013427734,46.14143683875831,35.089390008346115,55.593462715114555,36.63698451618624,53.966552061193134,47.37631480793429
581,Business Analyst,0,50.0,8.333333333333332,100.0,1.361325165524585,37.28879165649414,39.96418418996948,34.56028336918381,47.87189690412851,29.36962845878762,46.7764534295774,40.43631228411219
581,Customer Support Representative,0,66.66666666666666,60.0,100.0,5.2157658683217845,37.8209228515625,56.78883664131597,51.47000508920406,55.98604580164496,49.16333722507761,65.88996677772671,60.13611554539011
581,Market Research Analyst,0,66.66666666666666,12.5,100.0,1.6350693593746608,30.09107780456543,45.59225540792434,34.244495499370785,53.865319259905434,35.99088871520511,53.34940588708017,48.32775733792886
581,Operations Manager,1,75.0,5.0,100.0,8.69179255125186,47.0251579284668,50.607542571957794,37.47314241839661,62.00942821494725,41.89122655524447,58.004439634435315,51.23972809727974
582,Accountant,0,33.33333333333333,100.0,100.0,0.6292892524802277,31.04342269897461,51.41757345938489,61.1552412195665,39.271966824231114,42.84420406986458,60.380211848838655,55.013011828869054
582,Business Analyst,0,25.0,100.0,70.0,0.4761597934736392,42.75428771972656,45.73456712698003,56.89933404150774,32.16820890872504,41.452431914094156,53.721344891716456,46.260498787083584
582,Customer Support Representative,0,33.33333333333333,100.0,100.0,6.0155664141560194,45.54737091064453,54.40110726538675,65.74529322880012,43.00138408173344,46.35424384163147,62.93973212148629,55.96353132798832
582,Market Research Analyst,0,33.33333333333333,100.0,100.0,9.520280849945703,58.97655487060547,56.94119202474934,69.6531159355118,46.176490030936684,49.342578852646284,65.30958811442058,56.58201034606885
582,Operations Manager,1,50.0,80.0,100.0,6.8449412943171275,43.93318176269531,56.116718458551865,59.41033609007979,50.145898073189834,48.37260995123749,64.8117379581227,58.26675434605596
583,Accountant,0,66.66666666666666,8.333333333333332,100.0,2.061655015068013,45.430084228515625,47.123760886537546,36.600657774160325,56.8213677748386,37.792659866514754,55.075897216796875,47.42264500265907
583,Business Analyst,0,25.0,8.333333333333332,100.0,0.810917860231679,41.5757942199707,31.77467347869702,35.42257458261081,37.63500851503795,19.734909974937676,37.238865646661495,30.045063936119313
583,Customer Support Representative,0,66.66666666666666,60.0,100.0,1.520203311882125,33.540775299072266,55.59248012497648,49.62945660252793,54.49060015622061,47.75585897056057,65.1346466214049,59.48395744719488
583,Market Research Analyst,0,33.33333333333333,12.5,100.0,10.510460838518021,43.638916015625,37.289073194788116,39.41908696634069,43.48634149348515,26.222439052691904,42.01471066942402,36.168512696993375
583,Operations Manager,1,25.0,5.0,100.0,5.7727395945000275,48.0211067199707,32.819076947170615,37.02934914949325,39.773846183963265,20.963619937847774,37.5919600094066,30.136365810794125
584,Accountant,0,66.66666666666666,8.333333333333332,100.0,1.560134068626721,32.28524398803711,45.076806708499575,33.451497500255755,54.26267505229114,35.38447848058773,52.756219527300665,47.33414130622825
584,Business Analyst,0,50.0,8.333333333333332,100.0,1.1804954764134146,35.503150939941406,39.669213629119895,34.106482506338295,47.50318370306653,29.022604269552815,46.46134036195045,40.404401162504335
584,Customer Support Representative,0,66.66666666666666,60.0,100.0,1.081792945221554,24.69276237487793,54.19951663134825,47.486435843099876,52.74939578918532,46.11707838982147,63.57323257595885,59.40659091190184
584,Market Research Analyst,0,66.66666666666666,12.5,100.0,1.4178772502307848,28.983625411987305,45.393558732666044,33.93880830666571,53.61694841583256,35.75712792078358,53.15397311191933,48.28942931866818
584,Operations Manager,1,75.0,5.0,100.0,10.442126572148702,43.5264778137207,50.34529065788041,37.06967793520063,61.68161332235052,41.582694891624016,57.387025496538946,51.548610571555656
585,Accountant,0,33.33333333333333,8.333333333333332,100.0,1.1296512886311592,37.71166229248047,34.15953037050007,34.604405698205255,40.61607962979176,22.540623965294202,39.98833256141812,33.53268356073883
585,Business Analyst,0,0.0,8.333333333333332,100.0,0.10723824899366444,39.074249267578125,22.543889794152435,34.68290737561913,26.096528909357215,8.875164463708746,26.503298890356927,19.626767534136135
585,Customer Support Representative,0,0.0,60.0,100.0,5.909836937159415,45.48771286010742,34.70963246959003,53.399434568600036,28.387040586987535,23.18780290540003,39.791949328254255,32.807618283028134
585,Market Research Analyst,0,0.0,12.5,100.0,9.645763994056193,48.55315017700195,26.229837125658722,40.353595577936495,29.662296407073406,13.21157308901026,29.156438266529758,22.290428940127565
585,Operations Manager,1,25.0,5.0,100.0,5.939016405233073,46.599979400634766,32.63084937088017,36.739768262892575,39.538561713600224,20.74217573044727,37.341172835406134,30.16570877739407
586,Accountant,0,66.66666666666666,100.0,100.0,1.9717203155859377,38.03974533081055,64.3350531802928,63.07956899532227,55.41881647536601,58.0412390356386,75.34034721524107,68.97540162431909
586,Business Analyst,0,25.0,100.0,100.0,0.639955767041478,38.46623229980469,49.61592821002693,62.87065878465681,37.019910262533664,40.724621423561096,58.25874687643613,51.5835216059485
586,Customer Support Representative,0,0.0,100.0,100.0,0.5588109847404347,20.684215545654297,38.186453979559204,58.74839073778339,22.733067474449015,27.2781811524226,44.82662627276252,41.27508429142478
586,Market Research Analyst,0,33.33333333333333,100.0,100.0,0.7686422704463932,31.74397087097168,51.54355863787937,61.34906457109647,39.429448297349225,42.99242192691692,60.503837996838136,55.03760353792191
586,Operations Manager,1,50.0,100.0,100.0,7.416651848709496,43.35044479370117,60.1150644963616,65.56163768671014,50.143830620452,53.07654646630776,69.41478437535903,63.07352679683109
587,Accountant,0,66.66666666666666,100.0,100.0,1.7476513400015072,36.50060272216797,64.07057144265875,62.672674014346796,55.08821430332344,57.73008405018676,75.06873381371591,68.93586004039241
587,Business Analyst,0,50.0,100.0,100.0,1.3223828276730234,39.761512756347656,58.66258433760311,63.3270528270817,48.32823042200389,51.367746279533065,68.78144342759077,61.998067557824655
587,Customer Support Representative,0,66.66666666666666,100.0,100.0,7.259762120650653,40.78266143798828,65.53969686712917,64.93286697507051,56.92462108391146,59.4584669025049,75.82439123415479,69.90858547227168
587,Market Research Analyst,0,66.66666666666666,100.0,100.0,1.5882962407869585,32.27235412597656,63.412430888347856,61.660150084637735,54.265538610434824,56.95580104511512,74.32257229674096,68.90773855229574
587,Operations Manager,1,75.0,100.0,100.0,8.44315340857054,48.413963317871094,69.77856750896625,66.96702693687115,62.22320938620781,64.44537353996029,80.60246411491843,73.54879177798304
588,Accountant,0,33.33333333333333,60.0,100.0,1.56841696752015,41.15706253051758,45.07548859137233,51.39818757647025,41.34436073921541,35.38292775455567,52.75320711322859,45.76697554328787
588,Business Analyst,0,0.0,60.0,100.0,0.4204090972005149,44.12368392944336,33.68161395399658,51.8178676215332,27.10201744249573,21.97836935764304,39.55123834049,31.838895723035385
588,Customer Support Representative,0,33.33333333333333,100.0,100.0,4.094453283556443,38.27908706665039,53.02269771919769,63.62466315774003,41.278372148997114,44.73258555199728,61.65709379607556,55.62451136376486
588,Market Research Analyst,0,0.0,100.0,100.0,10.26159870075264,51.91468048095703,44.32644187725646,68.19452596500993,30.408052346570564,34.50169632618406,50.33788479075713,42.98734094719165
588,Operations Manager,1,0.0,20.0,100.0,4.531386680825099,41.5904426574707,25.91827440074437,39.87426830883749,27.397843000930465,12.845028706758082,29.692431057200714,23.15259764955737
589,Accountant,0,33.33333333333333,100.0,100.0,0.7726626528076521,41.1844482421875,52.96023330091594,63.52856405269119,41.200291626144924,44.659098001077574,62.16980459175858,55.03831301716213
589,Business Analyst,0,25.0,100.0,70.0,0.5846451178621481,44.492637634277344,46.011592412820924,57.325526788955266,32.51449051602616,41.77834401508344,54.028112523696,46.27964325609332
589,Customer Support Representative,0,33.33333333333333,100.0,100.0,4.532495463497334,36.32404327392578,52.79514747728013,63.274585862482255,40.99393434660017,44.46487938503545,61.31208606794769,55.7018129249309
589,Market Research Analyst,0,33.33333333333333,100.0,100.0,0.7022093931217506,36.272525787353516,52.21287694373795,62.378785041648136,40.266096179672445,43.77985522792701,61.302994746787874,55.02588008898227
589,Operations Manager,1,50.0,80.0,100.0,6.775639063738984,50.0763053894043,57.02779166797149,60.8119871814946,51.28473958496437,49.44446078584882,65.89581859813016,58.25452454065982
590,Accountant,0,100.0,100.0,100.0,3.5175151283501878,39.944969177246094,76.51937264583945,63.87595791667606,70.6492158072993,72.37573252451699,89.40205338421991,82.97367914029711
590,Business Analyst,0,50.0,100.0,100.0,1.3010335757203058,40.08915710449219,58.708528602031876,63.39773631081827,48.38566075253985,51.42179835533162,68.83926301843981,61.99430004277417
590,Customer Support Representative,0,66.66666666666666,100.0,100.0,4.614886834496319,34.223167419433594,64.15904147142281,62.808781750906896,55.19880183927852,57.83416643696801,74.66683346617455,69.44184277471503
590,Market Research Analyst,0,66.66666666666666,100.0,100.0,1.562653941211892,31.268226623535156,63.25796541804538,61.422510899557,54.07245677255673,56.77407696240633,74.14537332572188,68.90321344060601
590,Operations Manager,1,50.0,80.0,100.0,6.352604437863682,43.70265197753906,56.00828846231041,59.24352071124678,50.010360577888015,48.24504524977696,64.77105623133042,58.17987137138771
591,Accountant,0,100.0,100.0,100.0,2.6169753612462694,44.3232421875,77.04103263231194,64.67851174201837,71.30129079038994,72.98945015566112,90.17468979779413,82.81476035786699
591,Business Analyst,0,50.0,100.0,100.0,1.1136282798237935,44.33756637573242,59.31767919833344,64.33489107435913,49.1470989979168,52.1384461156864,69.58898230159984,61.961228519968905
591,Customer Support Representative,0,66.66666666666666,100.0,100.0,8.040995047617026,43.25300216674805,66.02743291548809,65.68323012639195,57.53429114436012,60.03227401822129,76.26033371570063,70.04645010644222
591,Market Research Analyst,0,66.66666666666666,100.0,100.0,1.337563959137808,35.356563568115234,63.83745246242129,62.314029429366094,54.79681557802662,57.45582642637799,74.86684455123601,68.86349167906353
591,Operations Manager,1,50.0,80.0,100.0,5.9224221185903625,46.1740837097168,56.31447587424607,59.71457826807087,50.39309484280759,48.60526573440714,65.2071912428912,58.10395684445712
592,Accountant,0,100.0,100.0,100.0,3.268767518454687,42.441959381103516,76.85660903493373,64.39478313066728,71.07076129366718,72.7724812175691,89.84269871431239,82.9297825032567
592,Business Analyst,0,50.0,100.0,100.0,1.2090285720329401,46.456844329833984,59.64988093528004,64.8459706696616,49.562351169100054,52.529271688564755,69.96297252879423,61.97806386565288
592,Customer Support Representative,0,33.33333333333333,100.0,100.0,6.121874702066208,37.580291748046875,53.221991634183624,63.93126918079532,41.52748954272953,44.9670489813925,61.53377697514552,55.982291614090116
592,Market Research Analyst,0,66.66666666666666,100.0,100.0,1.4521479678793607,35.170406341552734,63.82671647974814,62.297512532945866,54.783395599685186,57.443195858527226,74.83399327596028,68.88371238648851
592,Operations Manager,1,75.0,80.0,100.0,7.067316813697374,47.50493240356445,65.43583738258927,60.28590366552195,61.79479672823659,59.33627927363444,75.7361645418055,68.60011473182895
593,Accountant,0,33.33333333333333,60.0,100.0,1.1385491736380549,43.22966766357422,45.3218991922485,51.77728080858744,41.65237399031063,35.67282257911589,53.11896096023858,45.69111652083809
593,Business Analyst,0,25.0,60.0,70.0,0.8614978521282034,45.42854309082031,38.19350614144228,45.29770175606504,32.74188267680285,32.58059546052033,44.78150760426241,36.91673491508145
593,Customer Support Representative,0,66.66666666666666,100.0,100.0,7.384399505963385,47.22438430786133,66.52465090540704,66.4481808801134,58.1558136317588,60.617236359302396,76.96116585825004,69.93058030497393
593,Market Research Analyst,0,33.33333333333333,100.0,100.0,1.0347334912001733,37.5904655456543,52.460446522194836,62.75966131619718,40.57555815274355,44.07111355552334,61.53557235119389,55.084560812172576
593,Operations Manager,1,25.0,20.0,100.0,8.547029023781084,51.17230224609375,36.70789969048123,43.01215336997111,40.88487461310154,25.538705518213206,41.677465102251844,34.15535806302019
594,Accountant,0,100.0,100.0,100.0,2.6547451431935625,42.935855865478516,76.83859015130082,64.36706177123202,71.04823768912603,72.75128253094213,89.92985691743739,82.82142561350476
594,Business Analyst,0,50.0,100.0,100.0,1.1297008412709344,39.103858947753906,58.53503396835373,63.130821489774966,48.16879246044217,51.217687021592624,68.66538687313304,61.964064854341935
594,Customer Support Representative,0,66.66666666666666,100.0,100.0,1.7840080874664141,28.98411750793457,62.948552172643474,60.94649052201561,53.68569021580435,56.41006137958056,73.74229524649826,68.94227593700387
594,Market Research Analyst,0,66.66666666666666,100.0,100.0,1.3568684966681632,30.00253677368164,63.0372441238858,61.08293967777303,53.79655515485725,56.51440485163035,73.92201629339479,68.86689836215712
594,Operations Manager,1,75.0,80.0,100.0,8.239705977881703,52.226112365722656,66.31987275154066,61.645958079293315,62.89984093942583,60.37632088416548,76.56931394689224,68.80700693727324
595,Accountant,0,66.66666666666666,8.333333333333332,100.0,1.1630455348224156,35.579132080078125,45.51132664223508,34.119989706002684,54.80582496946052,35.8956784026295,53.337493896484375,47.26406685908631
595,Business Analyst,0,50.0,8.333333333333332,100.0,0.8800333383714988,42.37771224975586,40.65532850488577,35.62358231520888,48.73582729777388,30.182739417512675,47.674498240153,40.35137843226165
595,Customer Support Representative,0,66.66666666666666,60.0,100.0,3.638456254832837,35.909934997558594,56.26559202119204,50.66501336593648,55.331990026490054,48.547755319049465,65.55273362702013,59.85776679006854
595,Market Research Analyst,0,66.66666666666666,12.5,100.0,9.775035905157745,45.32958984375,49.09902719566949,39.639529018978706,58.24878399458687,40.11650258314058,56.038555070465684,49.76422202247882
595,Operations Manager,1,50.0,5.0,100.0,5.30440821471841,42.51722717285156,40.6732453081355,35.651146627900765,49.591556635169376,30.203818009571176,46.9148047952091,40.34783674377384
596,Accountant,0,66.66666666666666,60.0,100.0,3.704497418728525,42.02048873901367,57.192081256994655,52.09038142101743,56.49010157124332,49.63774265528783,66.6310666402181,59.86942111310895
596,Business Analyst,0,25.0,60.0,100.0,0.6406911696625945,39.715091705322266,41.80336743124773,50.85133450961189,37.254209289059666,31.533373448526742,49.067369124468634,42.171886676999286
596,Customer Support Representative,0,33.33333333333333,100.0,100.0,7.358113841512822,43.609046936035156,54.31174078329886,65.6078063332803,42.88967597912358,46.24910680388101,62.5976749494964,56.20045146222775
596,Market Research Analyst,0,33.33333333333333,100.0,100.0,0.7695255526504126,31.291059494018555,51.47575442366701,61.24475039538515,39.34469302958376,42.91265226313765,60.42391245972877,55.03775941125203
596,Operations Manager,1,25.0,20.0,100.0,5.259620326631915,45.21863555908203,35.32173838285709,40.879597512087834,39.152172978571365,23.90792750924364,40.62681803983801,33.57522711646446
597,Accountant,0,33.33333333333333,100.0,100.0,1.1067899677980952,43.86556625366211,53.4125200998857,64.22438989726005,41.765650124857125,45.19120011751259,62.64294306437174,55.09727666098398
597,Business Analyst,0,0.0,100.0,70.0,0.10506801465631345,40.3837776184082,36.57332684495968,56.266656684553354,20.716658556199597,30.674502170540798,43.00890193266027,35.90089435552758
597,Customer Support Representative,0,0.0,100.0,100.0,3.7370675932358295,39.70018005371094,41.51558714704201,63.87013407237232,26.894483933802523,31.19480840828472,48.182384715360755,41.83595310468868
597,Market Research Analyst,0,0.0,100.0,100.0,9.4505578206402,51.07282257080078,44.07850705871615,67.81308778264022,30.098133823395184,34.21000830437194,50.189321630141315,42.844216085995335
597,Operations Manager,1,25.0,80.0,100.0,6.643173838279781,46.148658752441406,47.668774888608176,59.87503829016642,39.585968610760226,38.43385281012727,54.90858683866613,47.93703067734349
598,Accountant,0,66.66666666666666,8.333333333333332,100.0,2.9744295382240096,48.10407257080078,47.66177531635372,37.42837228156982,57.493885812108815,38.42561801923967,55.54777751249426,47.583722859686596
598,Business Analyst,0,25.0,8.333333333333332,70.0,0.8900432887526053,41.29425811767578,27.24431187763092,28.452787504047574,31.972056513705322,19.699190444271675,31.895065158021215,24.764909599975947
598,Customer Support Representative,0,33.33333333333333,60.0,100.0,4.48250301633941,35.58716583251953,44.67711699399551,50.78530819589052,40.846396242494386,34.914255287053535,51.770284166523055,46.28122602249127
598,Market Research Analyst,0,33.33333333333333,12.5,100.0,1.0690190314638364,30.815441131591797,33.94933569112501,34.281029268397454,39.31166961390627,22.293336107205892,39.75174451341815,34.502375907513226
598,Operations Manager,1,50.0,5.0,100.0,7.091114427310891,47.9146614074707,41.75086637521724,37.3090251926419,50.93858296902156,31.471607500255573,47.867293189553656,40.66313784011369
599,Accountant,0,66.66666666666666,100.0,100.0,1.1772129721963094,35.31599807739258,63.807314990771665,62.26766408836667,54.75914373846459,57.420370577378435,74.85968593522614,68.83519444607386
599,Business Analyst,0,50.0,100.0,100.0,0.8907533117818438,43.479705810546875,59.155568868349306,64.08549056669123,48.944461085436636,51.94772808041095,69.43759514303768,61.92189764325562
599,Customer Support Representative,0,33.33333333333333,100.0,100.0,6.265184118562576,43.758949279785156,54.170286676418826,65.39018463038794,42.712858345523536,46.08269020755156,62.624128304275814,56.007581511118886
599,Market Research Analyst,0,66.66666666666666,100.0,100.0,9.894108808898384,48.94405746459961,67.15905827435803,67.42419221696107,58.94882284294754,61.36359796983298,77.26463759179208,70.37347018196246
599,Operations Manager,1,75.0,80.0,100.0,10.64354136344566,44.70330047607422,65.55202627592799,60.464655809119975,61.940032844909986,59.472972089327044,75.24175890754252,69.23121318178453
